"Post Title",sell_number,car_number,color,fuel,image,km,price,title,trans,year,auction_name,vin,score
"[벤츠] E클래스(6세대) E200 AMG 라인",6007,386고8576,흰색,하이브리드,https://img-auction.autobell.co.kr/OBmZCjL58I?src=https%3A%2F%2Fauction.autobell.co.kr%2FFileUpDown%2F2100%2Fcarimg%2F2609%2FB260903053%2FB260903053_02_02.jpg%3F1790135313748&type=m&w=400&h=250&quality=90&ttype=jpg,1508,6540,"[벤츠] E클래스(6세대) E200 AMG 라인",A/T,2026,"현대 경매장",W1KLF5AB2TA266116,A/9
"[벤츠] S클래스(5세대) S500L 블루이피션시",6008,69수6068,검정,휘발유,https://img-auction.autobell.co.kr/OBmZCjL58I?src=https%3A%2F%2Fauction.autobell.co.kr%2FFileUpDown%2F2100%2Fcarimg%2F2610%2FB261000104%2FB261000104_02_02.jpg%3F1790833898795&type=m&w=400&h=250&quality=90&ttype=jpg,195748,360,"[벤츠] S클래스(5세대) S500L 블루이피션시",A/T,2011,"현대 경매장",WDDNG7DB5BA395527,A/4
"[벤츠] E클래스(6세대) E200 AMG 라인",6009,386고8584,흰색,하이브리드,https://img-auction.autobell.co.kr/OBmZCjL58I?src=https%3A%2F%2Fauction.autobell.co.kr%2FFileUpDown%2F2100%2Fcarimg%2F2609%2FB260903052%2FB260903052_02_02.jpg%3F1790136115131&type=m&w=400&h=250&quality=90&ttype=jpg,1019,6540,"[벤츠] E클래스(6세대) E200 AMG 라인",A/T,2026,"현대 경매장",W1KLF5AB0TA266194,A/9
"[볼보] V60 D4 섬멈",6010,12노0255,회색,경유,https://img-auction.autobell.co.kr/OBmZCjL58I?src=https%3A%2F%2Fauction.autobell.co.kr%2FFileUpDown%2F2100%2Fcarimg%2F2609%2FB260903937%2FB260903937_02_02.jpg%3F1790820853499&type=m&w=400&h=250&quality=90&ttype=jpg,153239,485,"[볼보] V60 D4 섬멈",A/T,2017,"현대 경매장",YV1FWA8BDH1333365,A/3
"[기아] 더 뉴카니발(YP) 9인승 디젤 프레스티지",5055,68어3008,흰색,경유,https://img-auction.autobell.co.kr/OBmZCjL58I?src=https%3A%2F%2Fauction.autobell.co.kr%2FFileUpDown%2F2100%2Fcarimg%2F2609%2FB260903724%2FB260903724_02_02.jpg%3F1790820365679&type=m&w=400&h=250&quality=90&ttype=jpg,203911,640,"[기아] 더 뉴카니발(YP) 9인승 디젤 프레스티지",A/T,2019,"현대 경매장",KNAMC81ABKS556662,A/4
"[현대] 싼타페(DM) 디젤 R2.0 2WD 프리미엄",5056,47모6801,흰색,경유,https://img-auction.autobell.co.kr/OBmZCjL58I?src=https%3A%2F%2Fauction.autobell.co.kr%2FFileUpDown%2F2100%2Fcarimg%2F2609%2FB260903552%2FB260903552_02_02.jpg%3F1790829980294&type=m&w=400&h=250&quality=90&ttype=jpg,243158,450,"[현대] 싼타페(DM) 디젤 R2.0 2WD 프리미엄",A/T,2015,"현대 경매장",KMHSW81UBFU322136,A/6
"[기아] EV6 롱 레인지 2WD 에어",5057,17더6024,흰색,전기,https://img-auction.autobell.co.kr/OBmZCjL58I?src=https%3A%2F%2Fauction.autobell.co.kr%2FFileUpDown%2F2100%2Fcarimg%2F2609%2FB260903751%2FB260903751_02_02.jpg%3F1790743026866&type=m&w=400&h=250&quality=90&ttype=jpg,165501,1830,"[기아] EV6 롱 레인지 2WD 에어",A/T,2023,"현대 경매장",KNAC281AFPA106585,A/5
"[현대] 포터II 냉동탑차 슈퍼캡 트윈컴프",5058,858어3957,흰색,경유,https://img-auction.autobell.co.kr/OBmZCjL58I?src=https%3A%2F%2Fauction.autobell.co.kr%2FFileUpDown%2F2100%2Fcarimg%2F2609%2FB260903494%2FB260903494_02_02.jpg%3F1790739837697&type=m&w=400&h=250&quality=90&ttype=jpg,217341,940,"[현대] 포터II 냉동탑차 슈퍼캡 트윈컴프",A/T,2021,"현대 경매장",KMFZSZ7KBMU845332,A/2
"[기아] 니로 EV 프레스티지",5059,26마2078,회색,전기,https://img-auction.autobell.co.kr/OBmZCjL58I?src=https%3A%2F%2Fauction.autobell.co.kr%2FFileUpDown%2F2100%2Fcarimg%2F2609%2FB260902911%2FB260902911_02_02.jpg%3F1790730815593&type=m&w=400&h=250&quality=90&ttype=jpg,49596,1890,"[기아] 니로 EV 프레스티지",A/T,2022,"현대 경매장",KNACB81GFNA121215,A/7
"[기아] 더 뉴봉고Ⅲ화물 1톤 LPG 킹캡 초장축 GL",5060,887부6237,흰색,LPG,https://img-auction.autobell.co.kr/OBmZCjL58I?src=https%3A%2F%2Fauction.autobell.co.kr%2FFileUpDown%2F2100%2Fcarimg%2F2609%2FB260902966%2FB260902966_02_02.jpg%3F1790568894114&type=m&w=400&h=250&quality=90&ttype=jpg,5200,1915,"[기아] 더 뉴봉고Ⅲ화물 1톤 LPG 킹캡 초장축 GL",A/T,2026,"현대 경매장",KNCSJZ78BTK946091,A/9
"[KG모빌리티(쌍용)] 렉스턴 스포츠 2.2 4WD 어드벤처",5061,82보2336,흰색,경유,https://img-auction.autobell.co.kr/OBmZCjL58I?src=https%3A%2F%2Fauction.autobell.co.kr%2FFileUpDown%2F2100%2Fcarimg%2F2610%2FB261000012%2FB261000012_02_02.jpg%3F1790815939382&type=m&w=400&h=250&quality=90&ttype=jpg,165846,740,"[KG모빌리티(쌍용)] 렉스턴 스포츠 2.2 4WD 어드벤처",A/T,2019,"현대 경매장",KPADA4AE1KP027926,D/1
"[현대] 그랜드스타렉스 12인승 디젤 CVX 럭셔리",5062,71거3209,회색,경유,https://img-auction.autobell.co.kr/OBmZCjL58I?src=https%3A%2F%2Fauction.autobell.co.kr%2FFileUpDown%2F2100%2Fcarimg%2F2609%2FB260903725%2FB260903725_02_02.jpg%3F1790743343599&type=m&w=400&h=250&quality=90&ttype=jpg,72234,740,"[현대] 그랜드스타렉스 12인승 디젤 CVX 럭셔리",A/T,2014,"현대 경매장",KMJWA37KBEU613606,A/5
"[기아] 니로 플러스 어스",5063,26마0511,흰색,전기,https://img-auction.autobell.co.kr/OBmZCjL58I?src=https%3A%2F%2Fauction.autobell.co.kr%2FFileUpDown%2F2100%2Fcarimg%2F2609%2FB260903634%2FB260903634_02_02.jpg%3F1790743208355&type=m&w=400&h=250&quality=90&ttype=jpg,137576,1380,"[기아] 니로 플러스 어스",A/T,2023,"현대 경매장",KNAA281GFPT006765,A/7
"[현대] 그랜드스타렉스 12인승 디젤 CVX 럭셔리",5064,78거5447,회색,경유,https://img-auction.autobell.co.kr/OBmZCjL58I?src=https%3A%2F%2Fauction.autobell.co.kr%2FFileUpDown%2F2100%2Fcarimg%2F2609%2FB260903680%2FB260903680_02_02.jpg%3F1790743320151&type=m&w=400&h=250&quality=90&ttype=jpg,106384,495,"[현대] 그랜드스타렉스 12인승 디젤 CVX 럭셔리",A/T,2016,"현대 경매장",KMJWA37KBGU734216,C/1
"[기아] EV6 롱 레인지 2WD 에어",5065,26마0744,미색,전기,https://img-auction.autobell.co.kr/OBmZCjL58I?src=https%3A%2F%2Fauction.autobell.co.kr%2FFileUpDown%2F2100%2Fcarimg%2F2609%2FB260903755%2FB260903755_02_02.jpg%3F1790741220766&type=m&w=400&h=250&quality=90&ttype=jpg,156328,1930,"[기아] EV6 롱 레인지 2WD 에어",A/T,2023,"현대 경매장",KNAC281AFPA601550,A/4
"[현대] 디 올뉴코나 1.6 가솔린 터보 2WD 모던",5066,324다2132,흰색,휘발유,https://img-auction.autobell.co.kr/OBmZCjL58I?src=https%3A%2F%2Fauction.autobell.co.kr%2FFileUpDown%2F2100%2Fcarimg%2F2609%2FB260903762%2FB260903762_02_02.jpg%3F1790739702480&type=m&w=400&h=250&quality=90&ttype=jpg,102046,1495,"[현대] 디 올뉴코나 1.6 가솔린 터보 2WD 모던",A/T,2023,"현대 경매장",KMHHB813BPU002764,A/5
"[기아] EV6 롱 레인지 2WD 에어",5067,52로3431,흰색,전기,https://img-auction.autobell.co.kr/OBmZCjL58I?src=https%3A%2F%2Fauction.autobell.co.kr%2FFileUpDown%2F2100%2Fcarimg%2F2609%2FB260903639%2FB260903639_02_02.jpg%3F1790741124819&type=m&w=400&h=250&quality=90&ttype=jpg,161040,1920,"[기아] EV6 롱 레인지 2WD 에어",A/T,2023,"현대 경매장",KNAC281AFPA101132,A/5
"[현대] 더 뉴그랜드스타렉스 5인승 디젤 밴 스마트",5068,97머0782,회색,경유,https://img-auction.autobell.co.kr/OBmZCjL58I?src=https%3A%2F%2Fauction.autobell.co.kr%2FFileUpDown%2F2100%2Fcarimg%2F2609%2FB260903207%2FB260903207_02_02.jpg%3F1790816622005&type=m&w=400&h=250&quality=90&ttype=jpg,95745,1350,"[현대] 더 뉴그랜드스타렉스 5인승 디젤 밴 스마트",A/T,2021,"현대 경매장",KMFWBX7KBMU160790,A/5
"[현대] 디 올뉴코나 1.6 가솔린 터보 2WD 모던",5069,324다2109,흰색,휘발유,https://img-auction.autobell.co.kr/OBmZCjL58I?src=https%3A%2F%2Fauction.autobell.co.kr%2FFileUpDown%2F2100%2Fcarimg%2F2609%2FB260903631%2FB260903631_02_02.jpg%3F1790659949166&type=m&w=400&h=250&quality=90&ttype=jpg,99638,1470,"[현대] 디 올뉴코나 1.6 가솔린 터보 2WD 모던",A/T,2023,"현대 경매장",KMHHB813BPU007847,A/4
"[현대] 그랜드스타렉스 3인승 디젤 밴 스마트",5070,86나8810,회색,경유,https://img-auction.autobell.co.kr/OBmZCjL58I?src=https%3A%2F%2Fauction.autobell.co.kr%2FFileUpDown%2F2100%2Fcarimg%2F2609%2FB260903800%2FB260903800_02_02.jpg%3F1790829812151&type=m&w=400&h=250&quality=90&ttype=jpg,128890,270,"[현대] 그랜드스타렉스 3인승 디젤 밴 스마트",M/T,2016,"현대 경매장",KMFWBX7KAGU819277,F/1
"[기아] EV6 롱 레인지 2WD 에어",5071,26마0289,흰색,전기,https://img-auction.autobell.co.kr/OBmZCjL58I?src=https%3A%2F%2Fauction.autobell.co.kr%2FFileUpDown%2F2100%2Fcarimg%2F2609%2FB260903750%2FB260903750_02_02.jpg%3F1790740783694&type=m&w=400&h=250&quality=90&ttype=jpg,181140,1725,"[기아] EV6 롱 레인지 2WD 에어",A/T,2023,"현대 경매장",KNAC281AFPA106202,A/5
"[벤츠] E클래스(6세대) E200 익스클루시브",6001,361라2593,흰색,하이브리드,https://img-auction.autobell.co.kr/OBmZCjL58I?src=https%3A%2F%2Fauction.autobell.co.kr%2FFileUpDown%2F2100%2Fcarimg%2F2609%2FB260903059%2FB260903059_02_02.jpg%3F1790127746325&type=m&w=400&h=250&quality=90&ttype=jpg,1619,5835,"[벤츠] E클래스(6세대) E200 익스클루시브",A/T,2026,"현대 경매장",W1KLF5ABXTA269121,A/9
"[폭스바겐] 골프(6세대) 2.0 TDI 스타일",6002,37고2355,회색,경유,https://img-auction.autobell.co.kr/OBmZCjL58I?src=https%3A%2F%2Fauction.autobell.co.kr%2FFileUpDown%2F2100%2Fcarimg%2F2609%2FB260903807%2FB260903807_02_02.jpg%3F1790929123149&type=m&w=400&h=250&quality=90&ttype=jpg,155007,195,"[폭스바겐] 골프(6세대) 2.0 TDI 스타일",A/T,2013,"현대 경매장",WVWZZZ1KZDW077536,A/5
"[벤츠] E클래스(6세대) E200 익스클루시브",6003,127다1341,흰색,하이브리드,https://img-auction.autobell.co.kr/OBmZCjL58I?src=https%3A%2F%2Fauction.autobell.co.kr%2FFileUpDown%2F2100%2Fcarimg%2F2609%2FB260903058%2FB260903058_02_02.jpg%3F1790126319344&type=m&w=400&h=250&quality=90&ttype=jpg,1509,5835,"[벤츠] E클래스(6세대) E200 익스클루시브",A/T,2026,"현대 경매장",W1KLF5AB2TA269145,A/9
"[볼보] XC90(2세대) D5 AWD 인스크립션",6004,15마1611,검정,경유,https://img-auction.autobell.co.kr/OBmZCjL58I?src=https%3A%2F%2Fauction.autobell.co.kr%2FFileUpDown%2F2100%2Fcarimg%2F2609%2FB260903511%2FB260903511_02_02.jpg%3F1790906942045&type=m&w=400&h=250&quality=90&ttype=jpg,216557,1410,"[볼보] XC90(2세대) D5 AWD 인스크립션",A/T,2017,"현대 경매장",YV1LF68BCH1136070,A/7
"[벤츠] E클래스(6세대) E200 익스클루시브",6005,361라2591,흰색,하이브리드,https://img-auction.autobell.co.kr/OBmZCjL58I?src=https%3A%2F%2Fauction.autobell.co.kr%2FFileUpDown%2F2100%2Fcarimg%2F2609%2FB260903060%2FB260903060_02_02.jpg%3F1790125264282&type=m&w=400&h=250&quality=90&ttype=jpg,2091,5835,"[벤츠] E클래스(6세대) E200 익스클루시브",A/T,2026,"현대 경매장",W1KLF5ABXTA268471,A/8
"[닛산] 알티마(4세대) 3.5",6006,14너9356,흰색,휘발유,https://img-auction.autobell.co.kr/OBmZCjL58I?src=https%3A%2F%2Fauction.autobell.co.kr%2FFileUpDown%2F2100%2Fcarimg%2F2610%2FB261000090%2FB261000090_02_02.jpg%3F1790838427289&type=m&w=400&h=250&quality=90&ttype=jpg,108573,150,"[닛산] 알티마(4세대) 3.5",A/T,2011,"현대 경매장",1N4BL2AP9BC151904,A/4
"[기아] 더 뉴쏘렌토 하이브리드(MQ4) 1.6 HEV 4WD 시그니처 그래비티",5030,181부7654,회색,하이브리드,https://img-auction.autobell.co.kr/OBmZCjL58I?src=https%3A%2F%2Fauction.autobell.co.kr%2FFileUpDown%2F2100%2Fcarimg%2F2609%2FB260903517%2FB260903517_02_02.jpg%3F1790664372581&type=m&w=400&h=250&quality=90&ttype=jpg,38647,3705,"[기아] 더 뉴쏘렌토 하이브리드(MQ4) 1.6 HEV 4WD 시그니처 그래비티",A/T,2024,"현대 경매장",KNARH81GDRA319122,A/7
"[현대] 싼타페(DM) 디젤 R2.0 2WD 프리미엄",5031,54부7289,회색,경유,https://img-auction.autobell.co.kr/OBmZCjL58I?src=https%3A%2F%2Fauction.autobell.co.kr%2FFileUpDown%2F2100%2Fcarimg%2F2609%2FB260902803%2FB260902803_02_02.jpg%3F1790060448420&type=m&w=400&h=250&quality=90&ttype=jpg,231052,295,"[현대] 싼타페(DM) 디젤 R2.0 2WD 프리미엄",A/T,2013,"현대 경매장",KMHSW81UBDU055060,A/5
"[르노(삼성)] QM6 2.0 dCi 4WD RE",5032,42누9539,회색,경유,https://img-auction.autobell.co.kr/OBmZCjL58I?src=https%3A%2F%2Fauction.autobell.co.kr%2FFileUpDown%2F2100%2Fcarimg%2F2609%2FB260903721%2FB260903721_02_02.jpg%3F1790743385192&type=m&w=400&h=250&quality=90&ttype=jpg,150980,550,"[르노(삼성)] QM6 2.0 dCi 4WD RE",A/T,2017,"현대 경매장",KNME5C2M5HP009076,A/6
"[기아] 더 뉴니로 1.6 GDI HEV 프레스티지",5033,379보4723,흰색,하이브리드,https://img-auction.autobell.co.kr/OBmZCjL58I?src=https%3A%2F%2Fauction.autobell.co.kr%2FFileUpDown%2F2100%2Fcarimg%2F2609%2FB260903198%2FB260903198_02_02.jpg%3F1790578787562&type=m&w=400&h=250&quality=90&ttype=jpg,214489,840,"[기아] 더 뉴니로 1.6 GDI HEV 프레스티지",A/T,2020,"현대 경매장",KNACB81CGLA318806,A/4
"[기아] 더 뉴스포티지R 디젤 R2.0 2WD 노블레스",5034,13누2116,흰색,경유,https://img-auction.autobell.co.kr/OBmZCjL58I?src=https%3A%2F%2Fauction.autobell.co.kr%2FFileUpDown%2F2100%2Fcarimg%2F2609%2FB260903837%2FB260903837_02_02.jpg%3F1790743424674&type=m&w=400&h=250&quality=90&ttype=jpg,190894,435,"[기아] 더 뉴스포티지R 디젤 R2.0 2WD 노블레스",A/T,2014,"현대 경매장",KNAPE813BEK546699,A/7
"[르노(삼성)] QM3 RE",5035,146주7529,미색,경유,https://img-auction.autobell.co.kr/OBmZCjL58I?src=https%3A%2F%2Fauction.autobell.co.kr%2FFileUpDown%2F2100%2Fcarimg%2F2609%2FB260903822%2FB260903822_02_02.jpg%3F1790743455319&type=m&w=400&h=250&quality=90&ttype=jpg,170400,225,"[르노(삼성)] QM3 RE",A/T,2016,"현대 경매장",VF12RGJ1DGW104558,A/8
"[현대] 더 뉴싼타페 하이브리드 1.6 HEV AWD 프레스티지",5036,135모8781,회색,하이브리드,https://img-auction.autobell.co.kr/OBmZCjL58I?src=https%3A%2F%2Fauction.autobell.co.kr%2FFileUpDown%2F2100%2Fcarimg%2F2609%2FB260902910%2FB260902910_02_02.jpg%3F1790145993836&type=m&w=400&h=250&quality=90&ttype=jpg,71156,2390,"[현대] 더 뉴싼타페 하이브리드 1.6 HEV AWD 프레스티지",A/T,2023,"현대 경매장",KMHS3811DPU099372,A/8
"[기아] 더 뉴니로 1.6 GDI HEV 프레스티지",5037,68너4697,흰색,하이브리드,https://img-auction.autobell.co.kr/OBmZCjL58I?src=https%3A%2F%2Fauction.autobell.co.kr%2FFileUpDown%2F2100%2Fcarimg%2F2609%2FB260903064%2FB260903064_02_02.jpg%3F1790147902934&type=m&w=400&h=250&quality=90&ttype=jpg,224285,795,"[기아] 더 뉴니로 1.6 GDI HEV 프레스티지",A/T,2020,"현대 경매장",KNACB81CGLA295538,A/3
"[현대] 팰리세이드 3.8 가솔린 AWD 캘리그래피",5038,122서6970,흰색,휘발유,https://img-auction.autobell.co.kr/OBmZCjL58I?src=https%3A%2F%2Fauction.autobell.co.kr%2FFileUpDown%2F2100%2Fcarimg%2F2609%2FB260901341%2FB260901341_02_02.jpg%3F1789102508722&type=m&w=400&h=250&quality=90&ttype=jpg,40251,2370,"[현대] 팰리세이드 3.8 가솔린 AWD 캘리그래피",A/T,2022,"현대 경매장",KMHR581EDNU327744,A/7
"[KG모빌리티(쌍용)] G4 렉스턴 2.2 4WD 유라시아 에디션",5039,06도7682,파랑,경유,https://img-auction.autobell.co.kr/OBmZCjL58I?src=https%3A%2F%2Fauction.autobell.co.kr%2FFileUpDown%2F2100%2Fcarimg%2F2610%2FB261000010%2FB261000010_02_02.jpg%3F1790815829111&type=m&w=400&h=250&quality=90&ttype=jpg,116802,910,"[KG모빌리티(쌍용)] G4 렉스턴 2.2 4WD 유라시아 에디션",A/T,2018,"현대 경매장",KPBGA2AE1JP021916,A/5
"[현대] 더 뉴싼타페 디젤 2.2 2WD 프레스티지",5040,394나8590,흰색,경유,https://img-auction.autobell.co.kr/OBmZCjL58I?src=https%3A%2F%2Fauction.autobell.co.kr%2FFileUpDown%2F2100%2Fcarimg%2F2609%2FB260902725%2FB260902725_02_02.jpg%3F1790138289588&type=m&w=400&h=250&quality=90&ttype=jpg,126460,1475,"[현대] 더 뉴싼타페 디젤 2.2 2WD 프레스티지",A/T,2021,"현대 경매장",KMHS381HGMU310281,A/6
"[기아] 더 뉴스포티지R 디젤 R2.0 2WD 프레스티지",5041,20구5876,흰색,경유,https://img-auction.autobell.co.kr/OBmZCjL58I?src=https%3A%2F%2Fauction.autobell.co.kr%2FFileUpDown%2F2100%2Fcarimg%2F2609%2FB260903727%2FB260903727_02_02.jpg%3F1790743366748&type=m&w=400&h=250&quality=90&ttype=jpg,159677,470,"[기아] 더 뉴스포티지R 디젤 R2.0 2WD 프레스티지",A/T,2014,"현대 경매장",KNAPE813BEK636133,A/2
"[현대] 싼타페 더 프라임 디젤 R2.0 4WD 익스클루시브 스페셜",5042,10가0877,흰색,경유,https://img-auction.autobell.co.kr/OBmZCjL58I?src=https%3A%2F%2Fauction.autobell.co.kr%2FFileUpDown%2F2100%2Fcarimg%2F2609%2FB260903726%2FB260903726_02_02.jpg%3F1790743353339&type=m&w=400&h=250&quality=90&ttype=jpg,196230,855,"[현대] 싼타페 더 프라임 디젤 R2.0 4WD 익스클루시브 스페셜",A/T,2016,"현대 경매장",KMHSW81UDGU673526,A/6
"[KG모빌리티(쌍용)] 올 뉴렉스턴 2.2 4WD 프레스티지",5043,151모6460,흰색,경유,https://img-auction.autobell.co.kr/OBmZCjL58I?src=https%3A%2F%2Fauction.autobell.co.kr%2FFileUpDown%2F2100%2Fcarimg%2F2609%2FB260903956%2FB260903956_02_02.jpg%3F1790829426511&type=m&w=400&h=250&quality=90&ttype=jpg,78235,1815,"[KG모빌리티(쌍용)] 올 뉴렉스턴 2.2 4WD 프레스티지",A/T,2021,"현대 경매장",KPBGA2AE1MP068233,A/8
"[현대] 싼타페(DM) 디젤 R2.0 2WD 익스클루시브 스페셜",5044,07누6750,파랑,경유,https://img-auction.autobell.co.kr/OBmZCjL58I?src=https%3A%2F%2Fauction.autobell.co.kr%2FFileUpDown%2F2100%2Fcarimg%2F2609%2FB260903182%2FB260903182_02_02.jpg%3F1790129538598&type=m&w=400&h=250&quality=90&ttype=jpg,208024,460,"[현대] 싼타페(DM) 디젤 R2.0 2WD 익스클루시브 스페셜",A/T,2015,"현대 경매장",KMHSW81UBFU521133,A/3
"[기아] 신형 카니발(KA4) 9인승 디젤 노블레스",5045,135모8713,검정,경유,https://img-auction.autobell.co.kr/OBmZCjL58I?src=https%3A%2F%2Fauction.autobell.co.kr%2FFileUpDown%2F2100%2Fcarimg%2F2609%2FB260903202%2FB260903202_02_02.jpg%3F1790656573486&type=m&w=400&h=250&quality=90&ttype=jpg,75179,2300,"[기아] 신형 카니발(KA4) 9인승 디젤 노블레스",A/T,2023,"현대 경매장",KNANC81BBPS242311,A/7
"[기아] 스포티지 R 디젤 R2.0 2WD TLX 최고급형",5046,49조6706,흰색,경유,https://img-auction.autobell.co.kr/OBmZCjL58I?src=https%3A%2F%2Fauction.autobell.co.kr%2FFileUpDown%2F2100%2Fcarimg%2F2609%2FB260903826%2FB260903826_02_02.jpg%3F1790743429021&type=m&w=400&h=250&quality=90&ttype=jpg,276663,225,"[기아] 스포티지 R 디젤 R2.0 2WD TLX 최고급형",A/T,2012,"현대 경매장",KNAPC813BCK371405,A/3
"[기아] 더 뉴카니발(YP) 9인승 디젤 럭셔리",5047,152조8475,회색,경유,https://img-auction.autobell.co.kr/OBmZCjL58I?src=https%3A%2F%2Fauction.autobell.co.kr%2FFileUpDown%2F2100%2Fcarimg%2F2609%2FB260903859%2FB260903859_02_02.jpg%3F1790752285194&type=m&w=400&h=250&quality=90&ttype=jpg,146318,615,"[기아] 더 뉴카니발(YP) 9인승 디젤 럭셔리",A/T,2019,"현대 경매장",KNAMB81ABKS461046,A/3
"[기아] 신형쏘렌토(MQ4) 2.2 디젤 2WD 트렌디",5048,135모8758,흰색,경유,https://img-auction.autobell.co.kr/OBmZCjL58I?src=https%3A%2F%2Fauction.autobell.co.kr%2FFileUpDown%2F2100%2Fcarimg%2F2609%2FB260903179%2FB260903179_02_02.jpg%3F1790670453213&type=m&w=400&h=250&quality=90&ttype=jpg,183317,1390,"[기아] 신형쏘렌토(MQ4) 2.2 디젤 2WD 트렌디",A/T,2023,"현대 경매장",KNARF81BGPA205026,A/7
"[KG모빌리티(쌍용)] 뉴 코란도C 2.0 AWD CVS 고급형",5049,27어2870,검정,경유,https://img-auction.autobell.co.kr/OBmZCjL58I?src=https%3A%2F%2Fauction.autobell.co.kr%2FFileUpDown%2F2100%2Fcarimg%2F2609%2FB260903732%2FB260903732_02_02.jpg%3F1790818419528&type=m&w=400&h=250&quality=90&ttype=jpg,156463,140,"[KG모빌리티(쌍용)] 뉴 코란도C 2.0 AWD CVS 고급형",M/T,2015,"현대 경매장",KPBBA3MK1FP211242,A/5
"[기아] 신형 카니발(KA4) 9인승 가솔린 시그니처",5050,135모8755,흰색,휘발유,https://img-auction.autobell.co.kr/OBmZCjL58I?src=https%3A%2F%2Fauction.autobell.co.kr%2FFileUpDown%2F2100%2Fcarimg%2F2609%2FB260903201%2FB260903201_02_02.jpg%3F1790821046324&type=m&w=400&h=250&quality=90&ttype=jpg,109435,2000,"[기아] 신형 카니발(KA4) 9인승 가솔린 시그니처",A/T,2023,"현대 경매장",KNANE813BPS217012,B/5
"[기아] 쏘렌토 R 디젤 2.0 2WD TLX 프리미엄",5051,37두8091,회색,경유,https://img-auction.autobell.co.kr/OBmZCjL58I?src=https%3A%2F%2Fauction.autobell.co.kr%2FFileUpDown%2F2100%2Fcarimg%2F2609%2FB260903832%2FB260903832_02_02.jpg%3F1790836673771&type=m&w=400&h=250&quality=90&ttype=jpg,179414,230,"[기아] 쏘렌토 R 디젤 2.0 2WD TLX 프리미엄",A/T,2010,"현대 경매장",KNAKU815BAA048813,A/5
"[현대] 더 뉴맥스크루즈 가솔린 3.3 2WD 익스클루시브",5052,24서3025,회색,휘발유,https://img-auction.autobell.co.kr/OBmZCjL58I?src=https%3A%2F%2Fauction.autobell.co.kr%2FFileUpDown%2F2100%2Fcarimg%2F2610%2FB261000028%2FB261000028_02_02.jpg%3F1790820430345&type=m&w=400&h=250&quality=90&ttype=jpg,200056,710,"[현대] 더 뉴맥스크루즈 가솔린 3.3 2WD 익스클루시브",A/T,2018,"현대 경매장",KMHSN81FBJU263580,A/7
"[기아] 신형 카니발(KA4) 9인승 디젤 시그니처",5053,145로9297,흰색,경유,https://img-auction.autobell.co.kr/OBmZCjL58I?src=https%3A%2F%2Fauction.autobell.co.kr%2FFileUpDown%2F2100%2Fcarimg%2F2609%2FB260903496%2FB260903496_02_02.jpg%3F1790820880503&type=m&w=400&h=250&quality=90&ttype=jpg,20045,2520,"[기아] 신형 카니발(KA4) 9인승 디젤 시그니처",A/T,2021,"현대 경매장",KNANE81BBMS033418,A/7
"[기아] 스포티지 더 볼드 R2.0 디젤 2WD 노블레스",5054,20너8672,회색,경유,https://img-auction.autobell.co.kr/OBmZCjL58I?src=https%3A%2F%2Fauction.autobell.co.kr%2FFileUpDown%2F2100%2Fcarimg%2F2609%2FB260903378%2FB260903378_02_02.jpg%3F1790818455738&type=m&w=400&h=250&quality=90&ttype=jpg,29938,1220,"[기아] 스포티지 더 볼드 R2.0 디젤 2WD 노블레스",A/T,2019,"현대 경매장",KNAPR813BKK686418,A/1
"[기아] 셀토스 1.6 가솔린 2WD 그래비티",5005,280어2210,흰색,휘발유,https://img-auction.autobell.co.kr/OBmZCjL58I?src=https%3A%2F%2Fauction.autobell.co.kr%2FFileUpDown%2F2100%2Fcarimg%2F2610%2FB261000110%2FB261000110_02_02.jpg%3F1790904217124&type=m&w=400&h=250&quality=90&ttype=jpg,101126,1335,"[기아] 셀토스 1.6 가솔린 2WD 그래비티",A/T,2022,"현대 경매장",KNAET812GNK225840,D/1
"[기아] 더 뉴스포티지R 디젤 R2.0 2WD 프레스티지",5006,22오6131,흰색,경유,https://img-auction.autobell.co.kr/OBmZCjL58I?src=https%3A%2F%2Fauction.autobell.co.kr%2FFileUpDown%2F2100%2Fcarimg%2F2610%2FB261000099%2FB261000099_02_02.jpg%3F1790917663493&type=m&w=400&h=250&quality=90&ttype=jpg,192009,410,"[기아] 더 뉴스포티지R 디젤 R2.0 2WD 프레스티지",A/T,2015,"현대 경매장",KNAPE813BFK762711,A/4
"[현대] 올 뉴투싼 디젤 1.7 2WD 모던",5007,20오0729,흰색,경유,https://img-auction.autobell.co.kr/OBmZCjL58I?src=https%3A%2F%2Fauction.autobell.co.kr%2FFileUpDown%2F2100%2Fcarimg%2F2610%2FB261000106%2FB261000106_02_02.jpg%3F1790912564099&type=m&w=400&h=250&quality=90&ttype=jpg,127795,660,"[현대] 올 뉴투싼 디젤 1.7 2WD 모던",A/T,2017,"현대 경매장",KMHJ3815GHU228590,A/7
"[기아] 더 뉴모하비 디젤 4WD 프레지던트",5008,02모1210,흰색,경유,https://img-auction.autobell.co.kr/OBmZCjL58I?src=https%3A%2F%2Fauction.autobell.co.kr%2FFileUpDown%2F2100%2Fcarimg%2F2610%2FB261000112%2FB261000112_02_02.jpg%3F1790917615603&type=m&w=400&h=250&quality=90&ttype=jpg,192201,630,"[기아] 더 뉴모하비 디젤 4WD 프레지던트",A/T,2017,"현대 경매장",KNAKN814DHA166890,B/2
"[르노(삼성)] QM6 2.0 dCi 2WD RE 시그니처",5009,67어7979,흰색,경유,https://img-auction.autobell.co.kr/OBmZCjL58I?src=https%3A%2F%2Fauction.autobell.co.kr%2FFileUpDown%2F2100%2Fcarimg%2F2610%2FB261000083%2FB261000083_02_02.jpg%3F1790914604062&type=m&w=400&h=250&quality=90&ttype=jpg,179584,505,"[르노(삼성)] QM6 2.0 dCi 2WD RE 시그니처",A/T,2017,"현대 경매장",KNME5C2M5HP006470,A/3
"[기아] 올 뉴쏘렌토 R2.0 4WD 노블레스 스페셜",5010,69노4973,흰색,경유,https://img-auction.autobell.co.kr/OBmZCjL58I?src=https%3A%2F%2Fauction.autobell.co.kr%2FFileUpDown%2F2100%2Fcarimg%2F2610%2FB261000129%2FB261000129_02_02.jpg%3F1790912574582&type=m&w=400&h=250&quality=90&ttype=jpg,217882,635,"[기아] 올 뉴쏘렌토 R2.0 4WD 노블레스 스페셜",A/T,2016,"현대 경매장",KNAPK81ADGA153473,A/7
"[기아] 신형 스포티지 1.7 2WD 노블레스",5011,29루8462,파랑,경유,https://img-auction.autobell.co.kr/OBmZCjL58I?src=https%3A%2F%2Fauction.autobell.co.kr%2FFileUpDown%2F2100%2Fcarimg%2F2610%2FB261000128%2FB261000128_02_02.jpg%3F1790912585434&type=m&w=400&h=250&quality=90&ttype=jpg,202341,555,"[기아] 신형 스포티지 1.7 2WD 노블레스",A/T,2017,"현대 경매장",KNAP6815GHK206402,A/6
"[현대] 코나 1.6 가솔린 2WD 모던 테크",5012,03로2496,빨강,휘발유,https://img-auction.autobell.co.kr/OBmZCjL58I?src=https%3A%2F%2Fauction.autobell.co.kr%2FFileUpDown%2F2100%2Fcarimg%2F2610%2FB261000131%2FB261000131_02_02.jpg%3F1790912610409&type=m&w=400&h=250&quality=90&ttype=jpg,88252,915,"[현대] 코나 1.6 가솔린 2WD 모던 테크",A/T,2018,"현대 경매장",KMHK4815GJU027778,A/6
"[제네시스] GV70 2.5T 2WD 기본형",5013,312부8644,흰색,휘발유,https://img-auction.autobell.co.kr/OBmZCjL58I?src=https%3A%2F%2Fauction.autobell.co.kr%2FFileUpDown%2F2100%2Fcarimg%2F2609%2FB260903534%2FB260903534_02_02.jpg%3F1790919382867&type=m&w=400&h=250&quality=90&ttype=jpg,98733,2960,"[제네시스] GV70 2.5T 2WD 기본형",A/T,2023,"현대 경매장",KMTMA81BBPU091598,A/6
"[기아] 신형 스포티지 R2.0 2WD 노블레스",5014,28누8942,흰색,경유,https://img-auction.autobell.co.kr/OBmZCjL58I?src=https%3A%2F%2Fauction.autobell.co.kr%2FFileUpDown%2F2100%2Fcarimg%2F2610%2FB261000125%2FB261000125_02_02.jpg%3F1790901462078&type=m&w=400&h=250&quality=90&ttype=jpg,137721,775,"[기아] 신형 스포티지 R2.0 2WD 노블레스",A/T,2017,"현대 경매장",KNAPN813BHK205905,A/7
"[KG모빌리티(쌍용)] 렉스턴 스포츠 2.2 4WD 프레스티지",5015,81구0353,회색,경유,https://img-auction.autobell.co.kr/OBmZCjL58I?src=https%3A%2F%2Fauction.autobell.co.kr%2FFileUpDown%2F2100%2Fcarimg%2F2609%2FB260902972%2FB260902972_02_02.jpg%3F1790741700810&type=m&w=400&h=250&quality=90&ttype=jpg,25850,1470,"[KG모빌리티(쌍용)] 렉스턴 스포츠 2.2 4WD 프레스티지",A/T,2019,"현대 경매장",KPADA4AE1KP023172,A/8
"[기아] 더 뉴스포티지R 디젤 R2.0 2WD 프레스티지",5016,12모9978,흰색,경유,https://img-auction.autobell.co.kr/OBmZCjL58I?src=https%3A%2F%2Fauction.autobell.co.kr%2FFileUpDown%2F2100%2Fcarimg%2F2610%2FB261000071%2FB261000071_02_02.jpg%3F1790837008883&type=m&w=400&h=250&quality=90&ttype=jpg,183243,485,"[기아] 더 뉴스포티지R 디젤 R2.0 2WD 프레스티지",A/T,2014,"현대 경매장",KNAPE813BEK525485,A/6
"[KG모빌리티(쌍용)] 렉스턴 스포츠 2.2 4WD 어드벤처",5017,87머0382,흰색,경유,https://img-auction.autobell.co.kr/OBmZCjL58I?src=https%3A%2F%2Fauction.autobell.co.kr%2FFileUpDown%2F2100%2Fcarimg%2F2610%2FB261000111%2FB261000111_02_02.jpg%3F1790912679953&type=m&w=400&h=250&quality=90&ttype=jpg,78485,1000,"[KG모빌리티(쌍용)] 렉스턴 스포츠 2.2 4WD 어드벤처",A/T,2019,"현대 경매장",KPADA4AE1KP041066,A/5
"[현대] 그랜드스타렉스 12인승 디젤 CVX 럭셔리",5018,77버8749,회색,경유,https://img-auction.autobell.co.kr/OBmZCjL58I?src=https%3A%2F%2Fauction.autobell.co.kr%2FFileUpDown%2F2100%2Fcarimg%2F2610%2FB261000101%2FB261000101_02_02.jpg%3F1790912595191&type=m&w=400&h=250&quality=90&ttype=jpg,152894,250,"[현대] 그랜드스타렉스 12인승 디젤 CVX 럭셔리",A/T,2009,"현대 경매장",KMJWAH7JP9U117249,A/1
"[KG모빌리티(쌍용)] 코란도 투리스모 2.0 샤토 4WD 11인승",5019,72너9808,검정,경유,https://img-auction.autobell.co.kr/OBmZCjL58I?src=https%3A%2F%2Fauction.autobell.co.kr%2FFileUpDown%2F2100%2Fcarimg%2F2610%2FB261000098%2FB261000098_02_02.jpg%3F1790912542340&type=m&w=400&h=250&quality=90&ttype=jpg,201023,255,"[KG모빌리티(쌍용)] 코란도 투리스모 2.0 샤토 4WD 11인승",A/T,2014,"현대 경매장",KPDKFDNN1EP078630,A/1
"[기아] 올 뉴쏘렌토 R2.0 2WD 노블레스 스페셜",5020,09고0232,흰색,경유,https://img-auction.autobell.co.kr/OBmZCjL58I?src=https%3A%2F%2Fauction.autobell.co.kr%2FFileUpDown%2F2100%2Fcarimg%2F2610%2FB261000095%2FB261000095_02_02.jpg%3F1790926150037&type=m&w=400&h=250&quality=90&ttype=jpg,167092,915,"[기아] 올 뉴쏘렌토 R2.0 2WD 노블레스 스페셜",A/T,2017,"현대 경매장",KNAPK81ABHA273977,A/5
"[KG모빌리티(쌍용)] 더 뉴렉스턴 스포츠 칸 2.2 4WD 익스페디션",5021,806구5648,검정,경유,https://img-auction.autobell.co.kr/OBmZCjL58I?src=https%3A%2F%2Fauction.autobell.co.kr%2FFileUpDown%2F2100%2Fcarimg%2F2608%2FB260801752%2FB260801752_02_02.jpg%3F1787292519244&type=m&w=400&h=250&quality=90&ttype=jpg,135224,1930,"[KG모빌리티(쌍용)] 더 뉴렉스턴 스포츠 칸 2.2 4WD 익스페디션",A/T,2022,"현대 경매장",KPADM4AE1NP182331,A/7
"[현대] 팰리세이드 3.8 가솔린 익스클루시브",5022,321소3532,빨강,휘발유,https://img-auction.autobell.co.kr/OBmZCjL58I?src=https%3A%2F%2Fauction.autobell.co.kr%2FFileUpDown%2F2100%2Fcarimg%2F2608%2FB260802113%2FB260802113_02_02.jpg%3F1787719903952&type=m&w=400&h=250&quality=90&ttype=jpg,94613,1600,"[현대] 팰리세이드 3.8 가솔린 익스클루시브",A/T,2022,"현대 경매장",KMHR281EBNU404423,A/6
"[현대] 투싼 ix 디젤 R20 2WD LX20 프리미어",5023,25구7055,미색,경유,https://img-auction.autobell.co.kr/OBmZCjL58I?src=https%3A%2F%2Fauction.autobell.co.kr%2FFileUpDown%2F2100%2Fcarimg%2F2610%2FB261000020%2FB261000020_02_02.jpg%3F1790827426260&type=m&w=400&h=250&quality=90&ttype=jpg,150163,185,"[현대] 투싼 ix 디젤 R20 2WD LX20 프리미어",A/T,2011,"현대 경매장",KMHJU81VBBU191791,A/4
"[현대] 싼타페 더 프라임 디젤 R2.0 2WD 프리미엄",5024,43주4791,흰색,경유,https://img-auction.autobell.co.kr/OBmZCjL58I?src=https%3A%2F%2Fauction.autobell.co.kr%2FFileUpDown%2F2100%2Fcarimg%2F2609%2FB260903838%2FB260903838_02_02.jpg%3F1790743435323&type=m&w=400&h=250&quality=90&ttype=jpg,206151,600,"[현대] 싼타페 더 프라임 디젤 R2.0 2WD 프리미엄",A/T,2016,"현대 경매장",KMHSW81UBGU546249,A/5
"[기아] 신형 카니발(KA4) 9인승 디젤 시그니처",5025,135모8752,검정,경유,https://img-auction.autobell.co.kr/OBmZCjL58I?src=https%3A%2F%2Fauction.autobell.co.kr%2FFileUpDown%2F2100%2Fcarimg%2F2609%2FB260903203%2FB260903203_02_02.jpg%3F1790647422039&type=m&w=400&h=250&quality=90&ttype=jpg,81695,2330,"[기아] 신형 카니발(KA4) 9인승 디젤 시그니처",A/T,2022,"현대 경매장",KNANE81BBNS139240,A/7
"[기아] 스토닉 U2 1.6 디젤 디럭스",5026,335우2078,파랑,경유,https://img-auction.autobell.co.kr/OBmZCjL58I?src=https%3A%2F%2Fauction.autobell.co.kr%2FFileUpDown%2F2100%2Fcarimg%2F2610%2FB261000027%2FB261000027_02_02.jpg%3F1790815893476&type=m&w=400&h=250&quality=90&ttype=jpg,155206,405,"[기아] 스토닉 U2 1.6 디젤 디럭스",A/T,2018,"현대 경매장",KNADB815GJS198506,A/6
"[기아] 신형 카니발(KA4) 9인승 디젤 프레스티지",5027,135모8751,흰색,경유,https://img-auction.autobell.co.kr/OBmZCjL58I?src=https%3A%2F%2Fauction.autobell.co.kr%2FFileUpDown%2F2100%2Fcarimg%2F2609%2FB260900026%2FB260900026_02_02.jpg%3F1788831842673&type=m&w=400&h=250&quality=90&ttype=jpg,188901,1430,"[기아] 신형 카니발(KA4) 9인승 디젤 프레스티지",A/T,2022,"현대 경매장",KNANB81BBNS150464,A/5
"[기아] 뉴쏘렌토 R R2.0 2WD TLX 스페셜",5028,03너0738,검정,경유,https://img-auction.autobell.co.kr/OBmZCjL58I?src=https%3A%2F%2Fauction.autobell.co.kr%2FFileUpDown%2F2100%2Fcarimg%2F2609%2FB260903421%2FB260903421_02_02.jpg%3F1790813782795&type=m&w=400&h=250&quality=90&ttype=jpg,306324,380,"[기아] 뉴쏘렌토 R R2.0 2WD TLX 스페셜",A/T,2013,"현대 경매장",KNAKU815BDA380408,A/5
"[기아] 올 뉴카니발 9인승 디젤 프레스티지",5029,59어6529,흰색,경유,https://img-auction.autobell.co.kr/OBmZCjL58I?src=https%3A%2F%2Fauction.autobell.co.kr%2FFileUpDown%2F2100%2Fcarimg%2F2609%2FB260903712%2FB260903712_02_02.jpg%3F1790898790623&type=m&w=400&h=250&quality=90&ttype=jpg,177923,485,"[기아] 올 뉴카니발 9인승 디젤 프레스티지",A/T,2015,"현대 경매장",KNAMC81ABFS052291,A/7
"[현대] 더 럭셔리 그랜저 Q270 프리미어",4068,30라7936,검정,휘발유,https://img-auction.autobell.co.kr/OBmZCjL58I?src=https%3A%2F%2Fauction.autobell.co.kr%2FFileUpDown%2F2100%2Fcarimg%2F2609%2FB260903548%2FB260903548_02_02.jpg%3F1790655638955&type=m&w=400&h=250&quality=90&ttype=jpg,138072,350,"[현대] 더 럭셔리 그랜저 Q270 프리미어",A/T,2010,"현대 경매장",KMHFC41BBAA510833,A/4
"[기아] 더 뉴모닝 가솔린 럭셔리",4069,54소6971,미색,휘발유,https://img-auction.autobell.co.kr/OBmZCjL58I?src=https%3A%2F%2Fauction.autobell.co.kr%2FFileUpDown%2F2100%2Fcarimg%2F2609%2FB260903791%2FB260903791_02_02.jpg%3F1790743269406&type=m&w=400&h=250&quality=90&ttype=jpg,104170,435,"[기아] 더 뉴모닝 가솔린 럭셔리",A/T,2016,"현대 경매장",KNABX511BGT028614,A/4
"[기아] K5 LPI 렌터카 프레스티지",4070,42저6079,흰색,LPG,https://img-auction.autobell.co.kr/OBmZCjL58I?src=https%3A%2F%2Fauction.autobell.co.kr%2FFileUpDown%2F2100%2Fcarimg%2F2609%2FB260903834%2FB260903834_02_02.jpg%3F1790743440948&type=m&w=400&h=250&quality=90&ttype=jpg,245267,210,"[기아] K5 LPI 렌터카 프레스티지",A/T,2012,"현대 경매장",KNAGN418BCA202315,A/3
"[기아] 더 뉴모닝 가솔린 럭셔리",4071,12거0461,미색,휘발유,https://img-auction.autobell.co.kr/OBmZCjL58I?src=https%3A%2F%2Fauction.autobell.co.kr%2FFileUpDown%2F2100%2Fcarimg%2F2609%2FB260903829%2FB260903829_02_02.jpg%3F1790838723003&type=m&w=400&h=250&quality=90&ttype=jpg,159149,335,"[기아] 더 뉴모닝 가솔린 럭셔리",A/T,2016,"현대 경매장",KNABX511BGT369724,A/6
"[기아] 더 뉴모닝 밴 고급형",4072,11노1099,흰색,휘발유,https://img-auction.autobell.co.kr/OBmZCjL58I?src=https%3A%2F%2Fauction.autobell.co.kr%2FFileUpDown%2F2100%2Fcarimg%2F2609%2FB260903824%2FB260903824_02_02.jpg%3F1790831875310&type=m&w=400&h=250&quality=90&ttype=jpg,125608,175,"[기아] 더 뉴모닝 밴 고급형",A/T,2016,"현대 경매장",KNABE911BGT056290,A/3
"[기아] 레이 가솔린 럭셔리",4073,30고8220,파랑,휘발유,https://img-auction.autobell.co.kr/OBmZCjL58I?src=https%3A%2F%2Fauction.autobell.co.kr%2FFileUpDown%2F2100%2Fcarimg%2F2609%2FB260903799%2FB260903799_02_02.jpg%3F1790743193966&type=m&w=400&h=250&quality=90&ttype=jpg,174737,210,"[기아] 레이 가솔린 럭셔리",A/T,2012,"현대 경매장",KNACJ811BCT025652,A/4
"[기아] 올 뉴모닝 가솔린 럭셔리 스포츠",4074,16모3545,미색,휘발유,https://img-auction.autobell.co.kr/OBmZCjL58I?src=https%3A%2F%2Fauction.autobell.co.kr%2FFileUpDown%2F2100%2Fcarimg%2F2610%2FB261000011%2FB261000011_02_02.jpg%3F1790816020529&type=m&w=400&h=250&quality=90&ttype=jpg,120284,285,"[기아] 올 뉴모닝 가솔린 럭셔리 스포츠",A/T,2014,"현대 경매장",KNABZ511BET668076,B/2
"[쉐보레(대우)] 스파크 가솔린 LT",4075,58우5987,자주,휘발유,https://img-auction.autobell.co.kr/OBmZCjL58I?src=https%3A%2F%2Fauction.autobell.co.kr%2FFileUpDown%2F2100%2Fcarimg%2F2609%2FB260903820%2FB260903820_02_02.jpg%3F1790830386797&type=m&w=400&h=250&quality=90&ttype=jpg,139183,140,"[쉐보레(대우)] 스파크 가솔린 LT",A/T,2012,"현대 경매장",KLYMA481DCC626919,A/5
"[현대] LF쏘나타 2.0 CVVL 스마트",4076,46너4990,검정,휘발유,https://img-auction.autobell.co.kr/OBmZCjL58I?src=https%3A%2F%2Fauction.autobell.co.kr%2FFileUpDown%2F2100%2Fcarimg%2F2610%2FB261000029%2FB261000029_02_02.jpg%3F1790815855492&type=m&w=400&h=250&quality=90&ttype=jpg,187167,400,"[현대] LF쏘나타 2.0 CVVL 스마트",A/T,2016,"현대 경매장",KMHE341CBGA156815,A/5
"[현대] LF쏘나타 2.0 CVVL 스타일 스페셜",4077,164너9430,-,휘발유,https://img-auction.autobell.co.kr/OBmZCjL58I?src=https%3A%2F%2Fauction.autobell.co.kr%2FFileUpDown%2F2100%2Fcarimg%2F2609%2FB260903802%2FB260903802_02_02.jpg%3F1790839207751&type=m&w=400&h=250&quality=90&ttype=jpg,147883,425,"[현대] LF쏘나타 2.0 CVVL 스타일 스페셜",A/T,2017,"현대 경매장",KMHE241CBHA289500,A/4
"[현대] 그랜저HG HG 240 럭셔리",4078,37수7294,검정,휘발유,https://img-auction.autobell.co.kr/OBmZCjL58I?src=https%3A%2F%2Fauction.autobell.co.kr%2FFileUpDown%2F2100%2Fcarimg%2F2609%2FB260903811%2FB260903811_02_02.jpg%3F1790743233842&type=m&w=400&h=250&quality=90&ttype=jpg,134396,220,"[현대] 그랜저HG HG 240 럭셔리",A/T,2011,"현대 경매장",KMHFF41CBBA077425,A/4
"[현대] 그랜저IG 하이브리드 2.4 HEV 익스클루시브",4079,378소9709,회색,하이브리드,https://img-auction.autobell.co.kr/OBmZCjL58I?src=https%3A%2F%2Fauction.autobell.co.kr%2FFileUpDown%2F2100%2Fcarimg%2F2610%2FB261000013%2FB261000013_02_02.jpg%3F1790815849122&type=m&w=400&h=250&quality=90&ttype=jpg,329253,435,"[현대] 그랜저IG 하이브리드 2.4 HEV 익스클루시브",A/T,2018,"현대 경매장",KMHF2413BJA020635,A/6
"[현대] 아반떼AD 1.6 GDi 밸류 플러스",4080,05버9451,회색,휘발유,https://img-auction.autobell.co.kr/OBmZCjL58I?src=https%3A%2F%2Fauction.autobell.co.kr%2FFileUpDown%2F2100%2Fcarimg%2F2609%2FB260903821%2FB260903821_02_02.jpg%3F1790743374175&type=m&w=400&h=250&quality=90&ttype=jpg,158617,455,"[현대] 아반떼AD 1.6 GDi 밸류 플러스",A/T,2018,"현대 경매장",KMHD641DBJU445125,A/1
"[현대] 아반떼AD 1.6 GDi 스마트",4081,239머8069,회색,휘발유,https://img-auction.autobell.co.kr/OBmZCjL58I?src=https%3A%2F%2Fauction.autobell.co.kr%2FFileUpDown%2F2100%2Fcarimg%2F2609%2FB260903795%2FB260903795_02_02.jpg%3F1790743180167&type=m&w=400&h=250&quality=90&ttype=jpg,116563,565,"[현대] 아반떼AD 1.6 GDi 스마트",A/T,2017,"현대 경매장",KMHD741DBHU310104,A/6
"[현대] 엑센트 신형 1.6 GDI 탑",4082,40소6063,흰색,휘발유,https://img-auction.autobell.co.kr/OBmZCjL58I?src=https%3A%2F%2Fauction.autobell.co.kr%2FFileUpDown%2F2100%2Fcarimg%2F2609%2FB260903797%2FB260903797_02_02.jpg%3F1790743229386&type=m&w=400&h=250&quality=90&ttype=jpg,127021,235,"[현대] 엑센트 신형 1.6 GDI 탑",A/T,2012,"현대 경매장",KMHCU41EBCU236997,A/6
"[현대] 제네시스DH G330 AWD 프리미엄",4083,27어4177,검정,휘발유,https://img-auction.autobell.co.kr/OBmZCjL58I?src=https%3A%2F%2Fauction.autobell.co.kr%2FFileUpDown%2F2100%2Fcarimg%2F2610%2FB261000019%2FB261000019_02_02.jpg%3F1790816100059&type=m&w=400&h=250&quality=90&ttype=jpg,241879,385,"[현대] 제네시스DH G330 AWD 프리미엄",A/T,2016,"현대 경매장",KMHGM41DDGU117395,A/6
"[기아] K8 2.5 GDI 노블레스",4084,279머7274,검정,휘발유,https://img-auction.autobell.co.kr/OBmZCjL58I?src=https%3A%2F%2Fauction.autobell.co.kr%2FFileUpDown%2F2100%2Fcarimg%2F2609%2FB260903938%2FB260903938_02_02.jpg%3F1790816039715&type=m&w=400&h=250&quality=90&ttype=jpg,175904,1425,"[기아] K8 2.5 GDI 노블레스",A/T,2022,"현대 경매장",KNAM241BBNA026921,A/4
"[기아] 뉴모닝 LX 고급형 블랙프리미엄",4085,26다3869,회색,휘발유,https://img-auction.autobell.co.kr/OBmZCjL58I?src=https%3A%2F%2Fauction.autobell.co.kr%2FFileUpDown%2F2100%2Fcarimg%2F2609%2FB260903934%2FB260903934_02_02.jpg%3F1790830056572&type=m&w=400&h=250&quality=90&ttype=jpg,70706,130,"[기아] 뉴모닝 LX 고급형 블랙프리미엄",A/T,2011,"현대 경매장",KNABK514BBT130964,B/1
"[쉐보레(대우)] 더 넥스트 스파크 LT 플러스",4086,26수0583,미색,휘발유,https://img-auction.autobell.co.kr/OBmZCjL58I?src=https%3A%2F%2Fauction.autobell.co.kr%2FFileUpDown%2F2100%2Fcarimg%2F2610%2FB261000116%2FB261000116_02_02.jpg%3F1790925541791&type=m&w=400&h=250&quality=90&ttype=jpg,120963,180,"[쉐보레(대우)] 더 넥스트 스파크 LT 플러스",A/T,2017,"현대 경매장",KLYDC487DHC209644,C/1
"[현대] 아이오닉 6 롱레인지 2WD 익스클루시브 플러스",4087,26마0682,흰색,전기,https://img-auction.autobell.co.kr/OBmZCjL58I?src=https%3A%2F%2Fauction.autobell.co.kr%2FFileUpDown%2F2100%2Fcarimg%2F2609%2FB260903636%2FB260903636_02_02.jpg%3F1790744185439&type=m&w=400&h=250&quality=90&ttype=jpg,146704,2205,"[현대] 아이오닉 6 롱레인지 2WD 익스클루시브 플러스",A/T,2023,"현대 경매장",KMHM341AFPA007103,A/8
"[현대] 아이오닉 6 롱레인지 2WD 익스클루시브 플러스",4088,26마0494,흰색,전기,https://img-auction.autobell.co.kr/OBmZCjL58I?src=https%3A%2F%2Fauction.autobell.co.kr%2FFileUpDown%2F2100%2Fcarimg%2F2609%2FB260903637%2FB260903637_02_02.jpg%3F1790744615906&type=m&w=400&h=250&quality=90&ttype=jpg,168374,1995,"[현대] 아이오닉 6 롱레인지 2WD 익스클루시브 플러스",A/T,2023,"현대 경매장",KMHM341AFPA007062,A/5
"[기아] 스포티지 R 디젤 R2.0 2WD TLX 최고급형",5001,38모8198,회색,경유,https://img-auction.autobell.co.kr/OBmZCjL58I?src=https%3A%2F%2Fauction.autobell.co.kr%2FFileUpDown%2F2100%2Fcarimg%2F2610%2FB261000102%2FB261000102_02_02.jpg%3F1790912554146&type=m&w=400&h=250&quality=90&ttype=jpg,135541,310,"[기아] 스포티지 R 디젤 R2.0 2WD TLX 최고급형",A/T,2012,"현대 경매장",KNAPC813BCK224965,A/5
"[현대] 더 뉴맥스크루즈 가솔린 3.3 4WD 프레스티지",5002,06무0732,검정,휘발유,https://img-auction.autobell.co.kr/OBmZCjL58I?src=https%3A%2F%2Fauction.autobell.co.kr%2FFileUpDown%2F2100%2Fcarimg%2F2610%2FB261000109%2FB261000109_02_02.jpg%3F1790912709141&type=m&w=400&h=250&quality=90&ttype=jpg,108623,880,"[현대] 더 뉴맥스크루즈 가솔린 3.3 4WD 프레스티지",A/T,2016,"현대 경매장",KMHSR81FDGU153088,A/3
"[KG모빌리티(쌍용)] 베리 뉴 티볼리 1.5 가솔린 2WD V1",5003,363러5249,흰색,휘발유,https://img-auction.autobell.co.kr/OBmZCjL58I?src=https%3A%2F%2Fauction.autobell.co.kr%2FFileUpDown%2F2100%2Fcarimg%2F2609%2FB260903907%2FB260903907_02_02.jpg%3F1790912497775&type=m&w=400&h=250&quality=90&ttype=jpg,39421,775,"[KG모빌리티(쌍용)] 베리 뉴 티볼리 1.5 가솔린 2WD V1",A/T,2021,"현대 경매장",KPBXH3AT1MP361207,A/4
"[기아] 올 뉴쏘렌토 R2.0 2WD 노블레스",5004,42조9255,흰색,경유,https://img-auction.autobell.co.kr/OBmZCjL58I?src=https%3A%2F%2Fauction.autobell.co.kr%2FFileUpDown%2F2100%2Fcarimg%2F2610%2FB261000130%2FB261000130_02_02.jpg%3F1790905205878&type=m&w=400&h=250&quality=90&ttype=jpg,209854,690,"[기아] 올 뉴쏘렌토 R2.0 2WD 노블레스",A/T,2016,"현대 경매장",KNAPH81ABGA124494,A/5
"[기아] 올 뉴모닝(JA) 가솔린 럭셔리",4039,51라7679,미색,휘발유,https://img-auction.autobell.co.kr/OBmZCjL58I?src=https%3A%2F%2Fauction.autobell.co.kr%2FFileUpDown%2F2100%2Fcarimg%2F2609%2FB260903714%2FB260903714_02_02.jpg%3F1790743308181&type=m&w=400&h=250&quality=90&ttype=jpg,55780,635,"[기아] 올 뉴모닝(JA) 가솔린 럭셔리",A/T,2018,"현대 경매장",KNAB3511BJT439036,A/5
"[기아] 올 뉴모닝 가솔린 디럭스 트렌디",4040,27수7473,파랑,휘발유,https://img-auction.autobell.co.kr/OBmZCjL58I?src=https%3A%2F%2Fauction.autobell.co.kr%2FFileUpDown%2F2100%2Fcarimg%2F2609%2FB260903940%2FB260903940_02_02.jpg%3F1790828401294&type=m&w=400&h=250&quality=90&ttype=jpg,132819,220,"[기아] 올 뉴모닝 가솔린 디럭스 트렌디",A/T,2014,"현대 경매장",KNABX511BET678345,A/7
"[현대] 더 뉴그랜저IG 가솔린 3.3 익스클루시브",4041,122두8163,검정,휘발유,https://img-auction.autobell.co.kr/OBmZCjL58I?src=https%3A%2F%2Fauction.autobell.co.kr%2FFileUpDown%2F2100%2Fcarimg%2F2609%2FB260902728%2FB260902728_02_02.jpg%3F1790060211800&type=m&w=400&h=250&quality=90&ttype=jpg,46271,1820,"[현대] 더 뉴그랜저IG 가솔린 3.3 익스클루시브",A/T,2022,"현대 경매장",KMHF241GBNA475755,A/7
"[제네시스] 신형 G90 3.5 터보 AWD 기본형",4042,135모8730,검정,휘발유,https://img-auction.autobell.co.kr/OBmZCjL58I?src=https%3A%2F%2Fauction.autobell.co.kr%2FFileUpDown%2F2100%2Fcarimg%2F2609%2FB260903205%2FB260903205_02_02.jpg%3F1790819591734&type=m&w=400&h=250&quality=90&ttype=jpg,61639,5120,"[제네시스] 신형 G90 3.5 터보 AWD 기본형",A/T,2022,"현대 경매장",KMTFA41DDNU015333,A/6
"[기아] 올 뉴모닝(JA) 가솔린 트렌디",4043,11거6415,미색,휘발유,https://img-auction.autobell.co.kr/OBmZCjL58I?src=https%3A%2F%2Fauction.autobell.co.kr%2FFileUpDown%2F2100%2Fcarimg%2F2609%2FB260902271%2FB260902271_02_02.jpg%3F1790139676988&type=m&w=400&h=250&quality=90&ttype=jpg,67604,510,"[기아] 올 뉴모닝(JA) 가솔린 트렌디",A/T,2018,"현대 경매장",KNAB6511BJT291100,A/5
"[기아] 올 뉴K7 3.3 GDi 노블레스 스페셜",4044,03주9343,검정,휘발유,https://img-auction.autobell.co.kr/OBmZCjL58I?src=https%3A%2F%2Fauction.autobell.co.kr%2FFileUpDown%2F2100%2Fcarimg%2F2609%2FB260903530%2FB260903530_02_02.jpg%3F1790666807809&type=m&w=400&h=250&quality=90&ttype=jpg,155974,590,"[기아] 올 뉴K7 3.3 GDi 노블레스 스페셜",A/T,2016,"현대 경매장",KNALC411BGA024063,A/6
"[기아] 모닝 어반 1.0 가솔린 스탠다드",4045,122서6974,검정,휘발유,https://img-auction.autobell.co.kr/OBmZCjL58I?src=https%3A%2F%2Fauction.autobell.co.kr%2FFileUpDown%2F2100%2Fcarimg%2F2609%2FB260902464%2FB260902464_02_02.jpg%3F1790051829515&type=m&w=400&h=250&quality=90&ttype=jpg,207130,545,"[기아] 모닝 어반 1.0 가솔린 스탠다드",A/T,2022,"현대 경매장",KNAB1518BNT860925,F/1
"[현대] 더 뉴그랜저IG LPi 3.0 영업용 VIP 패키지",4046,109무2873,회색,LPG,https://img-auction.autobell.co.kr/OBmZCjL58I?src=https%3A%2F%2Fauction.autobell.co.kr%2FFileUpDown%2F2100%2Fcarimg%2F2609%2FB260903575%2FB260903575_02_02.jpg%3F1790821088113&type=m&w=400&h=250&quality=90&ttype=jpg,523874,795,"[현대] 더 뉴그랜저IG LPi 3.0 영업용 VIP 패키지",A/T,2020,"현대 경매장",KMHF341NBLA356854,A/4
"[현대] 아이오닉 6 롱레인지 2WD 익스클루시브 플러스",4047,26마1059,흰색,전기,https://img-auction.autobell.co.kr/OBmZCjL58I?src=https%3A%2F%2Fauction.autobell.co.kr%2FFileUpDown%2F2100%2Fcarimg%2F2609%2FB260903638%2FB260903638_02_02.jpg%3F1790741486132&type=m&w=400&h=250&quality=90&ttype=jpg,114782,2470,"[현대] 아이오닉 6 롱레인지 2WD 익스클루시브 플러스",A/T,2023,"현대 경매장",KMHM341AFPA007456,A/7
"[기아] K7 프리미어 3.0 GDi 시그니처",4048,353조6766,검정,휘발유,https://img-auction.autobell.co.kr/OBmZCjL58I?src=https%3A%2F%2Fauction.autobell.co.kr%2FFileUpDown%2F2100%2Fcarimg%2F2609%2FB260903895%2FB260903895_02_02.jpg%3F1790818021385&type=m&w=400&h=250&quality=90&ttype=jpg,105748,1325,"[기아] K7 프리미어 3.0 GDi 시그니처",A/T,2020,"현대 경매장",KNALD416BLA191973,C/1
"[현대] LF쏘나타 2.0 CVVL 스마트",4049,65소1497,회색,휘발유,https://img-auction.autobell.co.kr/OBmZCjL58I?src=https%3A%2F%2Fauction.autobell.co.kr%2FFileUpDown%2F2100%2Fcarimg%2F2609%2FB260903495%2FB260903495_02_02.jpg%3F1790754318957&type=m&w=400&h=250&quality=90&ttype=jpg,220007,335,"[현대] LF쏘나타 2.0 CVVL 스마트",A/T,2015,"현대 경매장",KMHE341CBFA043905,A/4
"[현대] 그랜저IG 하이브리드 2.4 HEV 익스클루시브",4050,327머9929,회색,하이브리드,https://img-auction.autobell.co.kr/OBmZCjL58I?src=https%3A%2F%2Fauction.autobell.co.kr%2FFileUpDown%2F2100%2Fcarimg%2F2609%2FB260903197%2FB260903197_02_02.jpg%3F1790816471503&type=m&w=400&h=250&quality=90&ttype=jpg,273009,690,"[현대] 그랜저IG 하이브리드 2.4 HEV 익스클루시브",A/T,2019,"현대 경매장",KMHF2413BKA061496,A/6
"[현대] 더 뉴그랜저IG 가솔린 3.3 캘리그래피",4051,135모8729,검정,휘발유,https://img-auction.autobell.co.kr/OBmZCjL58I?src=https%3A%2F%2Fauction.autobell.co.kr%2FFileUpDown%2F2100%2Fcarimg%2F2609%2FB260902325%2FB260902325_02_02.jpg%3F1789720967508&type=m&w=400&h=250&quality=90&ttype=jpg,55127,1970,"[현대] 더 뉴그랜저IG 가솔린 3.3 캘리그래피",A/T,2022,"현대 경매장",KMHF341GBNA464206,A/5
"[기아] 신형 K5(DL3) 2.0 LPI 렌터카 스탠다드",4052,349버6647,흰색,LPG,https://img-auction.autobell.co.kr/OBmZCjL58I?src=https%3A%2F%2Fauction.autobell.co.kr%2FFileUpDown%2F2100%2Fcarimg%2F2609%2FB260903066%2FB260903066_02_02.jpg%3F1790139044750&type=m&w=400&h=250&quality=90&ttype=jpg,93915,1320,"[기아] 신형 K5(DL3) 2.0 LPI 렌터카 스탠다드",A/T,2021,"현대 경매장",KNAG541BBMA088206,A/2
"[기아] 더 뉴K3 1.6 GDI 트렌디 스타일",4053,68버9165,회색,휘발유,https://img-auction.autobell.co.kr/OBmZCjL58I?src=https%3A%2F%2Fauction.autobell.co.kr%2FFileUpDown%2F2100%2Fcarimg%2F2609%2FB260902355%2FB260902355_02_02.jpg%3F1789963330876&type=m&w=400&h=250&quality=90&ttype=jpg,142066,425,"[기아] 더 뉴K3 1.6 GDI 트렌디 스타일",A/T,2018,"현대 경매장",KNAFK412BJA992237,A/1
"[기아] 더 뉴K3 1.6 GDI 트렌디",4054,11루0608,흰색,휘발유,https://img-auction.autobell.co.kr/OBmZCjL58I?src=https%3A%2F%2Fauction.autobell.co.kr%2FFileUpDown%2F2100%2Fcarimg%2F2609%2FB260903884%2FB260903884_02_02.jpg%3F1790819036129&type=m&w=400&h=250&quality=90&ttype=jpg,70675,590,"[기아] 더 뉴K3 1.6 GDI 트렌디",A/T,2016,"현대 경매장",KNAFK412BGA630955,A/4
"[기아] 올 뉴모닝 바이퓨얼 디럭스 스페셜",4055,67주7952,미색,겸용,https://img-auction.autobell.co.kr/OBmZCjL58I?src=https%3A%2F%2Fauction.autobell.co.kr%2FFileUpDown%2F2100%2Fcarimg%2F2610%2FB261000123%2FB261000123_02_02.jpg%3F1790926310346&type=m&w=400&h=250&quality=90&ttype=jpg,133542,190,"[기아] 올 뉴모닝 바이퓨얼 디럭스 스페셜",A/T,2013,"현대 경매장",KNABX515BDT602328,A/2
"[기아] 신형 K5 2.0 가솔린 프레스티지 MX",4056,07로9033,흰색,휘발유,https://img-auction.autobell.co.kr/OBmZCjL58I?src=https%3A%2F%2Fauction.autobell.co.kr%2FFileUpDown%2F2100%2Fcarimg%2F2609%2FB260903708%2FB260903708_02_02.jpg%3F1790743466981&type=m&w=400&h=250&quality=90&ttype=jpg,147350,705,"[기아] 신형 K5 2.0 가솔린 프레스티지 MX",A/T,2018,"현대 경매장",KNAGT411BJA234599,A/4
"[기아] 뉴모닝 LX 기본형 블랙프리미엄",4057,33보2554,파랑,휘발유,https://img-auction.autobell.co.kr/OBmZCjL58I?src=https%3A%2F%2Fauction.autobell.co.kr%2FFileUpDown%2F2100%2Fcarimg%2F2609%2FB260903738%2FB260903738_02_02.jpg%3F1790837784288&type=m&w=400&h=250&quality=90&ttype=jpg,115502,105,"[기아] 뉴모닝 LX 기본형 블랙프리미엄",A/T,2010,"현대 경매장",KNABK514BAT842395,B/1
"[기아] 더 뉴레이 1.0 가솔린 스탠다드",4058,135모8715,흰색,휘발유,https://img-auction.autobell.co.kr/OBmZCjL58I?src=https%3A%2F%2Fauction.autobell.co.kr%2FFileUpDown%2F2100%2Fcarimg%2F2609%2FB260902912%2FB260902912_02_02.jpg%3F1790556876344&type=m&w=400&h=250&quality=90&ttype=jpg,33448,860,"[기아] 더 뉴레이 1.0 가솔린 스탠다드",A/T,2022,"현대 경매장",KNACG811BNT284235,A/7
"[기아] 더 뉴기아 레이 1.0 가솔린 프레스티지",4059,324다2172,흰색,휘발유,https://img-auction.autobell.co.kr/OBmZCjL58I?src=https%3A%2F%2Fauction.autobell.co.kr%2FFileUpDown%2F2100%2Fcarimg%2F2609%2FB260903766%2FB260903766_02_02.jpg%3F1790744931617&type=m&w=400&h=250&quality=90&ttype=jpg,118994,995,"[기아] 더 뉴기아 레이 1.0 가솔린 프레스티지",A/T,2023,"현대 경매장",KNACG811BPT344804,A/4
"[기아] K5 2.0 CVVT 럭셔리",4060,66루4951,검정,휘발유,https://img-auction.autobell.co.kr/OBmZCjL58I?src=https%3A%2F%2Fauction.autobell.co.kr%2FFileUpDown%2F2100%2Fcarimg%2F2609%2FB260903549%2FB260903549_02_02.jpg%3F1790655660434&type=m&w=400&h=250&quality=90&ttype=jpg,165294,255,"[기아] K5 2.0 CVVT 럭셔리",A/T,2011,"현대 경매장",KNAGN411BBA040971,A/5
"[현대] YF쏘나타 Y20 프라임 블랙",4061,23너5266,회색,휘발유,https://img-auction.autobell.co.kr/OBmZCjL58I?src=https%3A%2F%2Fauction.autobell.co.kr%2FFileUpDown%2F2100%2Fcarimg%2F2609%2FB260903542%2FB260903542_02_02.jpg%3F1790655544285&type=m&w=400&h=250&quality=90&ttype=jpg,105759,280,"[현대] YF쏘나타 Y20 프라임 블랙",A/T,2011,"현대 경매장",KMHEC41BBBA293748,A/3
"[기아] K5 2.0 CVVT 럭셔리",4062,32도1694,회색,휘발유,https://img-auction.autobell.co.kr/OBmZCjL58I?src=https%3A%2F%2Fauction.autobell.co.kr%2FFileUpDown%2F2100%2Fcarimg%2F2609%2FB260903546%2FB260903546_02_02.jpg%3F1790655576227&type=m&w=400&h=250&quality=90&ttype=jpg,178457,300,"[기아] K5 2.0 CVVT 럭셔리",A/T,2012,"현대 경매장",KNAGN411BCA193212,A/3
"[기아] 더 뉴모닝 가솔린 럭셔리",4063,19서0811,미색,휘발유,https://img-auction.autobell.co.kr/OBmZCjL58I?src=https%3A%2F%2Fauction.autobell.co.kr%2FFileUpDown%2F2100%2Fcarimg%2F2609%2FB260903835%2FB260903835_02_02.jpg%3F1790733850534&type=m&w=400&h=250&quality=90&ttype=jpg,123704,325,"[기아] 더 뉴모닝 가솔린 럭셔리",A/T,2016,"현대 경매장",KNABX511BGT236327,A/2
"[기아] K5 LPI 렌터카 프레스티지",4064,55서7324,회색,LPG,https://img-auction.autobell.co.kr/OBmZCjL58I?src=https%3A%2F%2Fauction.autobell.co.kr%2FFileUpDown%2F2100%2Fcarimg%2F2609%2FB260903237%2FB260903237_02_02.jpg%3F1790139990976&type=m&w=400&h=250&quality=90&ttype=jpg,160994,280,"[기아] K5 LPI 렌터카 프레스티지",A/T,2011,"현대 경매장",KNAGN415BBA041356,A/3
"[기아] 더 뉴모닝 가솔린 럭셔리",4065,35부9718,미색,휘발유,https://img-auction.autobell.co.kr/OBmZCjL58I?src=https%3A%2F%2Fauction.autobell.co.kr%2FFileUpDown%2F2100%2Fcarimg%2F2609%2FB260903796%2FB260903796_02_02.jpg%3F1790743210548&type=m&w=400&h=250&quality=90&ttype=jpg,105361,420,"[기아] 더 뉴모닝 가솔린 럭셔리",A/T,2016,"현대 경매장",KNABX511BGT051574,A/3
"[기아] K5 수출형 2.4",4066,35러2972,회색,휘발유,https://img-auction.autobell.co.kr/OBmZCjL58I?src=https%3A%2F%2Fauction.autobell.co.kr%2FFileUpDown%2F2100%2Fcarimg%2F2609%2FB260903550%2FB260903550_02_02.jpg%3F1790655677760&type=m&w=400&h=250&quality=90&ttype=jpg,162037,340,"[기아] K5 수출형 2.4",A/T,2011,"현대 경매장",KNAGN4A79B5173893,A/8
"[기아] K3 1.6 GDI 럭셔리",4067,18가6430,회색,휘발유,https://img-auction.autobell.co.kr/OBmZCjL58I?src=https%3A%2F%2Fauction.autobell.co.kr%2FFileUpDown%2F2100%2Fcarimg%2F2609%2FB260903815%2FB260903815_02_02.jpg%3F1790743257387&type=m&w=400&h=250&quality=90&ttype=jpg,130326,280,"[기아] K3 1.6 GDI 럭셔리",A/T,2015,"현대 경매장",KNAFK412BFA892158,A/1
"[기아] 올 뉴모닝 가솔린 디럭스 트렌디",4006,13누7731,미색,휘발유,https://img-auction.autobell.co.kr/OBmZCjL58I?src=https%3A%2F%2Fauction.autobell.co.kr%2FFileUpDown%2F2100%2Fcarimg%2F2610%2FB261000119%2FB261000119_02_02.jpg%3F1790901176446&type=m&w=400&h=250&quality=90&ttype=jpg,107025,260,"[기아] 올 뉴모닝 가솔린 디럭스 트렌디",A/T,2015,"현대 경매장",KNABX511BFT806499,A/5
"[현대] 그랜저IG 3.0 GDi 익스클루시브 스페셜",4007,11라4342,흰색,휘발유,https://img-auction.autobell.co.kr/OBmZCjL58I?src=https%3A%2F%2Fauction.autobell.co.kr%2FFileUpDown%2F2100%2Fcarimg%2F2609%2FB260903918%2FB260903918_02_02.jpg%3F1790754505919&type=m&w=400&h=250&quality=90&ttype=jpg,87117,1230,"[현대] 그랜저IG 3.0 GDi 익스클루시브 스페셜",A/T,2017,"현대 경매장",KMHF341EBHA029244,A/6
"[기아] 올 뉴모닝 가솔린 럭셔리",4008,37고6059,미색,휘발유,https://img-auction.autobell.co.kr/OBmZCjL58I?src=https%3A%2F%2Fauction.autobell.co.kr%2FFileUpDown%2F2100%2Fcarimg%2F2610%2FB261000117%2FB261000117_02_02.jpg%3F1790912700567&type=m&w=400&h=250&quality=90&ttype=jpg,126514,300,"[기아] 올 뉴모닝 가솔린 럭셔리",A/T,2014,"현대 경매장",KNABZ511BET661796,A/4
"[현대] NF쏘나타 트랜스폼 N20 프리미어 블랙 최고급형 세이프티팩l",4009,20나3084,회색,휘발유,https://img-auction.autobell.co.kr/OBmZCjL58I?src=https%3A%2F%2Fauction.autobell.co.kr%2FFileUpDown%2F2100%2Fcarimg%2F2610%2FB261000066%2FB261000066_02_02.jpg%3F1790819938978&type=m&w=400&h=250&quality=90&ttype=jpg,89968,360,"[현대] NF쏘나타 트랜스폼 N20 프리미어 블랙 최고급형 세이프티팩l",A/T,2009,"현대 경매장",KMHEU41AP9A690424,A/4
"[기아] 올 뉴모닝 가솔린 럭셔리",4010,162라7099,미색,휘발유,https://img-auction.autobell.co.kr/OBmZCjL58I?src=https%3A%2F%2Fauction.autobell.co.kr%2FFileUpDown%2F2100%2Fcarimg%2F2610%2FB261000100%2FB261000100_02_02.jpg%3F1790912733236&type=m&w=400&h=250&quality=90&ttype=jpg,98053,305,"[기아] 올 뉴모닝 가솔린 럭셔리",A/T,2012,"현대 경매장",KNABZ511BCT044870,A/6
"[현대] 아반떼AD 1.6 터보 스포츠",4011,01주8358,파랑,휘발유,https://img-auction.autobell.co.kr/OBmZCjL58I?src=https%3A%2F%2Fauction.autobell.co.kr%2FFileUpDown%2F2100%2Fcarimg%2F2610%2FB261000127%2FB261000127_02_02.jpg%3F1790912619863&type=m&w=400&h=250&quality=90&ttype=jpg,147788,730,"[현대] 아반떼AD 1.6 터보 스포츠",A/T,2018,"현대 경매장",KMHDR41BGJU564286,A/6
"[현대] 그랜저HG HG 240 모던",4012,40더0272,회색,휘발유,https://img-auction.autobell.co.kr/OBmZCjL58I?src=https%3A%2F%2Fauction.autobell.co.kr%2FFileUpDown%2F2100%2Fcarimg%2F2610%2FB261000096%2FB261000096_02_02.jpg%3F1790904034964&type=m&w=400&h=250&quality=90&ttype=jpg,112105,400,"[현대] 그랜저HG HG 240 모던",A/T,2016,"현대 경매장",KMHFF41CBGA534063,A/5
"[기아] 올 뉴K3 1.6 가솔린 럭셔리",4013,386주9833,흰색,휘발유,https://img-auction.autobell.co.kr/OBmZCjL58I?src=https%3A%2F%2Fauction.autobell.co.kr%2FFileUpDown%2F2100%2Fcarimg%2F2610%2FB261000094%2FB261000094_02_02.jpg%3F1790912515458&type=m&w=400&h=250&quality=90&ttype=jpg,50428,1030,"[기아] 올 뉴K3 1.6 가솔린 럭셔리",A/T,2020,"현대 경매장",KNAF241BELA888608,A/1
"[현대] 아반떼MD M16 GDi 모던",4014,20너5457,흰색,휘발유,https://img-auction.autobell.co.kr/OBmZCjL58I?src=https%3A%2F%2Fauction.autobell.co.kr%2FFileUpDown%2F2100%2Fcarimg%2F2610%2FB261000133%2FB261000133_02_02.jpg%3F1790903105610&type=m&w=400&h=250&quality=90&ttype=jpg,166351,295,"[현대] 아반떼MD M16 GDi 모던",A/T,2013,"현대 경매장",KMHDH41DBDU705669,A/5
"[기아] 포르테 1.6 CVVT W에디션",4015,61구6837,회색,휘발유,https://img-auction.autobell.co.kr/OBmZCjL58I?src=https%3A%2F%2Fauction.autobell.co.kr%2FFileUpDown%2F2100%2Fcarimg%2F2610%2FB261000238%2FB261000238_02_02.jpg%3F1790902730688&type=m&w=400&h=250&quality=90&ttype=jpg,161151,280,"[기아] 포르테 1.6 CVVT W에디션",A/T,2010,"현대 경매장",KNAFU411BAA235538,B/1
"[현대] 아반떼MD M16 GDi 스마트",4016,38우3577,흰색,휘발유,https://img-auction.autobell.co.kr/OBmZCjL58I?src=https%3A%2F%2Fauction.autobell.co.kr%2FFileUpDown%2F2100%2Fcarimg%2F2610%2FB261000121%2FB261000121_02_02.jpg%3F1790912720534&type=m&w=400&h=250&quality=90&ttype=jpg,115605,215,"[현대] 아반떼MD M16 GDi 스마트",A/T,2013,"현대 경매장",KMHDG41DBDU754698,F/1
"[쉐보레(대우)] 알페온 이어시스트 EL240H 프리미엄",4017,25거4413,검정,하이브리드,https://img-auction.autobell.co.kr/OBmZCjL58I?src=https%3A%2F%2Fauction.autobell.co.kr%2FFileUpDown%2F2100%2Fcarimg%2F2610%2FB261000097%2FB261000097_02_02.jpg%3F1790902166302&type=m&w=400&h=250&quality=90&ttype=jpg,152620,145,"[쉐보레(대우)] 알페온 이어시스트 EL240H 프리미엄",A/T,2012,"현대 경매장",KLAPA69RDCB028155,A/1
"[기아] K5 하이브리드 500h 프레스티지",4018,19주9425,흰색,하이브리드,https://img-auction.autobell.co.kr/OBmZCjL58I?src=https%3A%2F%2Fauction.autobell.co.kr%2FFileUpDown%2F2100%2Fcarimg%2F2610%2FB261000108%2FB261000108_02_02.jpg%3F1790912639639&type=m&w=400&h=250&quality=90&ttype=jpg,141742,495,"[기아] K5 하이브리드 500h 프레스티지",A/T,2015,"현대 경매장",KNAGN41CBFA072979,A/2
"[기아] 레이 가솔린 프레스티지",4019,17우0804,흰색,휘발유,https://img-auction.autobell.co.kr/OBmZCjL58I?src=https%3A%2F%2Fauction.autobell.co.kr%2FFileUpDown%2F2100%2Fcarimg%2F2609%2FB260903576%2FB260903576_02_02.jpg%3F1790819456044&type=m&w=400&h=250&quality=90&ttype=jpg,150421,255,"[기아] 레이 가솔린 프레스티지",A/T,2016,"현대 경매장",KNACK811BGT136334,B/1
"[쉐보레(대우)] 더 넥스트 스파크 LT 플러스",4020,28두0253,흰색,휘발유,https://img-auction.autobell.co.kr/OBmZCjL58I?src=https%3A%2F%2Fauction.autobell.co.kr%2FFileUpDown%2F2100%2Fcarimg%2F2610%2FB261000124%2FB261000124_02_02.jpg%3F1790918772996&type=m&w=400&h=250&quality=90&ttype=jpg,87450,240,"[쉐보레(대우)] 더 넥스트 스파크 LT 플러스",A/T,2017,"현대 경매장",KLYDC487DHC213584,A/3
"[쉐보레(대우)] 크루즈 4도어 2.0 디젤 LTZ+ 더 퍼펙트 블랙",4021,28도9245,흰색,경유,https://img-auction.autobell.co.kr/OBmZCjL58I?src=https%3A%2F%2Fauction.autobell.co.kr%2FFileUpDown%2F2100%2Fcarimg%2F2610%2FB261000093%2FB261000093_02_02.jpg%3F1790919863693&type=m&w=400&h=250&quality=90&ttype=jpg,136626,155,"[쉐보레(대우)] 크루즈 4도어 2.0 디젤 LTZ+ 더 퍼펙트 블랙",A/T,2014,"현대 경매장",KLAJA69YDEK573696,A/1
"[기아] 신형 K5(DL3) 2.0 가솔린 프레스티지",4022,187너4741,흰색,휘발유,https://img-auction.autobell.co.kr/OBmZCjL58I?src=https%3A%2F%2Fauction.autobell.co.kr%2FFileUpDown%2F2100%2Fcarimg%2F2609%2FB260903535%2FB260903535_02_02.jpg%3F1790901427957&type=m&w=400&h=250&quality=90&ttype=jpg,104769,1480,"[기아] 신형 K5(DL3) 2.0 가솔린 프레스티지",A/T,2022,"현대 경매장",KNAG241ABNA196514,A/2
"[기아] 모닝 어반 1.0 가솔린 프레스티지",4023,152누7403,흰색,휘발유,https://img-auction.autobell.co.kr/OBmZCjL58I?src=https%3A%2F%2Fauction.autobell.co.kr%2FFileUpDown%2F2100%2Fcarimg%2F2609%2FB260903628%2FB260903628_02_02.jpg%3F1790730152472&type=m&w=400&h=250&quality=90&ttype=jpg,66185,780,"[기아] 모닝 어반 1.0 가솔린 프레스티지",A/T,2021,"현대 경매장",KNAB6518BMT792149,A/4
"[쉐보레(대우)] 마티즈 크리에이티브 그루브 스타",4024,36저8152,흰색,휘발유,https://img-auction.autobell.co.kr/OBmZCjL58I?src=https%3A%2F%2Fauction.autobell.co.kr%2FFileUpDown%2F2100%2Fcarimg%2F2610%2FB261000091%2FB261000091_02_02.jpg%3F1790919822451&type=m&w=400&h=250&quality=90&ttype=jpg,48673,155,"[쉐보레(대우)] 마티즈 크리에이티브 그루브 스타",A/T,2011,"현대 경매장",KLYMA481DBC540999,A/5
"[기아] 올 뉴모닝 밴 고급형",4025,49도8109,미색,휘발유,https://img-auction.autobell.co.kr/OBmZCjL58I?src=https%3A%2F%2Fauction.autobell.co.kr%2FFileUpDown%2F2100%2Fcarimg%2F2610%2FB261000088%2FB261000088_02_02.jpg%3F1790912744725&type=m&w=400&h=250&quality=90&ttype=jpg,146353,150,"[기아] 올 뉴모닝 밴 고급형",A/T,2015,"현대 경매장",KNABE911BFT943378,A/2
"[쉐보레(대우)] 스파크 LPGi LS 스타",4026,47고1218,흰색,LPG,https://img-auction.autobell.co.kr/OBmZCjL58I?src=https%3A%2F%2Fauction.autobell.co.kr%2FFileUpDown%2F2100%2Fcarimg%2F2610%2FB261000092%2FB261000092_02_02.jpg%3F1790924958673&type=m&w=400&h=250&quality=90&ttype=jpg,85465,150,"[쉐보레(대우)] 스파크 LPGi LS 스타",A/T,2012,"현대 경매장",KLYMA48ZDCC714986,A/7
"[쉐보레(대우)] 스파크 가솔린 LS 스타",4027,53다2088,자주,휘발유,https://img-auction.autobell.co.kr/OBmZCjL58I?src=https%3A%2F%2Fauction.autobell.co.kr%2FFileUpDown%2F2100%2Fcarimg%2F2610%2FB261000089%2FB261000089_02_02.jpg%3F1790924169566&type=m&w=400&h=250&quality=90&ttype=jpg,64611,150,"[쉐보레(대우)] 스파크 가솔린 LS 스타",A/T,2012,"현대 경매장",KLYMA481DCC502647,A/3
"[현대] 엑센트 신형 1.6 VGT 프리미어",4028,60주1244,흰색,경유,https://img-auction.autobell.co.kr/OBmZCjL58I?src=https%3A%2F%2Fauction.autobell.co.kr%2FFileUpDown%2F2100%2Fcarimg%2F2609%2FB260903742%2FB260903742_02_02.jpg%3F1790827684780&type=m&w=400&h=250&quality=90&ttype=jpg,166237,170,"[현대] 엑센트 신형 1.6 VGT 프리미어",A/T,2012,"현대 경매장",KMHCT41UBCU390766,C/1
"[현대] 아반떼AD 1.6 GDi 밸류 플러스",4029,33너3797,회색,휘발유,https://img-auction.autobell.co.kr/OBmZCjL58I?src=https%3A%2F%2Fauction.autobell.co.kr%2FFileUpDown%2F2100%2Fcarimg%2F2609%2FB260903740%2FB260903740_02_02.jpg%3F1790743337835&type=m&w=400&h=250&quality=90&ttype=jpg,101675,720,"[현대] 아반떼AD 1.6 GDi 밸류 플러스",A/T,2018,"현대 경매장",KMHD641DBJU520184,A/2
"[현대] YF쏘나타 Y20 프라임 블랙",4030,26다3720,흰색,휘발유,https://img-auction.autobell.co.kr/OBmZCjL58I?src=https%3A%2F%2Fauction.autobell.co.kr%2FFileUpDown%2F2100%2Fcarimg%2F2609%2FB260903713%2FB260903713_02_02.jpg%3F1790832226453&type=m&w=400&h=250&quality=90&ttype=jpg,153867,285,"[현대] YF쏘나타 Y20 프라임 블랙",A/T,2011,"현대 경매장",KMHEC41BBBA267324,A/2
"[쉐보레(대우)] 크루즈 4도어 2.0 디젤 LTZ+",4031,42고0184,흰색,경유,https://img-auction.autobell.co.kr/OBmZCjL58I?src=https%3A%2F%2Fauction.autobell.co.kr%2FFileUpDown%2F2100%2Fcarimg%2F2609%2FB260903737%2FB260903737_02_02.jpg%3F1790840068975&type=m&w=400&h=250&quality=90&ttype=jpg,177693,130,"[쉐보레(대우)] 크루즈 4도어 2.0 디젤 LTZ+",A/T,2014,"현대 경매장",KLAJA69YDEK526784,A/3
"[쉐보레(대우)] 크루즈 4도어 1.8 LTZ+",4032,69누2873,검정,휘발유,https://img-auction.autobell.co.kr/OBmZCjL58I?src=https%3A%2F%2Fauction.autobell.co.kr%2FFileUpDown%2F2100%2Fcarimg%2F2609%2FB260903734%2FB260903734_02_02.jpg%3F1790668998954&type=m&w=400&h=250&quality=90&ttype=jpg,101774,135,"[쉐보레(대우)] 크루즈 4도어 1.8 LTZ+",A/T,2014,"현대 경매장",KLAJA69SDEK625340,D/1
"[쉐보레(대우)] 크루즈 4도어 1.8 LT+ 레더팩",4033,67조2802,회색,휘발유,https://img-auction.autobell.co.kr/OBmZCjL58I?src=https%3A%2F%2Fauction.autobell.co.kr%2FFileUpDown%2F2100%2Fcarimg%2F2609%2FB260903736%2FB260903736_02_02.jpg%3F1790818098464&type=m&w=400&h=250&quality=90&ttype=jpg,95071,130,"[쉐보레(대우)] 크루즈 4도어 1.8 LT+ 레더팩",A/T,2014,"현대 경매장",KLAJA69SDEK501145,A/5
"[쉐보레(대우)] 스파크 가솔린 스페셜 에디션 타투",4034,19너4243,자주,휘발유,https://img-auction.autobell.co.kr/OBmZCjL58I?src=https%3A%2F%2Fauction.autobell.co.kr%2FFileUpDown%2F2100%2Fcarimg%2F2609%2FB260903936%2FB260903936_02_02.jpg%3F1790831986289&type=m&w=400&h=250&quality=90&ttype=jpg,123397,95,"[쉐보레(대우)] 스파크 가솔린 스페셜 에디션 타투",A/T,2012,"현대 경매장",KLYMA481DCC703434,A/1
"[쉐보레(대우)] 스파크 가솔린 LS 스타",4035,12너9202,미색,휘발유,https://img-auction.autobell.co.kr/OBmZCjL58I?src=https%3A%2F%2Fauction.autobell.co.kr%2FFileUpDown%2F2100%2Fcarimg%2F2609%2FB260903728%2FB260903728_02_02.jpg%3F1790743377873&type=m&w=400&h=250&quality=90&ttype=jpg,96223,125,"[쉐보레(대우)] 스파크 가솔린 LS 스타",A/T,2012,"현대 경매장",KLYMA481DCC527026,A/5
"[쉐보레(대우)] 스파크 가솔린 L",4036,50머3182,파랑,휘발유,https://img-auction.autobell.co.kr/OBmZCjL58I?src=https%3A%2F%2Fauction.autobell.co.kr%2FFileUpDown%2F2100%2Fcarimg%2F2609%2FB260903729%2FB260903729_02_02.jpg%3F1790743408912&type=m&w=400&h=250&quality=90&ttype=jpg,50938,130,"[쉐보레(대우)] 스파크 가솔린 L",A/T,2014,"현대 경매장",KLYMA481DEC473116,A/5
"[르노(삼성)] 뉴 SM3 1.6 SE",4037,32우9471,흰색,휘발유,https://img-auction.autobell.co.kr/OBmZCjL58I?src=https%3A%2F%2Fauction.autobell.co.kr%2FFileUpDown%2F2100%2Fcarimg%2F2609%2FB260903733%2FB260903733_02_02.jpg%3F1790819404740&type=m&w=400&h=250&quality=90&ttype=jpg,112701,135,"[르노(삼성)] 뉴 SM3 1.6 SE",A/T,2014,"현대 경매장",KNMC4C2HMEP143645,A/4
"[기아] 올 뉴모닝(JA) 가솔린 럭셔리",4038,58소8026,미색,휘발유,https://img-auction.autobell.co.kr/OBmZCjL58I?src=https%3A%2F%2Fauction.autobell.co.kr%2FFileUpDown%2F2100%2Fcarimg%2F2609%2FB260903720%2FB260903720_02_02.jpg%3F1790669957088&type=m&w=400&h=250&quality=90&ttype=jpg,146576,380,"[기아] 올 뉴모닝(JA) 가솔린 럭셔리",A/T,2018,"현대 경매장",KNAB3511BJT423763,A/1
"[랜드로버] 디스커버리5 3.0 D300 HSE",3055,302마2419,검정,하이브리드,https://img-auction.autobell.co.kr/OBmZCjL58I?src=https%3A%2F%2Fauction.autobell.co.kr%2FFileUpDown%2F1100%2Fcarimg%2F2609%2FA260903350%2FA260903350_02_02.jpg%3F1790901296134&type=m&w=400&h=250&quality=90&ttype=jpg,89463,3690,"[랜드로버] 디스커버리5 3.0 D300 HSE",A/T,2022,"현대 경매장",SALRA2BW7N2458964,A/5
"[BMW] 3시리즈(6세대) 320d ED 에디션",3056,58무0300,흰색,경유,https://img-auction.autobell.co.kr/OBmZCjL58I?src=https%3A%2F%2Fauction.autobell.co.kr%2FFileUpDown%2F1100%2Fcarimg%2F2610%2FA261000049%2FA261000049_02_02.jpg%3F1790904624568&type=m&w=400&h=250&quality=90&ttype=jpg,123695,920,"[BMW] 3시리즈(6세대) 320d ED 에디션",A/T,2017,"현대 경매장",WBA8D1101HK776422,A/8
"[벤츠] E클래스(4세대) 쿠페 E350",3057,14너5236,검정,휘발유,https://img-auction.autobell.co.kr/OBmZCjL58I?src=https%3A%2F%2Fauction.autobell.co.kr%2FFileUpDown%2F1100%2Fcarimg%2F2609%2FA260903240%2FA260903240_02_02.jpg%3F1790816756926&type=m&w=400&h=250&quality=90&ttype=jpg,66253,290,"[벤츠] E클래스(4세대) 쿠페 E350",A/T,2010,"현대 경매장",WDDKJ5GB8AF016283,A/7
"[링컨] 뉴MKZ 2.0 하이브리드 셀렉트",3058,35모4997,검정,하이브리드,https://img-auction.autobell.co.kr/OBmZCjL58I?src=https%3A%2F%2Fauction.autobell.co.kr%2FFileUpDown%2F1100%2Fcarimg%2F2610%2FA261000017%2FA261000017_02_02.jpg%3F1790907218877&type=m&w=400&h=250&quality=90&ttype=jpg,120553,520,"[링컨] 뉴MKZ 2.0 하이브리드 셀렉트",A/T,2018,"현대 경매장",3LN6L5LU6JR617672,A/1
"[랜드로버] 레인지로버 이보크(2세대) 2.0 P250 다이나믹 SE",3059,196하1446,갈색,휘발유,https://img-auction.autobell.co.kr/OBmZCjL58I?src=https%3A%2F%2Fauction.autobell.co.kr%2FFileUpDown%2F1100%2Fcarimg%2F2610%2FA261000209%2FA261000209_02_02.jpg%3F1790920155478&type=m&w=400&h=250&quality=90&ttype=jpg,25082,4280,"[랜드로버] 레인지로버 이보크(2세대) 2.0 P250 다이나믹 SE",A/T,2024,"현대 경매장",SALZA2BX3RH239284,A/9
"[렉서스] ES(7세대) 300h 슈프림",3060,63저7521,회색,하이브리드,https://img-auction.autobell.co.kr/OBmZCjL58I?src=https%3A%2F%2Fauction.autobell.co.kr%2FFileUpDown%2F1100%2Fcarimg%2F2610%2FA261000220%2FA261000220_02_02.jpg%3F1790913433266&type=m&w=400&h=250&quality=90&ttype=jpg,320221,2020,"[렉서스] ES(7세대) 300h 슈프림",A/T,2019,"현대 경매장",JTHB21B11K2004756,A/4
"[벤츠] S클래스(6세대) S400L d 4매틱",3061,202두7159,검정,경유,https://img-auction.autobell.co.kr/OBmZCjL58I?src=https%3A%2F%2Fauction.autobell.co.kr%2FFileUpDown%2F1100%2Fcarimg%2F2610%2FA261000230%2FA261000230_02_02.jpg%3F1790920504294&type=m&w=400&h=250&quality=90&ttype=jpg,164140,3050,"[벤츠] S클래스(6세대) S400L d 4매틱",A/T,2018,"현대 경매장",WDDUG3FB9JA345262,A/6
"[BMW] X6(3세대) 30d xDrive M 스포츠팩",3062,109허6631,회색,경유,https://img-auction.autobell.co.kr/OBmZCjL58I?src=https%3A%2F%2Fauction.autobell.co.kr%2FFileUpDown%2F1100%2Fcarimg%2F2610%2FA261000327%2FA261000327_02_02.jpg%3F1790917005844&type=m&w=400&h=250&quality=90&ttype=jpg,90334,4210,"[BMW] X6(3세대) 30d xDrive M 스포츠팩",A/T,2020,"현대 경매장",WBAGT2108L9D05598,A/5
"[벤츠] E클래스(4세대) E250 CDI 4매틱",3063,34머4966,검정,경유,https://img-auction.autobell.co.kr/OBmZCjL58I?src=https%3A%2F%2Fauction.autobell.co.kr%2FFileUpDown%2F1100%2Fcarimg%2F2610%2FA261000320%2FA261000320_02_02.jpg%3F1790918706051&type=m&w=400&h=250&quality=90&ttype=jpg,93692,800,"[벤츠] E클래스(4세대) E250 CDI 4매틱",A/T,2014,"현대 경매장",WDDHF8CB6EA909770,A/7
"[마세라티] 기블리(3세대) 3.0 디젤",3064,67구1558,회색,경유,https://img-auction.autobell.co.kr/OBmZCjL58I?src=https%3A%2F%2Fauction.autobell.co.kr%2FFileUpDown%2F1100%2Fcarimg%2F2609%2FA260903196%2FA260903196_02_02.jpg%3F1790915554876&type=m&w=400&h=250&quality=90&ttype=jpg,153962,650,"[마세라티] 기블리(3세대) 3.0 디젤",A/T,2014,"현대 경매장",ZAM57TSA4E1122527,B/4
"[포드] 이스케이프(3세대) 2.0 AWD SE",3065,43오4809,검정,휘발유,https://img-auction.autobell.co.kr/OBmZCjL58I?src=https%3A%2F%2Fauction.autobell.co.kr%2FFileUpDown%2F1100%2Fcarimg%2F2609%2FA260903598%2FA260903598_02_02.jpg%3F1790917424219&type=m&w=400&h=250&quality=90&ttype=jpg,150475,325,"[포드] 이스케이프(3세대) 2.0 AWD SE",A/T,2015,"현대 경매장",1FMCU9G94FUA65764,A/1
"[벤츠] GLS클래스 GLS 350d 4매틱",3066,48너7163,검정,경유,https://img-auction.autobell.co.kr/OBmZCjL58I?src=https%3A%2F%2Fauction.autobell.co.kr%2FFileUpDown%2F1100%2Fcarimg%2F2610%2FA261000228%2FA261000228_02_02.jpg%3F1790914844000&type=m&w=400&h=250&quality=90&ttype=jpg,113318,2980,"[벤츠] GLS클래스 GLS 350d 4매틱",A/T,2017,"현대 경매장",WDCDF2EE9HA835076,A/7
"[혼다] HR-V 1.8",3067,298조4253,회색,휘발유,https://img-auction.autobell.co.kr/OBmZCjL58I?src=https%3A%2F%2Fauction.autobell.co.kr%2FFileUpDown%2F1100%2Fcarimg%2F2609%2FA260901838%2FA260901838_02_02.jpg%3F1789545852951&type=m&w=400&h=250&quality=90&ttype=jpg,29718,1190,"[혼다] HR-V 1.8",A/T,2019,"현대 경매장",3HGRU5850KM200004,A/5
"[벤츠] CLA클래스(2세대) CLA250 4매틱",3068,162조9276,흰색,휘발유,https://img-auction.autobell.co.kr/OBmZCjL58I?src=https%3A%2F%2Fauction.autobell.co.kr%2FFileUpDown%2F1100%2Fcarimg%2F2609%2FA260901568%2FA260901568_02_02.jpg%3F1789350253340&type=m&w=400&h=250&quality=90&ttype=jpg,101368,2150,"[벤츠] CLA클래스(2세대) CLA250 4매틱",A/T,2022,"현대 경매장",W1K5J4HB3NN272767,B/5
"[아우디] Q5(2세대) 45 TFSI 콰트로 스포트백 프리미엄",3069,127보2863,흰색,휘발유,https://img-auction.autobell.co.kr/OBmZCjL58I?src=https%3A%2F%2Fauction.autobell.co.kr%2FFileUpDown%2F1100%2Fcarimg%2F2610%2FA261000048%2FA261000048_02_02.jpg%3F1790924002637&type=m&w=400&h=250&quality=90&ttype=jpg,23985,3580,"[아우디] Q5(2세대) 45 TFSI 콰트로 스포트백 프리미엄",A/T,2023,"현대 경매장",WAUZZZFY1P2102529,A/7
"[벤츠] S클래스(7세대) 마이바흐 S580 4매틱",3070,156주6007,검정,하이브리드,https://img-auction.autobell.co.kr/OBmZCjL58I?src=https%3A%2F%2Fauction.autobell.co.kr%2FFileUpDown%2F1100%2Fcarimg%2F2610%2FA261000201%2FA261000201_02_02.jpg%3F1790920599784&type=m&w=400&h=250&quality=90&ttype=jpg,44100,9980,"[벤츠] S클래스(7세대) 마이바흐 S580 4매틱",A/T,2021,"현대 경매장",W1K6X7GB0MA052952,A/8
"[BMW] 그란투리스모(GT) 6시리즈 620d xDrive M 스포츠팩",3071,293고1446,회색,경유,https://img-auction.autobell.co.kr/OBmZCjL58I?src=https%3A%2F%2Fauction.autobell.co.kr%2FFileUpDown%2F1100%2Fcarimg%2F2609%2FA260903616%2FA260903616_02_02.jpg%3F1790925475053&type=m&w=400&h=250&quality=90&ttype=jpg,232170,700,"[BMW] 그란투리스모(GT) 6시리즈 620d xDrive M 스포츠팩",A/T,2019,"현대 경매장",WBAJX4101KBU78003,A/6
"[볼보] V60 크로스컨트리(2세대) 2.0 B5 AWD 프로",3072,114소7566,흰색,하이브리드,https://img-auction.autobell.co.kr/OBmZCjL58I?src=https%3A%2F%2Fauction.autobell.co.kr%2FFileUpDown%2F1100%2Fcarimg%2F2609%2FA260903617%2FA260903617_02_02.jpg%3F1790924057859&type=m&w=400&h=250&quality=90&ttype=jpg,105443,700,"[볼보] V60 크로스컨트리(2세대) 2.0 B5 AWD 프로",A/T,2021,"현대 경매장",YV1ZZL12CM1068966,A/6
"[BMW] X4(2세대) 20i xDrive M스포츠 X 온라인 익스클루시브",3073,257수8022,검정,휘발유,https://img-auction.autobell.co.kr/OBmZCjL58I?src=https%3A%2F%2Fauction.autobell.co.kr%2FFileUpDown%2F1100%2Fcarimg%2F2609%2FA260902046%2FA260902046_02_02.jpg%3F1790931557080&type=m&w=400&h=250&quality=90&ttype=jpg,60840,2950,"[BMW] X4(2세대) 20i xDrive M스포츠 X 온라인 익스클루시브",A/T,2021,"현대 경매장",WBA2V9107M9H54530,A/7
"[아우디] Q5(2세대) 45 TFSI 콰트로 프리미엄",3074,110거1610,흰색,휘발유,https://img-auction.autobell.co.kr/OBmZCjL58I?src=https%3A%2F%2Fauction.autobell.co.kr%2FFileUpDown%2F1100%2Fcarimg%2F2609%2FA260903246%2FA260903246_02_02.jpg%3F1790925144062&type=m&w=400&h=250&quality=90&ttype=jpg,47741,4280,"[아우디] Q5(2세대) 45 TFSI 콰트로 프리미엄",A/T,2023,"현대 경매장",WAUZZZFY8P2047786,A/8
"[기아] K3 1.6 GDI 트렌디",4001,23러9804,흰색,휘발유,https://img-auction.autobell.co.kr/OBmZCjL58I?src=https%3A%2F%2Fauction.autobell.co.kr%2FFileUpDown%2F2100%2Fcarimg%2F2610%2FB261000122%2FB261000122_02_02.jpg%3F1790901352066&type=m&w=400&h=250&quality=90&ttype=jpg,127411,375,"[기아] K3 1.6 GDI 트렌디",A/T,2013,"현대 경매장",KNAFK412BDA145068,A/3
"[현대] 그랜저IG 2.4 GDi 프리미엄",4002,370두7874,흰색,휘발유,https://img-auction.autobell.co.kr/OBmZCjL58I?src=https%3A%2F%2Fauction.autobell.co.kr%2FFileUpDown%2F2100%2Fcarimg%2F2610%2FB261000126%2FB261000126_02_02.jpg%3F1790912629396&type=m&w=400&h=250&quality=90&ttype=jpg,193747,705,"[현대] 그랜저IG 2.4 GDi 프리미엄",A/T,2019,"현대 경매장",KMHF141CBKA283216,A/4
"[기아] 더 뉴K7 2.4 GDI 프레스티지 스페셜",4003,61우3190,흰색,휘발유,https://img-auction.autobell.co.kr/OBmZCjL58I?src=https%3A%2F%2Fauction.autobell.co.kr%2FFileUpDown%2F2100%2Fcarimg%2F2610%2FB261000072%2FB261000072_02_02.jpg%3F1790905274577&type=m&w=400&h=250&quality=90&ttype=jpg,196470,350,"[기아] 더 뉴K7 2.4 GDI 프레스티지 스페셜",A/T,2013,"현대 경매장",KNALM415BDA134824,A/6
"[기아] K5 2.4 GDI 프레스티지",4004,19보7117,회색,휘발유,https://img-auction.autobell.co.kr/OBmZCjL58I?src=https%3A%2F%2Fauction.autobell.co.kr%2FFileUpDown%2F2100%2Fcarimg%2F2610%2FB261000067%2FB261000067_02_02.jpg%3F1790902229102&type=m&w=400&h=250&quality=90&ttype=jpg,220660,265,"[기아] K5 2.4 GDI 프레스티지",A/T,2011,"현대 경매장",KNAGN417BBA015454,A/3
"[쉐보레(대우)] 더 뉴스파크 LT",4005,58도6812,미색,휘발유,https://img-auction.autobell.co.kr/OBmZCjL58I?src=https%3A%2F%2Fauction.autobell.co.kr%2FFileUpDown%2F2100%2Fcarimg%2F2610%2FB261000113%2FB261000113_02_02.jpg%3F1790902484832&type=m&w=400&h=250&quality=90&ttype=jpg,49017,455,"[쉐보레(대우)] 더 뉴스파크 LT",A/T,2019,"현대 경매장",KLYDC487DKC205253,A/2
"[아우디] Q7(2세대) 45 TDI 콰트로 프리미엄",3031,291보4311,검정,경유,https://img-auction.autobell.co.kr/OBmZCjL58I?src=https%3A%2F%2Fauction.autobell.co.kr%2FFileUpDown%2F1100%2Fcarimg%2F2609%2FA260900568%2FA260900568_02_02.jpg%3F1788770477606&type=m&w=400&h=250&quality=90&ttype=jpg,107252,3165,"[아우디] Q7(2세대) 45 TDI 콰트로 프리미엄",A/T,2020,"현대 경매장",WAUZZZ4M8LD014446,A/8
"[BMW] 5시리즈(7세대) 520d M스포츠팩",3032,08도1299,회색,경유,https://img-auction.autobell.co.kr/OBmZCjL58I?src=https%3A%2F%2Fauction.autobell.co.kr%2FFileUpDown%2F1100%2Fcarimg%2F2609%2FA260902897%2FA260902897_02_02.jpg%3F1790754885831&type=m&w=400&h=250&quality=90&ttype=jpg,268044,1170,"[BMW] 5시리즈(7세대) 520d M스포츠팩",A/T,2017,"현대 경매장",WBAJC3103HG925433,A/5
"[아우디] A6(5세대) 40 TDI 콰트로 프리미엄",3033,180누9103,검정,경유,https://img-auction.autobell.co.kr/OBmZCjL58I?src=https%3A%2F%2Fauction.autobell.co.kr%2FFileUpDown%2F1100%2Fcarimg%2F2609%2FA260900957%2FA260900957_02_02.jpg%3F1790817281968&type=m&w=400&h=250&quality=90&ttype=jpg,69875,2560,"[아우디] A6(5세대) 40 TDI 콰트로 프리미엄",A/T,2021,"현대 경매장",WAUZZZF27MN001386,A/7
"[벤츠] M클래스(2세대) ML350",3034,68도9252,회색,휘발유,https://img-auction.autobell.co.kr/OBmZCjL58I?src=https%3A%2F%2Fauction.autobell.co.kr%2FFileUpDown%2F1100%2Fcarimg%2F2609%2FA260903177%2FA260903177_02_02.jpg%3F1790814857045&type=m&w=400&h=250&quality=90&ttype=jpg,132070,215,"[벤츠] M클래스(2세대) ML350",A/T,2007,"현대 경매장",WDCBB86E27A248236,A/6
"[아우디] A6(4세대) 35 TDI 다이나믹",3035,64오7346,회색,경유,https://img-auction.autobell.co.kr/OBmZCjL58I?src=https%3A%2F%2Fauction.autobell.co.kr%2FFileUpDown%2F1100%2Fcarimg%2F2609%2FA260903277%2FA260903277_02_02.jpg%3F1790819019837&type=m&w=400&h=250&quality=90&ttype=jpg,167848,465,"[아우디] A6(4세대) 35 TDI 다이나믹",A/T,2015,"현대 경매장",WAUZZZ4G7FN058849,A/4
"[닛산] 리프(2세대) EV SL",3036,26두4512,흰색,전기,https://img-auction.autobell.co.kr/OBmZCjL58I?src=https%3A%2F%2Fauction.autobell.co.kr%2FFileUpDown%2F1100%2Fcarimg%2F2609%2FA260903251%2FA260903251_02_02.jpg%3F1790827361428&type=m&w=400&h=250&quality=90&ttype=jpg,120684,680,"[닛산] 리프(2세대) EV SL",A/T,2019,"현대 경매장",1N4AZ1CP2KC308917,A/6
"[볼보] XC90(1세대) D5",3037,43무8601,회색,경유,https://img-auction.autobell.co.kr/OBmZCjL58I?src=https%3A%2F%2Fauction.autobell.co.kr%2FFileUpDown%2F1100%2Fcarimg%2F2609%2FA260903036%2FA260903036_02_02.jpg%3F1790755950588&type=m&w=400&h=250&quality=90&ttype=jpg,228581,185,"[볼보] XC90(1세대) D5",A/T,2011,"현대 경매장",YV1CZ7146B1584778,A/5
"[지프] 그랜드 체로키(WL) 2.0 4xe 리미티드",3038,190수4026,회색,하이브리드,https://img-auction.autobell.co.kr/OBmZCjL58I?src=https%3A%2F%2Fauction.autobell.co.kr%2FFileUpDown%2F1100%2Fcarimg%2F2609%2FA260903536%2FA260903536_02_02.jpg%3F1790926501820&type=m&w=400&h=250&quality=90&ttype=jpg,35331,4070,"[지프] 그랜드 체로키(WL) 2.0 4xe 리미티드",A/T,2023,"현대 경매장",1C4RJYB60P8904754,A/8
"[토요타] 프리우스(3세대) 1.8 S",3039,55러2568,회색,하이브리드,https://img-auction.autobell.co.kr/OBmZCjL58I?src=https%3A%2F%2Fauction.autobell.co.kr%2FFileUpDown%2F1100%2Fcarimg%2F2609%2FA260901921%2FA260901921_02_02.jpg%3F1789522540116&type=m&w=400&h=250&quality=90&ttype=jpg,307701,350,"[토요타] 프리우스(3세대) 1.8 S",A/T,2012,"현대 경매장",JTDKN3DU4C1528051,A/4
"[BMW] 5시리즈(6세대) 520d",3040,51러9057,회색,경유,https://img-auction.autobell.co.kr/OBmZCjL58I?src=https%3A%2F%2Fauction.autobell.co.kr%2FFileUpDown%2F1100%2Fcarimg%2F2608%2FA260802518%2FA260802518_02_02.jpg%3F1787558334626&type=m&w=400&h=250&quality=90&ttype=jpg,287109,290,"[BMW] 5시리즈(6세대) 520d",A/T,2012,"현대 경매장",WBAFW1100CDU32255,A/3
"[벤츠] E클래스(5세대) E200 아방가르드",3041,37라9224,파랑,휘발유,https://img-auction.autobell.co.kr/OBmZCjL58I?src=https%3A%2F%2Fauction.autobell.co.kr%2FFileUpDown%2F1100%2Fcarimg%2F2609%2FA260902678%2FA260902678_02_02.jpg%3F1790828969534&type=m&w=400&h=250&quality=90&ttype=jpg,52432,1560,"[벤츠] E클래스(5세대) E200 아방가르드",A/T,2018,"현대 경매장",WDDZF4CB3JA353067,A/6
"[볼보] 더 뉴 S90 B6 AWD 인스크립션",3042,165호1199,갈색,하이브리드,https://img-auction.autobell.co.kr/OBmZCjL58I?src=https%3A%2F%2Fauction.autobell.co.kr%2FFileUpDown%2F1100%2Fcarimg%2F2609%2FA260901345%2FA260901345_02_02.jpg%3F1789024080998&type=m&w=400&h=250&quality=90&ttype=jpg,49973,2940,"[볼보] 더 뉴 S90 B6 AWD 인스크립션",A/T,2021,"현대 경매장",LVYPT062CMP232950,A/7
"[BMW] 그란투리스모(GT) 6시리즈 630i xDrive M 스포츠팩",3043,179하2129,회색,휘발유,https://img-auction.autobell.co.kr/OBmZCjL58I?src=https%3A%2F%2Fauction.autobell.co.kr%2FFileUpDown%2F1100%2Fcarimg%2F2609%2FA260901348%2FA260901348_02_02.jpg%3F1789018305831&type=m&w=400&h=250&quality=90&ttype=jpg,25124,4430,"[BMW] 그란투리스모(GT) 6시리즈 630i xDrive M 스포츠팩",A/T,2024,"현대 경매장",WBA61CC06RCS53238,D/1
"[벤츠] E클래스(5세대) E300e 4매틱 익스클루시브",3044,237구6211,회색,하이브리드,https://img-auction.autobell.co.kr/OBmZCjL58I?src=https%3A%2F%2Fauction.autobell.co.kr%2FFileUpDown%2F1100%2Fcarimg%2F2609%2FA260903595%2FA260903595_02_02.jpg%3F1790830920270&type=m&w=400&h=250&quality=90&ttype=jpg,76684,2900,"[벤츠] E클래스(5세대) E300e 4매틱 익스클루시브",A/T,2021,"현대 경매장",W1KZF5EB4MA993456,A/7
"[혼다] 어코드(8세대) 3.5",3045,17모5693,회색,휘발유,https://img-auction.autobell.co.kr/OBmZCjL58I?src=https%3A%2F%2Fauction.autobell.co.kr%2FFileUpDown%2F1100%2Fcarimg%2F2609%2FA260903292%2FA260903292_02_02.jpg%3F1790832590153&type=m&w=400&h=250&quality=90&ttype=jpg,119532,265,"[혼다] 어코드(8세대) 3.5",A/T,2010,"현대 경매장",JHMCP3670AC202123,A/4
"[아우디] A4(4세대) 2.0 TFSI",3046,63보0428,흰색,휘발유,https://img-auction.autobell.co.kr/OBmZCjL58I?src=https%3A%2F%2Fauction.autobell.co.kr%2FFileUpDown%2F1100%2Fcarimg%2F2609%2FA260902684%2FA260902684_02_02.jpg%3F1789963881877&type=m&w=400&h=250&quality=90&ttype=jpg,123926,1100,"[아우디] A4(4세대) 2.0 TFSI",A/T,2016,"현대 경매장",WAUZZZF48GA071105,A/9
"[지프] 레니게이드 1.3 가솔린 리미티드",3047,275나6175,흰색,휘발유,https://img-auction.autobell.co.kr/OBmZCjL58I?src=https%3A%2F%2Fauction.autobell.co.kr%2FFileUpDown%2F1100%2Fcarimg%2F2609%2FA260902110%2FA260902110_02_02.jpg%3F1789622785058&type=m&w=400&h=250&quality=90&ttype=jpg,21157,1650,"[지프] 레니게이드 1.3 가솔린 리미티드",A/T,2022,"현대 경매장",1C4NJCD13NPN83864,A/7
"[벤츠] S클래스(7세대) S580L 4매틱",3048,113나8785,회색,하이브리드,https://img-auction.autobell.co.kr/OBmZCjL58I?src=https%3A%2F%2Fauction.autobell.co.kr%2FFileUpDown%2F1100%2Fcarimg%2F2609%2FA260901166%2FA260901166_02_02.jpg%3F1789368665074&type=m&w=400&h=250&quality=90&ttype=jpg,85930,5160,"[벤츠] S클래스(7세대) S580L 4매틱",A/T,2021,"현대 경매장",W1K6G7GB1MA051695,A/6
"[지프] 랭글러(JL) 2.0 루비콘 4DR 파워탑",3049,323소8922,회색,휘발유,https://img-auction.autobell.co.kr/OBmZCjL58I?src=https%3A%2F%2Fauction.autobell.co.kr%2FFileUpDown%2F1100%2Fcarimg%2F2610%2FA261000004%2FA261000004_02_02.jpg%3F1790837618360&type=m&w=400&h=250&quality=90&ttype=jpg,59428,3120,"[지프] 랭글러(JL) 2.0 루비콘 4DR 파워탑",A/T,2021,"현대 경매장",1C4HJXFN6MW598691,A/8
"[아우디] A3(4세대) 40 TFSI 프리미엄",3050,110어9628,검정,하이브리드,https://img-auction.autobell.co.kr/OBmZCjL58I?src=https%3A%2F%2Fauction.autobell.co.kr%2FFileUpDown%2F1100%2Fcarimg%2F2608%2FA260803770%2FA260803770_02_02.jpg%3F1790931691194&type=m&w=400&h=250&quality=90&ttype=jpg,24549,1980,"[아우디] A3(4세대) 40 TFSI 프리미엄",A/T,2023,"현대 경매장",WAUZZZGY6PA033230,A/7
"[벤츠] M클래스(3세대) ML350 블루텍 4MATIC",3051,31어7248,회색,경유,https://img-auction.autobell.co.kr/OBmZCjL58I?src=https%3A%2F%2Fauction.autobell.co.kr%2FFileUpDown%2F1100%2Fcarimg%2F2609%2FA260903643%2FA260903643_02_02.jpg%3F1790841892195&type=m&w=400&h=250&quality=90&ttype=jpg,246461,600,"[벤츠] M클래스(3세대) ML350 블루텍 4MATIC",A/T,2015,"현대 경매장",WDCDA2EBXFA495566,A/3
"[아우디] A6(5세대) 40 TDI 콰트로 프리미엄",3052,112소3430,흰색,경유,https://img-auction.autobell.co.kr/OBmZCjL58I?src=https%3A%2F%2Fauction.autobell.co.kr%2FFileUpDown%2F1100%2Fcarimg%2F2610%2FA261000021%2FA261000021_02_02.jpg%3F1790839777557&type=m&w=400&h=250&quality=90&ttype=jpg,44040,2490,"[아우디] A6(5세대) 40 TDI 콰트로 프리미엄",A/T,2022,"현대 경매장",WAUZZZF22NN062484,A/6
"[벤츠] E클래스(5세대) E250 익스클루시브",3053,172하7197,흰색,휘발유,https://img-auction.autobell.co.kr/OBmZCjL58I?src=https%3A%2F%2Fauction.autobell.co.kr%2FFileUpDown%2F1100%2Fcarimg%2F2610%2FA261000098%2FA261000098_02_02.jpg%3F1790900900847&type=m&w=400&h=250&quality=90&ttype=jpg,87053,2640,"[벤츠] E클래스(5세대) E250 익스클루시브",A/T,2023,"현대 경매장",W1KZF4FB3PB101866,A/9
"[아우디] A6(5세대) 45 TFSI 콰트로 프리미엄",3054,238너5244,검정,휘발유,https://img-auction.autobell.co.kr/OBmZCjL58I?src=https%3A%2F%2Fauction.autobell.co.kr%2FFileUpDown%2F1100%2Fcarimg%2F2609%2FA260903453%2FA260903453_02_02.jpg%3F1790902596326&type=m&w=400&h=250&quality=90&ttype=jpg,93114,2700,"[아우디] A6(5세대) 45 TFSI 콰트로 프리미엄",A/T,2023,"현대 경매장",WAUZZZF29PN019747,A/8
"[벤츠] GLE클래스(3세대) GLE 350d 4매틱",3021,06나1819,검정,경유,https://img-auction.autobell.co.kr/OBmZCjL58I?src=https%3A%2F%2Fauction.autobell.co.kr%2FFileUpDown%2F1100%2Fcarimg%2F2608%2FA260803859%2FA260803859_02_02.jpg%3F1788413040600&type=m&w=400&h=250&quality=90&ttype=jpg,152736,1650,"[벤츠] GLE클래스(3세대) GLE 350d 4매틱",A/T,2018,"현대 경매장",WDCDA2EBXJB087202,A/4
"[토요타] 프리우스(3세대) 1.8 M",3022,55소8999,회색,하이브리드,https://img-auction.autobell.co.kr/OBmZCjL58I?src=https%3A%2F%2Fauction.autobell.co.kr%2FFileUpDown%2F1100%2Fcarimg%2F2609%2FA260902527%2FA260902527_02_02.jpg%3F1789965428719&type=m&w=400&h=250&quality=90&ttype=jpg,218161,430,"[토요타] 프리우스(3세대) 1.8 M",A/T,2012,"현대 경매장",JTDKN3DU0C5402021,A/4
"[벤츠] E클래스(5세대) E250 익스클루시브",3023,226도6379,회색,휘발유,https://img-auction.autobell.co.kr/OBmZCjL58I?src=https%3A%2F%2Fauction.autobell.co.kr%2FFileUpDown%2F1100%2Fcarimg%2F2609%2FA260902557%2FA260902557_02_02.jpg%3F1789974732940&type=m&w=400&h=250&quality=90&ttype=jpg,49118,3040,"[벤츠] E클래스(5세대) E250 익스클루시브",A/T,2022,"현대 경매장",W1KZF4FB3NB060278,A/6
"[아우디] S4(5세대) 3.0 TFSI 콰트로",3024,31조9856,회색,휘발유,https://img-auction.autobell.co.kr/OBmZCjL58I?src=https%3A%2F%2Fauction.autobell.co.kr%2FFileUpDown%2F1100%2Fcarimg%2F2609%2FA260902616%2FA260902616_02_02.jpg%3F1789978585196&type=m&w=400&h=250&quality=90&ttype=jpg,128519,370,"[아우디] S4(5세대) 3.0 TFSI 콰트로",A/T,2010,"현대 경매장",WAUZZZ8K9AA071858,A/4
"[벤츠] E클래스(5세대) E250 익스클루시브",3025,192호3106,흰색,휘발유,https://img-auction.autobell.co.kr/OBmZCjL58I?src=https%3A%2F%2Fauction.autobell.co.kr%2FFileUpDown%2F1100%2Fcarimg%2F2609%2FA260902374%2FA260902374_02_02.jpg%3F1789974582749&type=m&w=400&h=250&quality=90&ttype=jpg,91165,2580,"[벤츠] E클래스(5세대) E250 익스클루시브",A/T,2022,"현대 경매장",W1KZF4FBXNB072637,A/5
"[폭스바겐] 더 뉴폴로(5세대) 1.6 TDI R라인",3026,25두5318,흰색,경유,https://img-auction.autobell.co.kr/OBmZCjL58I?src=https%3A%2F%2Fauction.autobell.co.kr%2FFileUpDown%2F1100%2Fcarimg%2F2609%2FA260902552%2FA260902552_02_02.jpg%3F1790580022286&type=m&w=400&h=250&quality=90&ttype=jpg,113415,370,"[폭스바겐] 더 뉴폴로(5세대) 1.6 TDI R라인",A/T,2014,"현대 경매장",WVWZZZ6RZEY130350,A/7
"[푸조] 2008 1.6 BlueHDi 알뤼르",3027,17너8173,흰색,경유,https://img-auction.autobell.co.kr/OBmZCjL58I?src=https%3A%2F%2Fauction.autobell.co.kr%2FFileUpDown%2F1100%2Fcarimg%2F2609%2FA260902590%2FA260902590_02_02.jpg%3F1790570897718&type=m&w=400&h=250&quality=90&ttype=jpg,272000,210,"[푸조] 2008 1.6 BlueHDi 알뤼르",A/T,2017,"현대 경매장",VF3CUBHYMHY002036,A/5
"[토요타] 캠리(9세대) 2.5 XLE",3028,41더6804,흰색,휘발유,https://img-auction.autobell.co.kr/OBmZCjL58I?src=https%3A%2F%2Fauction.autobell.co.kr%2FFileUpDown%2F1100%2Fcarimg%2F2609%2FA260902585%2FA260902585_02_02.jpg%3F1790059961245&type=m&w=400&h=250&quality=90&ttype=jpg,84813,780,"[토요타] 캠리(9세대) 2.5 XLE",A/T,2015,"현대 경매장",4T1BF1FK2FU876961,A/4
"[폭스바겐] 티구안 2.0 TDI 4 모션",3029,15버4709,흰색,경유,https://img-auction.autobell.co.kr/OBmZCjL58I?src=https%3A%2F%2Fauction.autobell.co.kr%2FFileUpDown%2F1100%2Fcarimg%2F2609%2FA260902692%2FA260902692_02_02.jpg%3F1790579817662&type=m&w=400&h=250&quality=90&ttype=jpg,170786,160,"[폭스바겐] 티구안 2.0 TDI 4 모션",A/T,2011,"현대 경매장",WVGZZZ5NZBW065312,B/1
"[링컨] MKC 2.0L 에코부스트 리저브",3030,55서6903,흰색,휘발유,https://img-auction.autobell.co.kr/OBmZCjL58I?src=https%3A%2F%2Fauction.autobell.co.kr%2FFileUpDown%2F1100%2Fcarimg%2F2609%2FA260901624%2FA260901624_02_02.jpg%3F1790578287854&type=m&w=400&h=250&quality=90&ttype=jpg,120834,355,"[링컨] MKC 2.0L 에코부스트 리저브",A/T,2015,"현대 경매장",5LMCJ2A97FUJ12274,A/3
"[미니] 쿠퍼(3세대) 1.5 T1",3006,240라9313,초록,휘발유,https://img-auction.autobell.co.kr/OBmZCjL58I?src=https%3A%2F%2Fauction.autobell.co.kr%2FFileUpDown%2F1100%2Fcarimg%2F2609%2FA260903261%2FA260903261_02_02.jpg%3F1790815661378&type=m&w=400&h=250&quality=90&ttype=jpg,48610,1540,"[미니] 쿠퍼(3세대) 1.5 T1",A/T,2023,"현대 경매장",WMW41DH0XP2T44893,A/7
"[벤츠] E클래스(4세대) E220 CDI 아방가르드",3007,332나9346,흰색,경유,https://img-auction.autobell.co.kr/OBmZCjL58I?src=https%3A%2F%2Fauction.autobell.co.kr%2FFileUpDown%2F1100%2Fcarimg%2F2609%2FA260903458%2FA260903458_02_02.jpg%3F1790756906567&type=m&w=400&h=250&quality=90&ttype=jpg,177235,560,"[벤츠] E클래스(4세대) E220 CDI 아방가르드",A/T,2014,"현대 경매장",WDDHF0CB8EB077232,A/4
"[볼보] 더 뉴 S90 D4 인스크립션",3008,59구2034,회색,경유,https://img-auction.autobell.co.kr/OBmZCjL58I?src=https%3A%2F%2Fauction.autobell.co.kr%2FFileUpDown%2F1100%2Fcarimg%2F2609%2FA260903381%2FA260903381_02_02.jpg%3F1790755130175&type=m&w=400&h=250&quality=90&ttype=jpg,114100,1350,"[볼보] 더 뉴 S90 D4 인스크립션",A/T,2018,"현대 경매장",YV1PSA8ADJ1038036,A/7
"[벤츠] C클래스(4세대) C200 아방가르드",3009,386머9603,흰색,휘발유,https://img-auction.autobell.co.kr/OBmZCjL58I?src=https%3A%2F%2Fauction.autobell.co.kr%2FFileUpDown%2F1100%2Fcarimg%2F2609%2FA260902965%2FA260902965_02_02.jpg%3F1790757467760&type=m&w=400&h=250&quality=90&ttype=jpg,82743,1610,"[벤츠] C클래스(4세대) C200 아방가르드",A/T,2020,"현대 경매장",W1KWF8AB9LR568700,A/6
"[벤츠] E클래스(5세대) E300 익스클루시브",3010,39나1044,회색,휘발유,https://img-auction.autobell.co.kr/OBmZCjL58I?src=https%3A%2F%2Fauction.autobell.co.kr%2FFileUpDown%2F1100%2Fcarimg%2F2609%2FA260903349%2FA260903349_02_02.jpg%3F1790747821727&type=m&w=400&h=250&quality=90&ttype=jpg,116801,1430,"[벤츠] E클래스(5세대) E300 익스클루시브",A/T,2018,"현대 경매장",WDDZF4JB5JA373968,A/4
"[포드] 익스플로러(5세대) 2.3 AWD 리미티드",3011,49고7914,검정,휘발유,https://img-auction.autobell.co.kr/OBmZCjL58I?src=https%3A%2F%2Fauction.autobell.co.kr%2FFileUpDown%2F1100%2Fcarimg%2F2609%2FA260903228%2FA260903228_02_02.jpg%3F1790921119895&type=m&w=400&h=250&quality=90&ttype=jpg,121542,975,"[포드] 익스플로러(5세대) 2.3 AWD 리미티드",A/T,2018,"현대 경매장",1FM5K8FH8JGB22962,A/3
"[볼보] 더 뉴 S90 T5 인스크립션",3012,33라8716,흰색,휘발유,https://img-auction.autobell.co.kr/OBmZCjL58I?src=https%3A%2F%2Fauction.autobell.co.kr%2FFileUpDown%2F1100%2Fcarimg%2F2609%2FA260902647%2FA260902647_02_02.jpg%3F1790667126705&type=m&w=400&h=250&quality=90&ttype=jpg,168668,1230,"[볼보] 더 뉴 S90 T5 인스크립션",A/T,2019,"현대 경매장",LVYPS102DKP057170,A/5
"[벤츠] E클래스(4세대) E220 CDI 아방가르드",3013,30루7253,회색,경유,https://img-auction.autobell.co.kr/OBmZCjL58I?src=https%3A%2F%2Fauction.autobell.co.kr%2FFileUpDown%2F1100%2Fcarimg%2F2609%2FA260903089%2FA260903089_02_02.jpg%3F1790732508394&type=m&w=400&h=250&quality=90&ttype=jpg,179792,470,"[벤츠] E클래스(4세대) E220 CDI 아방가르드",A/T,2015,"현대 경매장",WDDHF0CB4FB104508,A/4
"[미니] 쿠퍼(3세대) 1.5 하이",3014,19우9458,빨강,휘발유,https://img-auction.autobell.co.kr/OBmZCjL58I?src=https%3A%2F%2Fauction.autobell.co.kr%2FFileUpDown%2F1100%2Fcarimg%2F2609%2FA260903461%2FA260903461_02_02.jpg%3F1790745628060&type=m&w=400&h=250&quality=90&ttype=jpg,181554,370,"[미니] 쿠퍼(3세대) 1.5 하이",A/T,2015,"현대 경매장",WMWXM5104F3A12416,A/5
"[벤츠] GLE클래스(3세대) GLE 350d 4매틱",3015,42오4791,흰색,경유,https://img-auction.autobell.co.kr/OBmZCjL58I?src=https%3A%2F%2Fauction.autobell.co.kr%2FFileUpDown%2F1100%2Fcarimg%2F2609%2FA260903192%2FA260903192_02_02.jpg%3F1790729559731&type=m&w=400&h=250&quality=90&ttype=jpg,79691,2560,"[벤츠] GLE클래스(3세대) GLE 350d 4매틱",A/T,2018,"현대 경매장",WDCDA2EB5JB095627,A/8
"[미니] 쿠퍼(3세대) 5도어 1.5 하이",3016,69모1440,빨강,휘발유,https://img-auction.autobell.co.kr/OBmZCjL58I?src=https%3A%2F%2Fauction.autobell.co.kr%2FFileUpDown%2F1100%2Fcarimg%2F2609%2FA260902811%2FA260902811_02_02.jpg%3F1790670750603&type=m&w=400&h=250&quality=90&ttype=jpg,52043,650,"[미니] 쿠퍼(3세대) 5도어 1.5 하이",A/T,2015,"현대 경매장",WMWXS5102F2B02983,A/6
"[벤츠] E클래스(5세대) E350 4매틱 아방가르드",3017,258나2876,검정,하이브리드,https://img-auction.autobell.co.kr/OBmZCjL58I?src=https%3A%2F%2Fauction.autobell.co.kr%2FFileUpDown%2F1100%2Fcarimg%2F2609%2FA260902825%2FA260902825_02_02.jpg%3F1790041574282&type=m&w=400&h=250&quality=90&ttype=jpg,100082,2290,"[벤츠] E클래스(5세대) E350 4매틱 아방가르드",A/T,2021,"현대 경매장",W1KZF8GB4MB004063,A/6
"[포드] 토러스(6세대) 3.5 리미티드",3018,28모4925,검정,휘발유,https://img-auction.autobell.co.kr/OBmZCjL58I?src=https%3A%2F%2Fauction.autobell.co.kr%2FFileUpDown%2F1100%2Fcarimg%2F2609%2FA260901510%2FA260901510_02_02.jpg%3F1789518282375&type=m&w=400&h=250&quality=90&ttype=jpg,118573,260,"[포드] 토러스(6세대) 3.5 리미티드",A/T,2015,"현대 경매장",1FAHP2F88FG138589,A/6
"[벤츠] S클래스(6세대) S350L",3019,40노3499,검정,휘발유,https://img-auction.autobell.co.kr/OBmZCjL58I?src=https%3A%2F%2Fauction.autobell.co.kr%2FFileUpDown%2F1100%2Fcarimg%2F2607%2FA260702976%2FA260702976_02_02.jpg%3F1789525330945&type=m&w=400&h=250&quality=90&ttype=jpg,63900,2190,"[벤츠] S클래스(6세대) S350L",A/T,2019,"현대 경매장",WDDUG5FB2KA441702,C/2
"[폭스바겐] 더 뉴파사트(7세대) 2.0 TDI",3020,14머3055,검정,경유,https://img-auction.autobell.co.kr/OBmZCjL58I?src=https%3A%2F%2Fauction.autobell.co.kr%2FFileUpDown%2F1100%2Fcarimg%2F2609%2FA260902060%2FA260902060_02_02.jpg%3F1789690954921&type=m&w=400&h=250&quality=90&ttype=jpg,118343,290,"[폭스바겐] 더 뉴파사트(7세대) 2.0 TDI",A/T,2013,"현대 경매장",1VWZZZA3ZDC024218,A/4
"[르노(삼성)] 뉴 QM6 2.0 LPe RE",2354,390러3376,회색,LPG,https://img-auction.autobell.co.kr/OBmZCjL58I?src=https%3A%2F%2Fauction.autobell.co.kr%2FFileUpDown%2F1100%2Fcarimg%2F2610%2FA261000263%2FA261000263_02_02.jpg%3F1790915274106&type=m&w=400&h=250&quality=90&ttype=jpg,53610,1400,"[르노(삼성)] 뉴 QM6 2.0 LPe RE",A/T,2021,"현대 경매장",KNME5C2CXMP064673,A/3
"[쉐보레(대우)] 더 뉴트랙스 1.4 터보 프리미어",2355,390러3397,흰색,휘발유,https://img-auction.autobell.co.kr/OBmZCjL58I?src=https%3A%2F%2Fauction.autobell.co.kr%2FFileUpDown%2F1100%2Fcarimg%2F2610%2FA261000259%2FA261000259_02_02.jpg%3F1790913443848&type=m&w=400&h=250&quality=90&ttype=jpg,71175,870,"[쉐보레(대우)] 더 뉴트랙스 1.4 터보 프리미어",A/T,2022,"현대 경매장",KLABA76MDNB508085,A/6
"[현대] 그랜드스타렉스 어린이보호차 15인승",2356,79구5386,노랑,경유,https://img-auction.autobell.co.kr/OBmZCjL58I?src=https%3A%2F%2Fauction.autobell.co.kr%2FFileUpDown%2F1100%2Fcarimg%2F2609%2FA260903503%2FA260903503_02_02.jpg%3F1790913776816&type=m&w=400&h=250&quality=90&ttype=jpg,102894,320,"[현대] 그랜드스타렉스 어린이보호차 15인승",A/T,2015,"현대 경매장",KMJWA37KBFU764303,B/3
"[현대] 디 올뉴코나 1.6 가솔린 터보 2WD 모던",2357,194하7617,흰색,휘발유,https://img-auction.autobell.co.kr/OBmZCjL58I?src=https%3A%2F%2Fauction.autobell.co.kr%2FFileUpDown%2F1100%2Fcarimg%2F2610%2FA261000142%2FA261000142_02_02.jpg%3F1790926119716&type=m&w=400&h=250&quality=90&ttype=jpg,105364,1560,"[현대] 디 올뉴코나 1.6 가솔린 터보 2WD 모던",A/T,2023,"현대 경매장",KMHHB813BPU007835,A/4
"[현대] 더 뉴싼타페 디젤 2.2 2WD 캘리그래피",2358,390러3330,흰색,경유,https://img-auction.autobell.co.kr/OBmZCjL58I?src=https%3A%2F%2Fauction.autobell.co.kr%2FFileUpDown%2F1100%2Fcarimg%2F2610%2FA261000260%2FA261000260_02_02.jpg%3F1790918867299&type=m&w=400&h=250&quality=90&ttype=jpg,142497,1950,"[현대] 더 뉴싼타페 디젤 2.2 2WD 캘리그래피",A/T,2023,"현대 경매장",KMHS581HGPU465855,A/7
"[기아] 스포티지 더 볼드 R2.0 디젤 2WD 프레스티지",2359,01가1735,회색,경유,https://img-auction.autobell.co.kr/OBmZCjL58I?src=https%3A%2F%2Fauction.autobell.co.kr%2FFileUpDown%2F1100%2Fcarimg%2F2609%2FA260903605%2FA260903605_02_02.jpg%3F1790918891113&type=m&w=400&h=250&quality=90&ttype=jpg,112252,995,"[기아] 스포티지 더 볼드 R2.0 디젤 2WD 프레스티지",A/T,2019,"현대 경매장",KNAPN813BKK636584,A/5
"[기아] 더 뉴카니발(KA4) 9인승 디젤 시그니처",2360,133하6878,검정,경유,https://img-auction.autobell.co.kr/OBmZCjL58I?src=https%3A%2F%2Fauction.autobell.co.kr%2FFileUpDown%2F1100%2Fcarimg%2F2609%2FA260903518%2FA260903518_02_02.jpg%3F1790919514807&type=m&w=400&h=250&quality=90&ttype=jpg,60293,3150,"[기아] 더 뉴카니발(KA4) 9인승 디젤 시그니처",A/T,2024,"현대 경매장",KNANE81BBRS401570,B/4
"[기아] 쏘렌토 R 디젤 2.0 2WD TLX 최고급형",2361,12러3731,회색,경유,https://img-auction.autobell.co.kr/OBmZCjL58I?src=https%3A%2F%2Fauction.autobell.co.kr%2FFileUpDown%2F1100%2Fcarimg%2F2609%2FA260903621%2FA260903621_02_02.jpg%3F1790919440281&type=m&w=400&h=250&quality=90&ttype=jpg,339660,180,"[기아] 쏘렌토 R 디젤 2.0 2WD TLX 최고급형",A/T,2011,"현대 경매장",KNAKU815BBA199431,A/4
"[현대] 코나 1.6 디젤 2WD 스마트",2362,212버3401,빨강,경유,https://img-auction.autobell.co.kr/OBmZCjL58I?src=https%3A%2F%2Fauction.autobell.co.kr%2FFileUpDown%2F1100%2Fcarimg%2F2610%2FA261000334%2FA261000334_02_02.jpg%3F1790924194649&type=m&w=400&h=250&quality=90&ttype=jpg,209352,550,"[현대] 코나 1.6 디젤 2WD 스마트",A/T,2020,"현대 경매장",KMHK1817GLU594828,A/8
"[르노(삼성)] 마스터 버스 15인승",2363,75오6150,흰색,경유,https://img-auction.autobell.co.kr/OBmZCjL58I?src=https%3A%2F%2Fauction.autobell.co.kr%2FFileUpDown%2F1100%2Fcarimg%2F2610%2FA261000382%2FA261000382_02_02.jpg%3F1790924373318&type=m&w=400&h=250&quality=90&ttype=jpg,220645,820,"[르노(삼성)] 마스터 버스 15인승",M/T,2019,"현대 경매장",VF1ME0000KB032066,A/1
"[기아] EV6 롱 레인지 4WD 어스",2364,10보8007,흰색,전기,https://img-auction.autobell.co.kr/OBmZCjL58I?src=https%3A%2F%2Fauction.autobell.co.kr%2FFileUpDown%2F1100%2Fcarimg%2F2609%2FA260903591%2FA260903591_02_02.jpg%3F1790925455872&type=m&w=400&h=250&quality=90&ttype=jpg,180600,2250,"[기아] EV6 롱 레인지 4WD 어스",A/T,2022,"현대 경매장",KNAC381CPNA051816,A/7
"[기아] 디 올뉴스포티지 2.0 디젤 2WD 시그니처 그래비티",2365,133하5977,회색,경유,https://img-auction.autobell.co.kr/OBmZCjL58I?src=https%3A%2F%2Fauction.autobell.co.kr%2FFileUpDown%2F1100%2Fcarimg%2F2610%2FA261000330%2FA261000330_02_02.jpg%3F1790928536536&type=m&w=400&h=250&quality=90&ttype=jpg,114057,1760,"[기아] 디 올뉴스포티지 2.0 디젤 2WD 시그니처 그래비티",A/T,2022,"현대 경매장",KNAPX81CBNK002007,A/5
"[현대] 더 뉴그랜드스타렉스 5인승 디젤 밴 모던",2366,87마1214,검정,경유,https://img-auction.autobell.co.kr/OBmZCjL58I?src=https%3A%2F%2Fauction.autobell.co.kr%2FFileUpDown%2F1100%2Fcarimg%2F2609%2FA260903602%2FA260903602_02_02.jpg%3F1790926437470&type=m&w=400&h=250&quality=90&ttype=jpg,287449,750,"[현대] 더 뉴그랜드스타렉스 5인승 디젤 밴 모던",A/T,2020,"현대 경매장",KMFWBX7KBLU150786,A/5
"[기아] 더 뉴셀토스 1.6 가솔린 터보 2WD 프레스티지",2367,370다9532,흰색,휘발유,https://img-auction.autobell.co.kr/OBmZCjL58I?src=https%3A%2F%2Fauction.autobell.co.kr%2FFileUpDown%2F1100%2Fcarimg%2F2610%2FA261000224%2FA261000224_02_02.jpg%3F1790926354311&type=m&w=400&h=250&quality=90&ttype=jpg,110058,1570,"[기아] 더 뉴셀토스 1.6 가솔린 터보 2WD 프레스티지",A/T,2024,"현대 경매장",KNAER817BRK574829,A/6
"[현대] 더 뉴팰리세이드 2.2 디젤 AWD 캘리그래피",2368,301우4555,흰색,경유,https://img-auction.autobell.co.kr/OBmZCjL58I?src=https%3A%2F%2Fauction.autobell.co.kr%2FFileUpDown%2F1100%2Fcarimg%2F2610%2FA261000111%2FA261000111_02_02.jpg%3F1790927847036&type=m&w=400&h=250&quality=90&ttype=jpg,54769,4000,"[현대] 더 뉴팰리세이드 2.2 디젤 AWD 캘리그래피",A/T,2024,"현대 경매장",KMHR581ADRU712465,A/6
"[현대] 포터II LPG 슈퍼캡 초장축 프리미엄",2369,820모7178,흰색,LPG,https://img-auction.autobell.co.kr/OBmZCjL58I?src=https%3A%2F%2Fauction.autobell.co.kr%2FFileUpDown%2F1100%2Fcarimg%2F2610%2FA261000265%2FA261000265_02_02.jpg%3F1790927573033&type=m&w=400&h=250&quality=90&ttype=jpg,41328,1690,"[현대] 포터II LPG 슈퍼캡 초장축 프리미엄",A/T,2024,"현대 경매장",KMFZCZ78BRU160060,A/9
"[기아] 더 뉴봉고Ⅲ화물 덤프",2370,94소3286,파랑,경유,https://img-auction.autobell.co.kr/OBmZCjL58I?src=https%3A%2F%2Fauction.autobell.co.kr%2FFileUpDown%2F1100%2Fcarimg%2F2610%2FA261000299%2FA261000299_02_02.jpg%3F1790927594998&type=m&w=400&h=250&quality=90&ttype=jpg,24486,2400,"[기아] 더 뉴봉고Ⅲ화물 덤프",M/T,2021,"현대 경매장",KNFSWZ76LMK524842,A/3
"[KG모빌리티(쌍용)] 더 뉴렉스턴 스포츠 칸 2.2 2WD 익스페디션",2371,844버5268,빨강,경유,https://img-auction.autobell.co.kr/OBmZCjL58I?src=https%3A%2F%2Fauction.autobell.co.kr%2FFileUpDown%2F1100%2Fcarimg%2F2609%2FA260903673%2FA260903673_02_02.jpg%3F1790928616298&type=m&w=400&h=250&quality=90&ttype=jpg,69914,1960,"[KG모빌리티(쌍용)] 더 뉴렉스턴 스포츠 칸 2.2 2WD 익스페디션",A/T,2024,"현대 경매장",KPADL4AE1RP218636,A/4
"[기아] 봉고Ⅲ화물 4WD 더블캡 장축",2372,84모2398,흰색,경유,https://img-auction.autobell.co.kr/OBmZCjL58I?src=https%3A%2F%2Fauction.autobell.co.kr%2FFileUpDown%2F1100%2Fcarimg%2F2609%2FA260903589%2FA260903589_02_02.jpg%3F1790929313698&type=m&w=400&h=250&quality=90&ttype=jpg,171409,410,"[기아] 봉고Ⅲ화물 4WD 더블캡 장축",M/T,2012,"현대 경매장",KNCSHY76LCK665751,A/1
"[현대] 그랜드스타렉스 12인승 디젤 4WD CVX 럭셔리",2373,72주9682,회색,경유,https://img-auction.autobell.co.kr/OBmZCjL58I?src=https%3A%2F%2Fauction.autobell.co.kr%2FFileUpDown%2F1100%2Fcarimg%2F2609%2FA260903550%2FA260903550_02_02.jpg%3F1790926919096&type=m&w=400&h=250&quality=90&ttype=jpg,222729,575,"[현대] 그랜드스타렉스 12인승 디젤 4WD CVX 럭셔리",A/T,2015,"현대 경매장",KMJWA37KDFU696656,A/3
"[KG모빌리티(쌍용)] 티볼리 디젤 4WD LX",2374,69노0616,파랑,경유,https://img-auction.autobell.co.kr/OBmZCjL58I?src=https%3A%2F%2Fauction.autobell.co.kr%2FFileUpDown%2F1100%2Fcarimg%2F2610%2FA261000066%2FA261000066_02_02.jpg%3F1790926253633&type=m&w=400&h=250&quality=90&ttype=jpg,246110,180,"[KG모빌리티(쌍용)] 티볼리 디젤 4WD LX",A/T,2016,"현대 경매장",KPBXA3AP1GP078751,C/1
"[BMW] X1 20d xDrive",3001,25서6008,검정,경유,https://img-auction.autobell.co.kr/OBmZCjL58I?src=https%3A%2F%2Fauction.autobell.co.kr%2FFileUpDown%2F5100%2Fcarimg%2F2609%2FD260900934%2FD260900934_02_02.jpg%3F1789022930817&type=m&w=400&h=250&quality=90&ttype=jpg,210225,220,"[BMW] X1 20d xDrive",A/T,2014,"현대 경매장",WBAVP9106EVV38052,A/4
"[혼다] 시빅(8세대) 1.8",3002,24마7354,회색,휘발유,https://img-auction.autobell.co.kr/OBmZCjL58I?src=https%3A%2F%2Fauction.autobell.co.kr%2FFileUpDown%2F5100%2Fcarimg%2F2609%2FD260900066%2FD260900066_02_02.jpg%3F1788311890556&type=m&w=400&h=250&quality=90&ttype=jpg,138965,180,"[혼다] 시빅(8세대) 1.8",A/T,2011,"현대 경매장",JHMFD1620BS200394,A/3
"[아우디] A4(3세대) 2.0 TFSI S라인",3003,22누7897,검정,휘발유,https://img-auction.autobell.co.kr/OBmZCjL58I?src=https%3A%2F%2Fauction.autobell.co.kr%2FFileUpDown%2F5100%2Fcarimg%2F2609%2FD260901382%2FD260901382_02_02.jpg%3F1789696819860&type=m&w=400&h=250&quality=90&ttype=jpg,176351,90,"[아우디] A4(3세대) 2.0 TFSI S라인",A/T,2008,"현대 경매장",WAUZZZ8E38A092368,A/4
"[혼다] 시빅(9세대) 1.8 LX",3004,13나4425,흰색,휘발유,https://img-auction.autobell.co.kr/OBmZCjL58I?src=https%3A%2F%2Fauction.autobell.co.kr%2FFileUpDown%2F5100%2Fcarimg%2F2609%2FD260900619%2FD260900619_02_02.jpg%3F1789004050327&type=m&w=400&h=250&quality=90&ttype=jpg,77164,330,"[혼다] 시빅(9세대) 1.8 LX",A/T,2013,"현대 경매장",19XFB2670DE300108,B/2
"[아우디] A6(4세대) 3.0 TDI 콰트로 LED팩",3005,43누6500,회색,경유,https://img-auction.autobell.co.kr/OBmZCjL58I?src=https%3A%2F%2Fauction.autobell.co.kr%2FFileUpDown%2F5100%2Fcarimg%2F2610%2FD261000080%2FD261000080_02_02.jpg%3F1790907317790&type=m&w=400&h=250&quality=90&ttype=jpg,204059,295,"[아우디] A6(4세대) 3.0 TDI 콰트로 LED팩",A/T,2014,"현대 경매장",WAUZZZ4G2EN031265,A/6
"[현대] 디 올뉴코나 1.6 가솔린 터보 2WD 모던",2329,194하7820,흰색,휘발유,https://img-auction.autobell.co.kr/OBmZCjL58I?src=https%3A%2F%2Fauction.autobell.co.kr%2FFileUpDown%2F1100%2Fcarimg%2F2610%2FA261000169%2FA261000169_02_02.jpg%3F1790923436319&type=m&w=400&h=250&quality=90&ttype=jpg,101394,1570,"[현대] 디 올뉴코나 1.6 가솔린 터보 2WD 모던",A/T,2023,"현대 경매장",KMHHB813BPU008919,A/4
"[기아] 신형 카니발(KA4) 7인승 가솔린 시그니처",2330,195하2516,흰색,휘발유,https://img-auction.autobell.co.kr/OBmZCjL58I?src=https%3A%2F%2Fauction.autobell.co.kr%2FFileUpDown%2F1100%2Fcarimg%2F2610%2FA261000210%2FA261000210_02_02.jpg%3F1790842307998&type=m&w=400&h=250&quality=90&ttype=jpg,62064,2860,"[기아] 신형 카니발(KA4) 7인승 가솔린 시그니처",A/T,2023,"현대 경매장",KNANE813BPS373544,A/7
"[기아] 더 뉴카니발(YP) 11인승 디젤 프레스티지",2331,71부9806,흰색,경유,https://img-auction.autobell.co.kr/OBmZCjL58I?src=https%3A%2F%2Fauction.autobell.co.kr%2FFileUpDown%2F1100%2Fcarimg%2F2609%2FA260901703%2FA260901703_02_02.jpg%3F1790649279607&type=m&w=400&h=250&quality=90&ttype=jpg,31366,1340,"[기아] 더 뉴카니발(YP) 11인승 디젤 프레스티지",A/T,2019,"현대 경매장",KNHMF37ABKS603155,A/5
"[현대] 코나 일렉트릭 EV 모던",2332,30가6944,흰색,전기,https://img-auction.autobell.co.kr/OBmZCjL58I?src=https%3A%2F%2Fauction.autobell.co.kr%2FFileUpDown%2F1100%2Fcarimg%2F2609%2FA260902253%2FA260902253_02_02.jpg%3F1790128104362&type=m&w=400&h=250&quality=90&ttype=jpg,52476,1565,"[현대] 코나 일렉트릭 EV 모던",A/T,2019,"현대 경매장",KMHK281HFKU046760,A/8
"[현대] 신형 싼타페 R2.0 2WD 익스클루시브",2333,60다1118,검정,경유,https://img-auction.autobell.co.kr/OBmZCjL58I?src=https%3A%2F%2Fauction.autobell.co.kr%2FFileUpDown%2F1100%2Fcarimg%2F2610%2FA261000106%2FA261000106_02_02.jpg%3F1790914249728&type=m&w=400&h=250&quality=90&ttype=jpg,56916,1505,"[현대] 신형 싼타페 R2.0 2WD 익스클루시브",A/T,2019,"현대 경매장",KMHS281BBKU163276,A/6
"[기아] 니로 플러스 어스",2334,49호9153,흰색,전기,https://img-auction.autobell.co.kr/OBmZCjL58I?src=https%3A%2F%2Fauction.autobell.co.kr%2FFileUpDown%2F1100%2Fcarimg%2F2610%2FA261000115%2FA261000115_02_02.jpg%3F1790920694820&type=m&w=400&h=250&quality=90&ttype=jpg,163218,1155,"[기아] 니로 플러스 어스",A/T,2023,"현대 경매장",KNAA281GFPT007424,A/3
"[기아] EV6 롱 레인지 2WD 에어",2335,01호8348,흰색,전기,https://img-auction.autobell.co.kr/OBmZCjL58I?src=https%3A%2F%2Fauction.autobell.co.kr%2FFileUpDown%2F1100%2Fcarimg%2F2610%2FA261000132%2FA261000132_02_02.jpg%3F1790924244472&type=m&w=400&h=250&quality=90&ttype=jpg,161325,1820,"[기아] EV6 롱 레인지 2WD 에어",A/T,2023,"현대 경매장",KNAC281AFPA601463,A/3
"[현대] 디 올뉴코나 1.6 가솔린 터보 2WD 모던",2336,195호1948,흰색,휘발유,https://img-auction.autobell.co.kr/OBmZCjL58I?src=https%3A%2F%2Fauction.autobell.co.kr%2FFileUpDown%2F1100%2Fcarimg%2F2610%2FA261000138%2FA261000138_02_02.jpg%3F1790916466682&type=m&w=400&h=250&quality=90&ttype=jpg,99789,1510,"[현대] 디 올뉴코나 1.6 가솔린 터보 2WD 모던",A/T,2023,"현대 경매장",KMHHB813BPU003063,A/3
"[르노(삼성)] XM3 1.6 GTe LE 플러스",2337,345주9828,회색,휘발유,https://img-auction.autobell.co.kr/OBmZCjL58I?src=https%3A%2F%2Fauction.autobell.co.kr%2FFileUpDown%2F1100%2Fcarimg%2F2610%2FA261000023%2FA261000023_02_02.jpg%3F1790918084142&type=m&w=400&h=250&quality=90&ttype=jpg,75930,870,"[르노(삼성)] XM3 1.6 GTe LE 플러스",A/T,2020,"현대 경매장",KNMK5C2HMLP008273,A/6
"[현대] 더 뉴그랜드스타렉스 9인승 디젤 익스클루시브",2338,35더6859,회색,경유,https://img-auction.autobell.co.kr/OBmZCjL58I?src=https%3A%2F%2Fauction.autobell.co.kr%2FFileUpDown%2F1100%2Fcarimg%2F2608%2FA260800515%2FA260800515_02_02.jpg%3F1790915678283&type=m&w=400&h=250&quality=90&ttype=jpg,274753,930,"[현대] 더 뉴그랜드스타렉스 9인승 디젤 익스클루시브",A/T,2019,"현대 경매장",KMHWK81KBKU079867,A/2
"[현대] 팰리세이드 2.2 디젤 AWD 프레스티지",2339,232너9269,회색,경유,https://img-auction.autobell.co.kr/OBmZCjL58I?src=https%3A%2F%2Fauction.autobell.co.kr%2FFileUpDown%2F1100%2Fcarimg%2F2609%2FA260902829%2FA260902829_02_02.jpg%3F1790916038082&type=m&w=400&h=250&quality=90&ttype=jpg,205609,1790,"[현대] 팰리세이드 2.2 디젤 AWD 프레스티지",A/T,2020,"현대 경매장",KMHR381ADLU134703,B/4
"[현대] 신형 투싼 1.6 디젤 2WD 모던",2340,10가6062,검정,경유,https://img-auction.autobell.co.kr/OBmZCjL58I?src=https%3A%2F%2Fauction.autobell.co.kr%2FFileUpDown%2F1100%2Fcarimg%2F2610%2FA261000088%2FA261000088_02_02.jpg%3F1790913392999&type=m&w=400&h=250&quality=90&ttype=jpg,170598,760,"[현대] 신형 투싼 1.6 디젤 2WD 모던",A/T,2019,"현대 경매장",KMHJ3817GKU917502,A/4
"[현대] 스타리아 3.5 LPG 카고 3인승 모던",2341,866서2225,회색,LPG,https://img-auction.autobell.co.kr/OBmZCjL58I?src=https%3A%2F%2Fauction.autobell.co.kr%2FFileUpDown%2F1100%2Fcarimg%2F2609%2FA260901670%2FA260901670_02_02.jpg%3F1789447584044&type=m&w=400&h=250&quality=90&ttype=jpg,32231,2310,"[현대] 스타리아 3.5 LPG 카고 3인승 모던",A/T,2025,"현대 경매장",KMFYDX73BSU205130,A/6
"[KG모빌리티(쌍용)] 더 뉴렉스턴 스포츠 2.2 4WD 프레스티지",2342,93무1578,검정,경유,https://img-auction.autobell.co.kr/OBmZCjL58I?src=https%3A%2F%2Fauction.autobell.co.kr%2FFileUpDown%2F1100%2Fcarimg%2F2609%2FA260903425%2FA260903425_02_02.jpg%3F1790913259325&type=m&w=400&h=250&quality=90&ttype=jpg,117130,1365,"[KG모빌리티(쌍용)] 더 뉴렉스턴 스포츠 2.2 4WD 프레스티지",A/T,2021,"현대 경매장",KPADA4AE1MP146525,A/6
"[기아] 신형 카니발(KA4) 9인승 가솔린 시그니처",2343,156하3295,검정,휘발유,https://img-auction.autobell.co.kr/OBmZCjL58I?src=https%3A%2F%2Fauction.autobell.co.kr%2FFileUpDown%2F1100%2Fcarimg%2F2610%2FA261000215%2FA261000215_02_02.jpg%3F1790904535472&type=m&w=400&h=250&quality=90&ttype=jpg,41988,2630,"[기아] 신형 카니발(KA4) 9인승 가솔린 시그니처",A/T,2023,"현대 경매장",KNANE813BPS234004,A/6
"[쉐보레(대우)] 더 뉴트랙스 1.4 터보 프리미어",2344,105무7030,검정,휘발유,https://img-auction.autobell.co.kr/OBmZCjL58I?src=https%3A%2F%2Fauction.autobell.co.kr%2FFileUpDown%2F1100%2Fcarimg%2F2609%2FA260903394%2FA260903394_02_02.jpg%3F1790905959545&type=m&w=400&h=250&quality=90&ttype=jpg,79945,615,"[쉐보레(대우)] 더 뉴트랙스 1.4 터보 프리미어",A/T,2020,"현대 경매장",KLABA76BDLB343791,A/4
"[현대] 스타리아 2.2 디젤 투어러 11인승 4WD 모던",2345,700하3245,회색,경유,https://img-auction.autobell.co.kr/OBmZCjL58I?src=https%3A%2F%2Fauction.autobell.co.kr%2FFileUpDown%2F1100%2Fcarimg%2F2609%2FA260900803%2FA260900803_02_02.jpg%3F1788758252860&type=m&w=400&h=250&quality=90&ttype=jpg,46,6900,"[현대] 스타리아 2.2 디젤 투어러 11인승 4WD 모던",A/T,2025,"현대 경매장",KMJYB371DSU252858,A/9
"[기아] 봉고Ⅲ화물 CRDi 더블캡 초장축",2346,82우6358,흰색,경유,https://img-auction.autobell.co.kr/OBmZCjL58I?src=https%3A%2F%2Fauction.autobell.co.kr%2FFileUpDown%2F1100%2Fcarimg%2F2609%2FA260902052%2FA260902052_02_02.jpg%3F1790931036129&type=m&w=400&h=250&quality=90&ttype=jpg,289839,435,"[기아] 봉고Ⅲ화물 CRDi 더블캡 초장축",M/T,2019,"현대 경매장",KNCSJY76AKK282200,A/1
"[현대] 스타리아 2.2 디젤 투어러 9인승 4WD 모던",2347,142호7334,회색,경유,https://img-auction.autobell.co.kr/OBmZCjL58I?src=https%3A%2F%2Fauction.autobell.co.kr%2FFileUpDown%2F1100%2Fcarimg%2F2609%2FA260900804%2FA260900804_02_02.jpg%3F1788772842085&type=m&w=400&h=250&quality=90&ttype=jpg,99,7500,"[현대] 스타리아 2.2 디젤 투어러 9인승 4WD 모던",A/T,2025,"현대 경매장",KMHYA811DSU253412,A/9
"[KG모빌리티(쌍용)] 올 뉴코란도 1.5 가솔린 AWD C5 플러스",2348,355어3090,검정,휘발유,https://img-auction.autobell.co.kr/OBmZCjL58I?src=https%3A%2F%2Fauction.autobell.co.kr%2FFileUpDown%2F1100%2Fcarimg%2F2609%2FA260902254%2FA260902254_02_02.jpg%3F1790930341623&type=m&w=400&h=250&quality=90&ttype=jpg,116205,1010,"[KG모빌리티(쌍용)] 올 뉴코란도 1.5 가솔린 AWD C5 플러스",A/T,2022,"현대 경매장",KPBAA3AT1NP065535,A/5
"[기아] 더 뉴봉고Ⅲ화물 내장탑차 LPI 1.2톤 플러스형",2349,802나6891,흰색,LPG,https://img-auction.autobell.co.kr/OBmZCjL58I?src=https%3A%2F%2Fauction.autobell.co.kr%2FFileUpDown%2F1100%2Fcarimg%2F2609%2FA260902034%2FA260902034_02_02.jpg%3F1789611575745&type=m&w=400&h=250&quality=90&ttype=jpg,48982,1820,"[기아] 더 뉴봉고Ⅲ화물 내장탑차 LPI 1.2톤 플러스형",A/T,2024,"현대 경매장",KNFWTZ78BRK785401,A/3
"[KG모빌리티(쌍용)] 뉴 코란도C 2.0 AWD CVT 고급형",2350,63보8609,검정,경유,https://img-auction.autobell.co.kr/OBmZCjL58I?src=https%3A%2F%2Fauction.autobell.co.kr%2FFileUpDown%2F1100%2Fcarimg%2F2610%2FA261000284%2FA261000284_02_02.jpg%3F1790917678156&type=m&w=400&h=250&quality=90&ttype=jpg,78466,220,"[KG모빌리티(쌍용)] 뉴 코란도C 2.0 AWD CVT 고급형",A/T,2014,"현대 경매장",KPBBA3AK1EP131016,A/1
"[현대] 코나 1.6 가솔린 2WD 모던",2351,144가4141,흰색,휘발유,https://img-auction.autobell.co.kr/OBmZCjL58I?src=https%3A%2F%2Fauction.autobell.co.kr%2FFileUpDown%2F1100%2Fcarimg%2F2609%2FA260903106%2FA260903106_02_02.jpg%3F1790915220587&type=m&w=400&h=250&quality=90&ttype=jpg,86445,750,"[현대] 코나 1.6 가솔린 2WD 모던",A/T,2018,"현대 경매장",KMHK4815GJU062849,B/2
"[현대] 포터II 하이내장탑차 슈퍼캡",2352,800구7635,미색,경유,https://img-auction.autobell.co.kr/OBmZCjL58I?src=https%3A%2F%2Fauction.autobell.co.kr%2FFileUpDown%2F1100%2Fcarimg%2F2609%2FA260900738%2FA260900738_02_02.jpg%3F1788772562199&type=m&w=400&h=250&quality=90&ttype=jpg,50779,620,"[현대] 포터II 하이내장탑차 슈퍼캡",M/T,2018,"현대 경매장",KMFZSZ7KAJU514370,B/1
"[기아] 봉고Ⅲ화물 냉동탑차 1.2톤 표준캡",2353,92누8893,흰색,경유,https://img-auction.autobell.co.kr/OBmZCjL58I?src=https%3A%2F%2Fauction.autobell.co.kr%2FFileUpDown%2F1100%2Fcarimg%2F2610%2FA261000046%2FA261000046_02_02.jpg%3F1790906011908&type=m&w=400&h=250&quality=90&ttype=jpg,191670,680,"[기아] 봉고Ⅲ화물 냉동탑차 1.2톤 표준캡",M/T,2016,"현대 경매장",KNFWTX76AGK073853,A/4
"[현대] 포터II CRDi 슈퍼캡 초장축 모던",2304,81도2879,미색,경유,https://img-auction.autobell.co.kr/OBmZCjL58I?src=https%3A%2F%2Fauction.autobell.co.kr%2FFileUpDown%2F1100%2Fcarimg%2F2609%2FA260903456%2FA260903456_02_02.jpg%3F1790832154325&type=m&w=400&h=250&quality=90&ttype=jpg,232010,625,"[현대] 포터II CRDi 슈퍼캡 초장축 모던",M/T,2019,"현대 경매장",KMFZCZ7KAKU632254,A/1
"[기아] 더 뉴카니발 하이브리드(KA4) 1.6 HEV 7인승 시그니처",2305,219버6525,흰색,하이브리드,https://img-auction.autobell.co.kr/OBmZCjL58I?src=https%3A%2F%2Fauction.autobell.co.kr%2FFileUpDown%2F1100%2Fcarimg%2F2609%2FA260903506%2FA260903506_02_02.jpg%3F1790831356213&type=m&w=400&h=250&quality=90&ttype=jpg,19325,4605,"[기아] 더 뉴카니발 하이브리드(KA4) 1.6 HEV 7인승 시그니처",A/T,2026,"현대 경매장",KNANE81ABTS176836,A/9
"[기아] 더 뉴스포티지R 디젤 R2.0 2WD 프레스티지",2306,31노8986,흰색,경유,https://img-auction.autobell.co.kr/OBmZCjL58I?src=https%3A%2F%2Fauction.autobell.co.kr%2FFileUpDown%2F1100%2Fcarimg%2F2609%2FA260903515%2FA260903515_02_02.jpg%3F1790832829772&type=m&w=400&h=250&quality=90&ttype=jpg,126486,525,"[기아] 더 뉴스포티지R 디젤 R2.0 2WD 프레스티지",A/T,2014,"현대 경매장",KNAPE813BEK525766,A/5
"[기아] 신형 카니발(KA4) 9인승 디젤 프레스티지",2307,107마8093,흰색,경유,https://img-auction.autobell.co.kr/OBmZCjL58I?src=https%3A%2F%2Fauction.autobell.co.kr%2FFileUpDown%2F1100%2Fcarimg%2F2609%2FA260903252%2FA260903252_02_02.jpg%3F1790831646008&type=m&w=400&h=250&quality=90&ttype=jpg,135555,1425,"[기아] 신형 카니발(KA4) 9인승 디젤 프레스티지",A/T,2023,"현대 경매장",KNANB81BBPS267162,A/7
"[KG모빌리티(쌍용)] 코란도 스포츠 CX7 4WD 익스트림",2308,87너8351,회색,경유,https://img-auction.autobell.co.kr/OBmZCjL58I?src=https%3A%2F%2Fauction.autobell.co.kr%2FFileUpDown%2F1100%2Fcarimg%2F2609%2FA260902808%2FA260902808_02_02.jpg%3F1790831596312&type=m&w=400&h=250&quality=90&ttype=jpg,283465,280,"[KG모빌리티(쌍용)] 코란도 스포츠 CX7 4WD 익스트림",A/T,2016,"현대 경매장",KPACA4AN1GP275036,A/4
"[현대] 포터II 냉동탑차 슈퍼캡 트윈컴프",2309,85부9469,미색,경유,https://img-auction.autobell.co.kr/OBmZCjL58I?src=https%3A%2F%2Fauction.autobell.co.kr%2FFileUpDown%2F1100%2Fcarimg%2F2609%2FA260903639%2FA260903639_02_02.jpg%3F1790833810464&type=m&w=400&h=250&quality=90&ttype=jpg,243813,315,"[현대] 포터II 냉동탑차 슈퍼캡 트윈컴프",M/T,2015,"현대 경매장",KMFZSZ7KAFU157642,A/4
"[기아] 신형 카니발(KA4) 9인승 가솔린 프레스티지",2310,156하8471,회색,휘발유,https://img-auction.autobell.co.kr/OBmZCjL58I?src=https%3A%2F%2Fauction.autobell.co.kr%2FFileUpDown%2F1100%2Fcarimg%2F2609%2FA260900624%2FA260900624_02_02.jpg%3F1788743459952&type=m&w=400&h=250&quality=90&ttype=jpg,87454,1180,"[기아] 신형 카니발(KA4) 9인승 가솔린 프레스티지",A/T,2023,"현대 경매장",KNANB813BPS304439,C/2
"[현대] 포터II CRDi 슈퍼캡 초장축 스타일",2311,87소4684,파랑,경유,https://img-auction.autobell.co.kr/OBmZCjL58I?src=https%3A%2F%2Fauction.autobell.co.kr%2FFileUpDown%2F1100%2Fcarimg%2F2609%2FA260901195%2FA260901195_02_02.jpg%3F1790928271444&type=m&w=400&h=250&quality=90&ttype=jpg,161288,490,"[현대] 포터II CRDi 슈퍼캡 초장축 스타일",M/T,2018,"현대 경매장",KMFZCZ7KAJU460111,A/2
"[기아] 신형 카니발(KA4) 9인승 디젤 프레스티지",2312,156호2591,흰색,경유,https://img-auction.autobell.co.kr/OBmZCjL58I?src=https%3A%2F%2Fauction.autobell.co.kr%2FFileUpDown%2F1100%2Fcarimg%2F2609%2FA260902105%2FA260902105_02_02.jpg%3F1789712760608&type=m&w=400&h=250&quality=90&ttype=jpg,142591,1370,"[기아] 신형 카니발(KA4) 9인승 디젤 프레스티지",A/T,2021,"현대 경매장",KNANB81BBMS110244,A/5
"[현대] 넥쏘 FCEV 프리미엄",2313,06모5870,흰색,수소,https://img-auction.autobell.co.kr/OBmZCjL58I?src=https%3A%2F%2Fauction.autobell.co.kr%2FFileUpDown%2F1100%2Fcarimg%2F2610%2FA261000043%2FA261000043_02_02.jpg%3F1790837642442&type=m&w=400&h=250&quality=90&ttype=jpg,30849,2105,"[현대] 넥쏘 FCEV 프리미엄",A/T,2024,"현대 경매장",KMHJ8816FRU040087,A/4
"[기아] 신형 카니발(KA4) 9인승 가솔린 시그니처",2314,195호8490,흰색,휘발유,https://img-auction.autobell.co.kr/OBmZCjL58I?src=https%3A%2F%2Fauction.autobell.co.kr%2FFileUpDown%2F1100%2Fcarimg%2F2609%2FA260901161%2FA260901161_02_02.jpg%3F1789372398038&type=m&w=400&h=250&quality=90&ttype=jpg,40826,2360,"[기아] 신형 카니발(KA4) 9인승 가솔린 시그니처",A/T,2023,"현대 경매장",KNANE813BPS350081,A/7
"[KG모빌리티(쌍용)] 티볼리 아머 1.6 가솔린 기어 플러스",2315,56고0407,흰색,휘발유,https://img-auction.autobell.co.kr/OBmZCjL58I?src=https%3A%2F%2Fauction.autobell.co.kr%2FFileUpDown%2F1100%2Fcarimg%2F2609%2FA260903587%2FA260903587_02_02.jpg%3F1790839922086&type=m&w=400&h=250&quality=90&ttype=jpg,124813,640,"[KG모빌리티(쌍용)] 티볼리 아머 1.6 가솔린 기어 플러스",A/T,2019,"현대 경매장",KPBXH3AR1KP288189,A/7
"[기아] 신형 카니발(KA4) 9인승 가솔린 프레스티지",2316,194호3959,검정,휘발유,https://img-auction.autobell.co.kr/OBmZCjL58I?src=https%3A%2F%2Fauction.autobell.co.kr%2FFileUpDown%2F1100%2Fcarimg%2F2609%2FA260902108%2FA260902108_02_02.jpg%3F1789631541710&type=m&w=400&h=250&quality=90&ttype=jpg,82190,1730,"[기아] 신형 카니발(KA4) 9인승 가솔린 프레스티지",A/T,2023,"현대 경매장",KNANB813BPS250368,A/5
"[KG모빌리티(쌍용)] 코란도C 시크 2WD",2317,14가8070,회색,경유,https://img-auction.autobell.co.kr/OBmZCjL58I?src=https%3A%2F%2Fauction.autobell.co.kr%2FFileUpDown%2F1100%2Fcarimg%2F2610%2FA261000024%2FA261000024_02_02.jpg%3F1790838587364&type=m&w=400&h=250&quality=90&ttype=jpg,112372,145,"[KG모빌리티(쌍용)] 코란도C 시크 2WD",A/T,2012,"현대 경매장",KPBBH3AK1CP073560,A/3
"[기아] 쏘렌토 R 디젤 2.0 2WD TLX 최고급형",2318,34수6945,흰색,경유,https://img-auction.autobell.co.kr/OBmZCjL58I?src=https%3A%2F%2Fauction.autobell.co.kr%2FFileUpDown%2F1100%2Fcarimg%2F2610%2FA261000018%2FA261000018_02_02.jpg%3F1790841054356&type=m&w=400&h=250&quality=90&ttype=jpg,273945,150,"[기아] 쏘렌토 R 디젤 2.0 2WD TLX 최고급형",A/T,2011,"현대 경매장",KNAKU815BBA206906,C/1
"[르노(삼성)] 뉴 QM6 2.0 LPe LE",2319,100저9526,회색,LPG,https://img-auction.autobell.co.kr/OBmZCjL58I?src=https%3A%2F%2Fauction.autobell.co.kr%2FFileUpDown%2F1100%2Fcarimg%2F2610%2FA261000013%2FA261000013_02_02.jpg%3F1790834046413&type=m&w=400&h=250&quality=90&ttype=jpg,88590,1111,"[르노(삼성)] 뉴 QM6 2.0 LPe LE",A/T,2021,"현대 경매장",KNME5C2C0MP059336,A/4
"[기아] 쏘렌토 R 디젤 2.0 2WD TLX 최고급형",2320,66버2223,회색,경유,https://img-auction.autobell.co.kr/OBmZCjL58I?src=https%3A%2F%2Fauction.autobell.co.kr%2FFileUpDown%2F1100%2Fcarimg%2F2610%2FA261000051%2FA261000051_02_02.jpg%3F1790839389986&type=m&w=400&h=250&quality=90&ttype=jpg,214873,250,"[기아] 쏘렌토 R 디젤 2.0 2WD TLX 최고급형",A/T,2012,"현대 경매장",KNAKU815BCA331689,A/2
"[현대] 포터II CRDi 슈퍼캡 초장축 스타일",2321,84구6696,파랑,경유,https://img-auction.autobell.co.kr/OBmZCjL58I?src=https%3A%2F%2Fauction.autobell.co.kr%2FFileUpDown%2F1100%2Fcarimg%2F2610%2FA261000061%2FA261000061_02_02.jpg%3F1790838071678&type=m&w=400&h=250&quality=90&ttype=jpg,180435,450,"[현대] 포터II CRDi 슈퍼캡 초장축 스타일",M/T,2017,"현대 경매장",KMFZCZ7KAHU379373,A/1
"[쉐보레(대우)] 더 뉴트랙스 1.4 터보 LT 디럭스",2322,02마5179,흰색,휘발유,https://img-auction.autobell.co.kr/OBmZCjL58I?src=https%3A%2F%2Fauction.autobell.co.kr%2FFileUpDown%2F1100%2Fcarimg%2F2610%2FA261000064%2FA261000064_02_02.jpg%3F1790905348889&type=m&w=400&h=250&quality=90&ttype=jpg,149872,390,"[쉐보레(대우)] 더 뉴트랙스 1.4 터보 LT 디럭스",A/T,2018,"현대 경매장",KLABA76BDJB505445,A/5
"[현대] 아이오닉 5 EV 2WD 롱레인지 익스클루시브",2323,08하5617,흰색,전기,https://img-auction.autobell.co.kr/OBmZCjL58I?src=https%3A%2F%2Fauction.autobell.co.kr%2FFileUpDown%2F1100%2Fcarimg%2F2610%2FA261000118%2FA261000118_02_02.jpg%3F1790926807390&type=m&w=400&h=250&quality=90&ttype=jpg,184716,2230,"[현대] 아이오닉 5 EV 2WD 롱레인지 익스클루시브",A/T,2023,"현대 경매장",KMHKN81EFPU145496,A/6
"[기아] 더 뉴카니발(YP) 9인승 디젤 럭셔리",2324,368소4904,흰색,경유,https://img-auction.autobell.co.kr/OBmZCjL58I?src=https%3A%2F%2Fauction.autobell.co.kr%2FFileUpDown%2F1100%2Fcarimg%2F2609%2FA260903490%2FA260903490_02_02.jpg%3F1790842672061&type=m&w=400&h=250&quality=90&ttype=jpg,103380,770,"[기아] 더 뉴카니발(YP) 9인승 디젤 럭셔리",A/T,2019,"현대 경매장",KNAMB81ABKS448393,A/1
"[현대] 디 올뉴코나 1.6 가솔린 터보 2WD 모던",2325,194하7739,흰색,휘발유,https://img-auction.autobell.co.kr/OBmZCjL58I?src=https%3A%2F%2Fauction.autobell.co.kr%2FFileUpDown%2F1100%2Fcarimg%2F2610%2FA261000162%2FA261000162_02_02.jpg%3F1790918360734&type=m&w=400&h=250&quality=90&ttype=jpg,107686,1400,"[현대] 디 올뉴코나 1.6 가솔린 터보 2WD 모던",A/T,2023,"현대 경매장",KMHHB813BPU008452,A/6
"[현대] 그랜드스타렉스 3인승 디젤 밴 CVX 럭셔리",2326,87부8471,회색,경유,https://img-auction.autobell.co.kr/OBmZCjL58I?src=https%3A%2F%2Fauction.autobell.co.kr%2FFileUpDown%2F1100%2Fcarimg%2F2609%2FA260903452%2FA260903452_02_02.jpg%3F1790905643560&type=m&w=400&h=250&quality=90&ttype=jpg,190583,260,"[현대] 그랜드스타렉스 3인승 디젤 밴 CVX 럭셔리",A/T,2016,"현대 경매장",KMFWBX7KBGU755253,A/2
"[기아] EV6 롱 레인지 2WD 에어",2327,01호8335,회색,전기,https://img-auction.autobell.co.kr/OBmZCjL58I?src=https%3A%2F%2Fauction.autobell.co.kr%2FFileUpDown%2F1100%2Fcarimg%2F2610%2FA261000131%2FA261000131_02_02.jpg%3F1790925256598&type=m&w=400&h=250&quality=90&ttype=jpg,212456,1620,"[기아] EV6 롱 레인지 2WD 에어",A/T,2023,"현대 경매장",KNAC281AFPA106979,A/6
"[제네시스] GV80 3.5 가솔린 AWD 기본형",2328,398가1677,파랑,휘발유,https://img-auction.autobell.co.kr/OBmZCjL58I?src=https%3A%2F%2Fauction.autobell.co.kr%2FFileUpDown%2F1100%2Fcarimg%2F2610%2FA261000205%2FA261000205_02_02.jpg%3F1790903905667&type=m&w=400&h=250&quality=90&ttype=jpg,150709,3050,"[제네시스] GV80 3.5 가솔린 AWD 기본형",A/T,2020,"현대 경매장",KMTHC81CDLU011512,A/6
"[제네시스] GV80 2.5 가솔린 AWD 기본형",2278,133모2120,흰색,휘발유,https://img-auction.autobell.co.kr/OBmZCjL58I?src=https%3A%2F%2Fauction.autobell.co.kr%2FFileUpDown%2F1100%2Fcarimg%2F2609%2FA260902918%2FA260902918_02_02.jpg%3F1790755947448&type=m&w=400&h=250&quality=90&ttype=jpg,93125,4380,"[제네시스] GV80 2.5 가솔린 AWD 기본형",A/T,2022,"현대 경매장",KMTHA81BDNU134220,A/8
"[르노(삼성)] QM6 2.0 dCi 2WD RE 시그니처",2279,32주6191,회색,경유,https://img-auction.autobell.co.kr/OBmZCjL58I?src=https%3A%2F%2Fauction.autobell.co.kr%2FFileUpDown%2F1100%2Fcarimg%2F2609%2FA260902942%2FA260902942_02_02.jpg%3F1790818742930&type=m&w=400&h=250&quality=90&ttype=jpg,284314,450,"[르노(삼성)] QM6 2.0 dCi 2WD RE 시그니처",A/T,2017,"현대 경매장",KNME5C2M0HP013522,A/4
"[현대] 올 뉴투싼 디젤 R2.0 2WD 스타일",2280,26마4443,검정,경유,https://img-auction.autobell.co.kr/OBmZCjL58I?src=https%3A%2F%2Fauction.autobell.co.kr%2FFileUpDown%2F1100%2Fcarimg%2F2609%2FA260903519%2FA260903519_02_02.jpg%3F1790818405958&type=m&w=400&h=250&quality=90&ttype=jpg,213974,365,"[현대] 올 뉴투싼 디젤 R2.0 2WD 스타일",A/T,2016,"현대 경매장",KMHJ281ABGU001255,A/2
"[현대] 싼타페(DM) 디젤 R2.2 4WD 익스클루시브",2281,275너6083,파랑,경유,https://img-auction.autobell.co.kr/OBmZCjL58I?src=https%3A%2F%2Fauction.autobell.co.kr%2FFileUpDown%2F1100%2Fcarimg%2F2609%2FA260903447%2FA260903447_02_02.jpg%3F1790820873369&type=m&w=400&h=250&quality=90&ttype=jpg,221325,545,"[현대] 싼타페(DM) 디젤 R2.2 4WD 익스클루시브",A/T,2015,"현대 경매장",KMHSW81XDFU333803,A/1
"[기아] 봉고Ⅲ화물 CRDi 킹캡 초장축",2282,844우8840,흰색,경유,https://img-auction.autobell.co.kr/OBmZCjL58I?src=https%3A%2F%2Fauction.autobell.co.kr%2FFileUpDown%2F1100%2Fcarimg%2F2609%2FA260903674%2FA260903674_02_02.jpg%3F1790826145625&type=m&w=400&h=250&quality=90&ttype=jpg,104624,550,"[기아] 봉고Ⅲ화물 CRDi 킹캡 초장축",M/T,2017,"현대 경매장",KNCSJZ76AHK120717,A/6
"[기아] 올 뉴카렌스 1.7 VGT 디젤 프레스티지",2283,19조7867,흰색,경유,https://img-auction.autobell.co.kr/OBmZCjL58I?src=https%3A%2F%2Fauction.autobell.co.kr%2FFileUpDown%2F1100%2Fcarimg%2F2609%2FA260903405%2FA260903405_02_02.jpg%3F1790821662626&type=m&w=400&h=250&quality=90&ttype=jpg,204404,205,"[기아] 올 뉴카렌스 1.7 VGT 디젤 프레스티지",A/T,2014,"현대 경매장",KNAHU815BEK021289,A/1
"[현대] 올 뉴투싼 디젤 R2.0 2WD 모던",2284,152다3403,회색,경유,https://img-auction.autobell.co.kr/OBmZCjL58I?src=https%3A%2F%2Fauction.autobell.co.kr%2FFileUpDown%2F1100%2Fcarimg%2F2609%2FA260903574%2FA260903574_02_02.jpg%3F1790819756186&type=m&w=400&h=250&quality=90&ttype=jpg,110516,870,"[현대] 올 뉴투싼 디젤 R2.0 2WD 모던",A/T,2018,"현대 경매장",KMHJ381ABJU519831,A/5
"[현대] 싼타페 더 프라임 디젤 R2.2 4WD 익스클루시브 스페셜",2285,58버0676,흰색,경유,https://img-auction.autobell.co.kr/OBmZCjL58I?src=https%3A%2F%2Fauction.autobell.co.kr%2FFileUpDown%2F1100%2Fcarimg%2F2609%2FA260903402%2FA260903402_02_02.jpg%3F1790819618426&type=m&w=400&h=250&quality=90&ttype=jpg,214504,780,"[현대] 싼타페 더 프라임 디젤 R2.2 4WD 익스클루시브 스페셜",A/T,2016,"현대 경매장",KMHSW81XDGU621508,A/3
"[기아] 니로 1.6 하이브리드 프레스티지",2286,65조9146,파랑,하이브리드,https://img-auction.autobell.co.kr/OBmZCjL58I?src=https%3A%2F%2Fauction.autobell.co.kr%2FFileUpDown%2F1100%2Fcarimg%2F2609%2FA260903465%2FA260903465_02_02.jpg%3F1790817656688&type=m&w=400&h=250&quality=90&ttype=jpg,75746,1200,"[기아] 니로 1.6 하이브리드 프레스티지",A/T,2018,"현대 경매장",KNACB81CGJA087792,A/6
"[기아] 뉴쏘렌토 R R2.0 4WD 트렌디",2287,50부1737,흰색,경유,https://img-auction.autobell.co.kr/OBmZCjL58I?src=https%3A%2F%2Fauction.autobell.co.kr%2FFileUpDown%2F1100%2Fcarimg%2F2609%2FA260903481%2FA260903481_02_02.jpg%3F1790820213102&type=m&w=400&h=250&quality=90&ttype=jpg,239931,325,"[기아] 뉴쏘렌토 R R2.0 4WD 트렌디",A/T,2014,"현대 경매장",KNAKU815DEA477158,A/4
"[KG모빌리티(쌍용)] 티볼리 가솔린 2WD LX 최고급형",2288,40루3407,흰색,휘발유,https://img-auction.autobell.co.kr/OBmZCjL58I?src=https%3A%2F%2Fauction.autobell.co.kr%2FFileUpDown%2F1100%2Fcarimg%2F2609%2FA260903126%2FA260903126_02_02.jpg%3F1790826794222&type=m&w=400&h=250&quality=90&ttype=jpg,185764,395,"[KG모빌리티(쌍용)] 티볼리 가솔린 2WD LX 최고급형",A/T,2015,"현대 경매장",KPBXH3AR1FP017536,A/6
"[현대] 베라크루즈 수출형",2289,66오0694,흰색,휘발유,https://img-auction.autobell.co.kr/OBmZCjL58I?src=https%3A%2F%2Fauction.autobell.co.kr%2FFileUpDown%2F1100%2Fcarimg%2F2609%2FA260903568%2FA260903568_02_02.jpg%3F1790814975852&type=m&w=400&h=250&quality=90&ttype=jpg,250438,380,"[현대] 베라크루즈 수출형",A/T,2011,"현대 경매장",KM8NU4CC5BU143184,A/3
"[기아] 올 뉴쏘렌토 R2.2 4WD 노블레스 스페셜",2290,31노7402,회색,경유,https://img-auction.autobell.co.kr/OBmZCjL58I?src=https%3A%2F%2Fauction.autobell.co.kr%2FFileUpDown%2F1100%2Fcarimg%2F2609%2FA260903608%2FA260903608_02_02.jpg%3F1790816716666&type=m&w=400&h=250&quality=90&ttype=jpg,275074,570,"[기아] 올 뉴쏘렌토 R2.2 4WD 노블레스 스페셜",A/T,2015,"현대 경매장",KNAPK81BDFA029194,A/5
"[현대] 포터II CRDi 슈퍼캡 초장축 프리미엄",2291,97서7479,미색,경유,https://img-auction.autobell.co.kr/OBmZCjL58I?src=https%3A%2F%2Fauction.autobell.co.kr%2FFileUpDown%2F1100%2Fcarimg%2F2609%2FA260903538%2FA260903538_02_02.jpg%3F1790819271256&type=m&w=400&h=250&quality=90&ttype=jpg,77131,815,"[현대] 포터II CRDi 슈퍼캡 초장축 프리미엄",M/T,2017,"현대 경매장",KMFZCZ7KAHU377938,A/7
"[기아] 봉고Ⅲ화물 CRDi 더블캡 초장축",2292,81고8093,흰색,경유,https://img-auction.autobell.co.kr/OBmZCjL58I?src=https%3A%2F%2Fauction.autobell.co.kr%2FFileUpDown%2F1100%2Fcarimg%2F2609%2FA260903153%2FA260903153_02_02.jpg%3F1790818437605&type=m&w=400&h=250&quality=90&ttype=jpg,121898,625,"[기아] 봉고Ⅲ화물 CRDi 더블캡 초장축",A/T,2017,"현대 경매장",KNCSJY76BHK116742,A/1
"[기아] 봉고Ⅲ화물 냉동탑차 1톤 킹캡",2293,81다1898,흰색,경유,https://img-auction.autobell.co.kr/OBmZCjL58I?src=https%3A%2F%2Fauction.autobell.co.kr%2FFileUpDown%2F1100%2Fcarimg%2F2609%2FA260903136%2FA260903136_02_02.jpg%3F1790559888175&type=m&w=400&h=250&quality=90&ttype=jpg,294463,440,"[기아] 봉고Ⅲ화물 냉동탑차 1톤 킹캡",A/T,2019,"현대 경매장",KNFSTZ76BKK302579,A/2
"[현대] 디 올뉴코나 1.6 가솔린 터보 2WD 모던",2294,194하7846,흰색,휘발유,https://img-auction.autobell.co.kr/OBmZCjL58I?src=https%3A%2F%2Fauction.autobell.co.kr%2FFileUpDown%2F1100%2Fcarimg%2F2610%2FA261000170%2FA261000170_02_02.jpg%3F1790920068698&type=m&w=400&h=250&quality=90&ttype=jpg,99613,1500,"[현대] 디 올뉴코나 1.6 가솔린 터보 2WD 모던",A/T,2023,"현대 경매장",KMHHB813BPU008893,A/5
"[르노(삼성)] XM3 1.3 TCe RE",2295,165호1623,흰색,휘발유,https://img-auction.autobell.co.kr/OBmZCjL58I?src=https%3A%2F%2Fauction.autobell.co.kr%2FFileUpDown%2F1100%2Fcarimg%2F2610%2FA261000094%2FA261000094_02_02.jpg%3F1790833033239&type=m&w=400&h=250&quality=90&ttype=jpg,59369,860,"[르노(삼성)] XM3 1.3 TCe RE",A/T,2022,"현대 경매장",KNMK5B2RMNP030861,A/6
"[현대] 더 올뉴투싼 하이브리드 1.6 HEV 2WD 모던",2296,165호1687,회색,하이브리드,https://img-auction.autobell.co.kr/OBmZCjL58I?src=https%3A%2F%2Fauction.autobell.co.kr%2FFileUpDown%2F1100%2Fcarimg%2F2610%2FA261000096%2FA261000096_02_02.jpg%3F1790833101740&type=m&w=400&h=250&quality=90&ttype=jpg,112264,1340,"[현대] 더 올뉴투싼 하이브리드 1.6 HEV 2WD 모던",A/T,2022,"현대 경매장",KMHJB811BNU039682,A/6
"[기아] 신형 카니발(KA4) 9인승 디젤 시그니처",2297,160하3836,흰색,경유,https://img-auction.autobell.co.kr/OBmZCjL58I?src=https%3A%2F%2Fauction.autobell.co.kr%2FFileUpDown%2F1100%2Fcarimg%2F2610%2FA261000097%2FA261000097_02_02.jpg%3F1790833133046&type=m&w=400&h=250&quality=90&ttype=jpg,83520,1790,"[기아] 신형 카니발(KA4) 9인승 디젤 시그니처",A/T,2021,"현대 경매장",KNANE81BBMS114880,A/5
"[현대] 스타리아 3.5 LPG 카고 5인승 모던",2298,825보5456,회색,LPG,https://img-auction.autobell.co.kr/OBmZCjL58I?src=https%3A%2F%2Fauction.autobell.co.kr%2FFileUpDown%2F1100%2Fcarimg%2F2610%2FA261000099%2FA261000099_02_02.jpg%3F1790833196316&type=m&w=400&h=250&quality=90&ttype=jpg,63240,1840,"[현대] 스타리아 3.5 LPG 카고 5인승 모던",A/T,2023,"현대 경매장",KMFYCX73BPU143940,A/5
"[기아] 더 뉴카니발(YP) 9인승 디젤 노블레스 스페셜",2299,68호0839,흰색,경유,https://img-auction.autobell.co.kr/OBmZCjL58I?src=https%3A%2F%2Fauction.autobell.co.kr%2FFileUpDown%2F1100%2Fcarimg%2F2610%2FA261000100%2FA261000100_02_02.jpg%3F1790833163922&type=m&w=400&h=250&quality=90&ttype=jpg,123178,970,"[기아] 더 뉴카니발(YP) 9인승 디젤 노블레스 스페셜",A/T,2019,"현대 경매장",KNAME81ABKS572852,A/5
"[현대] 투싼 ix 디젤 R20 2WD LX20 럭셔리",2300,49라4782,미색,경유,https://img-auction.autobell.co.kr/OBmZCjL58I?src=https%3A%2F%2Fauction.autobell.co.kr%2FFileUpDown%2F1100%2Fcarimg%2F2609%2FA260902153%2FA260902153_02_02.jpg%3F1789708895233&type=m&w=400&h=250&quality=90&ttype=jpg,144380,225,"[현대] 투싼 ix 디젤 R20 2WD LX20 럭셔리",A/T,2010,"현대 경매장",KMHJU81VBAU008789,A/4
"[기아] 더 뉴카니발(YP) 아웃도어 9인승 디젤 프레스티지",2301,128하6607,검정,경유,https://img-auction.autobell.co.kr/OBmZCjL58I?src=https%3A%2F%2Fauction.autobell.co.kr%2FFileUpDown%2F1100%2Fcarimg%2F2610%2FA261000101%2FA261000101_02_02.jpg%3F1790832999967&type=m&w=400&h=250&quality=90&ttype=jpg,138754,1010,"[기아] 더 뉴카니발(YP) 아웃도어 9인승 디젤 프레스티지",A/T,2020,"현대 경매장",KNAMC81ABLS617070,A/4
"[제네시스] GV80 3.0 디젤 AWD 기본형",2302,187버9506,파랑,경유,https://img-auction.autobell.co.kr/OBmZCjL58I?src=https%3A%2F%2Fauction.autobell.co.kr%2FFileUpDown%2F1100%2Fcarimg%2F2609%2FA260900450%2FA260900450_02_02.jpg%3F1788928056485&type=m&w=400&h=250&quality=90&ttype=jpg,57420,3590,"[제네시스] GV80 3.0 디젤 AWD 기본형",A/T,2022,"현대 경매장",KMTHB81DDNU092008,A/4
"[기아] 더 뉴카니발(YP) 9인승 디젤 노블레스",2303,62호0155,회색,경유,https://img-auction.autobell.co.kr/OBmZCjL58I?src=https%3A%2F%2Fauction.autobell.co.kr%2FFileUpDown%2F1100%2Fcarimg%2F2609%2FA260902092%2FA260902092_02_02.jpg%3F1789698105133&type=m&w=400&h=250&quality=90&ttype=jpg,131562,760,"[기아] 더 뉴카니발(YP) 9인승 디젤 노블레스",A/T,2019,"현대 경매장",KNAME81ABKS564529,A/1
"[기아] 더 뉴스포티지R 디젤 R2.0 2WD 프레스티지",2253,62루3309,흰색,경유,https://img-auction.autobell.co.kr/OBmZCjL58I?src=https%3A%2F%2Fauction.autobell.co.kr%2FFileUpDown%2F1100%2Fcarimg%2F2609%2FA260903311%2FA260903311_02_02.jpg%3F1790813992510&type=m&w=400&h=250&quality=90&ttype=jpg,168622,430,"[기아] 더 뉴스포티지R 디젤 R2.0 2WD 프레스티지",A/T,2014,"현대 경매장",KNAPE813BEK648253,A/6
"[기아] 신형 카니발(KA4) 9인승 디젤 시그니처",2254,258모9848,검정,경유,https://img-auction.autobell.co.kr/OBmZCjL58I?src=https%3A%2F%2Fauction.autobell.co.kr%2FFileUpDown%2F1100%2Fcarimg%2F2609%2FA260903034%2FA260903034_02_02.jpg%3F1790574398944&type=m&w=400&h=250&quality=90&ttype=jpg,123777,1970,"[기아] 신형 카니발(KA4) 9인승 디젤 시그니처",A/T,2023,"현대 경매장",KNANE81BBPS273070,A/6
"[현대] 올 뉴투싼 디젤 1.7 2WD 모던",2255,36고2553,흰색,경유,https://img-auction.autobell.co.kr/OBmZCjL58I?src=https%3A%2F%2Fauction.autobell.co.kr%2FFileUpDown%2F1100%2Fcarimg%2F2609%2FA260903457%2FA260903457_02_02.jpg%3F1790757646405&type=m&w=400&h=250&quality=90&ttype=jpg,170056,695,"[현대] 올 뉴투싼 디젤 1.7 2WD 모던",A/T,2018,"현대 경매장",KMHJ3815GJU733687,A/7
"[기아] 신형 카니발(KA4) 9인승 디젤 노블레스",2256,385로1134,검정,경유,https://img-auction.autobell.co.kr/OBmZCjL58I?src=https%3A%2F%2Fauction.autobell.co.kr%2FFileUpDown%2F1100%2Fcarimg%2F2609%2FA260901182%2FA260901182_02_02.jpg%3F1789609960145&type=m&w=400&h=250&quality=90&ttype=jpg,125318,1490,"[기아] 신형 카니발(KA4) 9인승 디젤 노블레스",A/T,2022,"현대 경매장",KNANC81BBNS144760,A/5
"[기아] 올 뉴쏘렌토 R2.0 2WD 프레스티지",2257,320마9770,회색,경유,https://img-auction.autobell.co.kr/OBmZCjL58I?src=https%3A%2F%2Fauction.autobell.co.kr%2FFileUpDown%2F1100%2Fcarimg%2F2609%2FA260903380%2FA260903380_02_02.jpg%3F1790756661970&type=m&w=400&h=250&quality=90&ttype=jpg,269173,415,"[기아] 올 뉴쏘렌토 R2.0 2WD 프레스티지",A/T,2016,"현대 경매장",KNAPS81ABGA246534,A/2
"[기아] 더 뉴카니발(KA4) 7인승 가솔린 노블레스",2258,133호5407,검정,휘발유,https://img-auction.autobell.co.kr/OBmZCjL58I?src=https%3A%2F%2Fauction.autobell.co.kr%2FFileUpDown%2F1100%2Fcarimg%2F2609%2FA260903651%2FA260903651_02_02.jpg%3F1790815965360&type=m&w=400&h=250&quality=90&ttype=jpg,44707,2920,"[기아] 더 뉴카니발(KA4) 7인승 가솔린 노블레스",A/T,2025,"현대 경매장",KNANC813BSS471179,A/7
"[기아] 모하비 더 마스터 3.0 디젤 4WD 마스터즈 그래비티",2259,239서8297,검정,경유,https://img-auction.autobell.co.kr/OBmZCjL58I?src=https%3A%2F%2Fauction.autobell.co.kr%2FFileUpDown%2F1100%2Fcarimg%2F2609%2FA260903280%2FA260903280_02_02.jpg%3F1790814311885&type=m&w=400&h=250&quality=90&ttype=jpg,159742,1960,"[기아] 모하비 더 마스터 3.0 디젤 4WD 마스터즈 그래비티",A/T,2021,"현대 경매장",KNAKR814DMA229476,A/7
"[기아] 신형 카니발(KA4) 9인승 가솔린 시그니처",2260,398가7381,흰색,휘발유,https://img-auction.autobell.co.kr/OBmZCjL58I?src=https%3A%2F%2Fauction.autobell.co.kr%2FFileUpDown%2F1100%2Fcarimg%2F2609%2FA260901183%2FA260901183_02_02.jpg%3F1789006560422&type=m&w=400&h=250&quality=90&ttype=jpg,70750,2540,"[기아] 신형 카니발(KA4) 9인승 가솔린 시그니처",A/T,2023,"현대 경매장",KNANE813BPS304747,A/6
"[현대] 더 뉴그랜드스타렉스 11인승 디젤 모던",2261,71거9739,검정,경유,https://img-auction.autobell.co.kr/OBmZCjL58I?src=https%3A%2F%2Fauction.autobell.co.kr%2FFileUpDown%2F1100%2Fcarimg%2F2609%2FA260903227%2FA260903227_02_02.jpg%3F1790756621259&type=m&w=400&h=250&quality=90&ttype=jpg,120457,1230,"[현대] 더 뉴그랜드스타렉스 11인승 디젤 모던",A/T,2021,"현대 경매장",KMJWA37KBMU152968,B/1
"[현대] 더 뉴그랜드스타렉스 5인승 디젤 밴 스마트",2262,84수5613,회색,경유,https://img-auction.autobell.co.kr/OBmZCjL58I?src=https%3A%2F%2Fauction.autobell.co.kr%2FFileUpDown%2F1100%2Fcarimg%2F2610%2FA261000093%2FA261000093_02_02.jpg%3F1790902638360&type=m&w=400&h=250&quality=90&ttype=jpg,98046,880,"[현대] 더 뉴그랜드스타렉스 5인승 디젤 밴 스마트",A/T,2021,"현대 경매장",KMFWBX7KBMU151548,A/3
"[기아] 신형 카니발(KA4) 9인승 디젤 노블레스",2263,100주5306,흰색,경유,https://img-auction.autobell.co.kr/OBmZCjL58I?src=https%3A%2F%2Fauction.autobell.co.kr%2FFileUpDown%2F1100%2Fcarimg%2F2609%2FA260901547%2FA260901547_02_02.jpg%3F1789962898843&type=m&w=400&h=250&quality=90&ttype=jpg,64620,2200,"[기아] 신형 카니발(KA4) 9인승 디젤 노블레스",A/T,2023,"현대 경매장",KNANC81BBPS329986,A/3
"[현대] 더 올뉴투싼 하이브리드 1.6 HEV 2WD 프리미엄",2264,153하4918,회색,하이브리드,https://img-auction.autobell.co.kr/OBmZCjL58I?src=https%3A%2F%2Fauction.autobell.co.kr%2FFileUpDown%2F1100%2Fcarimg%2F2610%2FA261000102%2FA261000102_02_02.jpg%3F1790904962576&type=m&w=400&h=250&quality=90&ttype=jpg,117869,1430,"[현대] 더 올뉴투싼 하이브리드 1.6 HEV 2WD 프리미엄",A/T,2021,"현대 경매장",KMHJC811BMU010150,A/5
"[기아] 신형 카니발(KA4) 9인승 디젤 노블레스",2265,101모3048,검정,경유,https://img-auction.autobell.co.kr/OBmZCjL58I?src=https%3A%2F%2Fauction.autobell.co.kr%2FFileUpDown%2F1100%2Fcarimg%2F2609%2FA260900352%2FA260900352_02_02.jpg%3F1788933398838&type=m&w=400&h=250&quality=90&ttype=jpg,98066,2595,"[기아] 신형 카니발(KA4) 9인승 디젤 노블레스",A/T,2023,"현대 경매장",KNANC81BBPS370798,B/1
"[기아] 뉴쏘렌토 R R2.0 2WD 프레스티지",2266,63러1114,파랑,경유,https://img-auction.autobell.co.kr/OBmZCjL58I?src=https%3A%2F%2Fauction.autobell.co.kr%2FFileUpDown%2F1100%2Fcarimg%2F2609%2FA260903514%2FA260903514_02_02.jpg%3F1790816125172&type=m&w=400&h=250&quality=90&ttype=jpg,196807,455,"[기아] 뉴쏘렌토 R R2.0 2WD 프레스티지",A/T,2014,"현대 경매장",KNAKW815BEA455967,A/4
"[기아] 신형 카니발(KA4) 9인승 가솔린 프레스티지",2267,258모9840,흰색,휘발유,https://img-auction.autobell.co.kr/OBmZCjL58I?src=https%3A%2F%2Fauction.autobell.co.kr%2FFileUpDown%2F1100%2Fcarimg%2F2609%2FA260903473%2FA260903473_02_02.jpg%3F1790732014963&type=m&w=400&h=250&quality=90&ttype=jpg,136426,1400,"[기아] 신형 카니발(KA4) 9인승 가솔린 프레스티지",A/T,2023,"현대 경매장",KNANB813BPS305404,A/5
"[현대] 코나 1.6 가솔린 2WD 플럭스 프리미엄 스페셜",2268,18서9118,검정,휘발유,https://img-auction.autobell.co.kr/OBmZCjL58I?src=https%3A%2F%2Fauction.autobell.co.kr%2FFileUpDown%2F1100%2Fcarimg%2F2609%2FA260903205%2FA260903205_02_02.jpg%3F1790815566781&type=m&w=400&h=250&quality=90&ttype=jpg,54737,1450,"[현대] 코나 1.6 가솔린 2WD 플럭스 프리미엄 스페셜",A/T,2019,"현대 경매장",KMHK7815GKU369956,A/5
"[기아] 올 뉴카니발 7인승 리무진 디젤 프레지던트",2269,55소0983,검정,경유,https://img-auction.autobell.co.kr/OBmZCjL58I?src=https%3A%2F%2Fauction.autobell.co.kr%2FFileUpDown%2F1100%2Fcarimg%2F2609%2FA260902146%2FA260902146_02_02.jpg%3F1790130258971&type=m&w=400&h=250&quality=90&ttype=jpg,257407,340,"[기아] 올 뉴카니발 7인승 리무진 디젤 프레지던트",A/T,2016,"현대 경매장",KNAME81ABGS238064,A/1
"[르노(삼성)] 뉴 QM6 2.0 LPe LE",2270,153두5492,회색,LPG,https://img-auction.autobell.co.kr/OBmZCjL58I?src=https%3A%2F%2Fauction.autobell.co.kr%2FFileUpDown%2F1100%2Fcarimg%2F2609%2FA260903233%2FA260903233_02_02.jpg%3F1790820621399&type=m&w=400&h=250&quality=90&ttype=jpg,111340,1105,"[르노(삼성)] 뉴 QM6 2.0 LPe LE",A/T,2021,"현대 경매장",KNME5C2C8MP053140,A/6
"[기아] 더 뉴카니발(YP) 9인승 디젤 프레스티지",2271,52구1811,검정,경유,https://img-auction.autobell.co.kr/OBmZCjL58I?src=https%3A%2F%2Fauction.autobell.co.kr%2FFileUpDown%2F1100%2Fcarimg%2F2609%2FA260903421%2FA260903421_02_02.jpg%3F1790819038530&type=m&w=400&h=250&quality=90&ttype=jpg,109194,1020,"[기아] 더 뉴카니발(YP) 9인승 디젤 프레스티지",A/T,2019,"현대 경매장",KNAMC81ABKS473702,A/4
"[기아] 쏘렌토 R 디젤 2.0 2WD TLX 최고급형",2272,36수2902,회색,경유,https://img-auction.autobell.co.kr/OBmZCjL58I?src=https%3A%2F%2Fauction.autobell.co.kr%2FFileUpDown%2F1100%2Fcarimg%2F2609%2FA260903263%2FA260903263_02_02.jpg%3F1790818464189&type=m&w=400&h=250&quality=90&ttype=jpg,236366,195,"[기아] 쏘렌토 R 디젤 2.0 2WD TLX 최고급형",A/T,2011,"현대 경매장",KNAKU815BBA215069,A/6
"[KG모빌리티(쌍용)] 티볼리 가솔린 2WD LX 고급형",2273,15수0802,파랑,휘발유,https://img-auction.autobell.co.kr/OBmZCjL58I?src=https%3A%2F%2Fauction.autobell.co.kr%2FFileUpDown%2F1100%2Fcarimg%2F2609%2FA260903249%2FA260903249_02_02.jpg%3F1790816803237&type=m&w=400&h=250&quality=90&ttype=jpg,83120,545,"[KG모빌리티(쌍용)] 티볼리 가솔린 2WD LX 고급형",A/T,2016,"현대 경매장",KPBXH3AR1GP051124,A/3
"[제네시스] GV80 3.5 가솔린 AWD 기본형",2274,191어1603,흰색,휘발유,https://img-auction.autobell.co.kr/OBmZCjL58I?src=https%3A%2F%2Fauction.autobell.co.kr%2FFileUpDown%2F1100%2Fcarimg%2F2610%2FA261000206%2FA261000206_02_02.jpg%3F1790904400722&type=m&w=400&h=250&quality=90&ttype=jpg,124003,3310,"[제네시스] GV80 3.5 가솔린 AWD 기본형",A/T,2021,"현대 경매장",KMTHC81CDMU073240,A/4
"[기아] 신형 카니발(KA4) 9인승 디젤 프레스티지",2275,258모9818,검정,경유,https://img-auction.autobell.co.kr/OBmZCjL58I?src=https%3A%2F%2Fauction.autobell.co.kr%2FFileUpDown%2F1100%2Fcarimg%2F2609%2FA260902876%2FA260902876_02_02.jpg%3F1790753778378&type=m&w=400&h=250&quality=90&ttype=jpg,33904,2550,"[기아] 신형 카니발(KA4) 9인승 디젤 프레스티지",A/T,2023,"현대 경매장",KNANB81BBPS386650,A/6
"[기아] EV6 스탠다드 2WD 라이트",2276,17호2836,미색,전기,https://img-auction.autobell.co.kr/OBmZCjL58I?src=https%3A%2F%2Fauction.autobell.co.kr%2FFileUpDown%2F1100%2Fcarimg%2F2610%2FA261000213%2FA261000213_02_02.jpg%3F1790901734645&type=m&w=400&h=250&quality=90&ttype=jpg,62101,2940,"[기아] EV6 스탠다드 2WD 라이트",A/T,2024,"현대 경매장",KNAC381BFRA194147,A/8
"[기아] 신형 카니발(KA4) 9인승 디젤 노블레스",2277,133모2136,파랑,경유,https://img-auction.autobell.co.kr/OBmZCjL58I?src=https%3A%2F%2Fauction.autobell.co.kr%2FFileUpDown%2F1100%2Fcarimg%2F2609%2FA260902704%2FA260902704_02_02.jpg%3F1790750159902&type=m&w=400&h=250&quality=90&ttype=jpg,93538,2220,"[기아] 신형 카니발(KA4) 9인승 디젤 노블레스",A/T,2023,"현대 경매장",KNANC81BBPS385916,D/1
"[현대] 투싼 ix 디젤 R20 2WD LX20 럭셔리",2228,27나6095,회색,경유,https://img-auction.autobell.co.kr/OBmZCjL58I?src=https%3A%2F%2Fauction.autobell.co.kr%2FFileUpDown%2F1100%2Fcarimg%2F2609%2FA260902047%2FA260902047_02_02.jpg%3F1789606679882&type=m&w=400&h=250&quality=90&ttype=jpg,199927,180,"[현대] 투싼 ix 디젤 R20 2WD LX20 럭셔리",A/T,2010,"현대 경매장",KMHJU81VBAU010754,A/3
"[기아] 신형 카니발(KA4) 9인승 디젤 프레스티지",2229,258모9868,검정,경유,https://img-auction.autobell.co.kr/OBmZCjL58I?src=https%3A%2F%2Fauction.autobell.co.kr%2FFileUpDown%2F1100%2Fcarimg%2F2609%2FA260901744%2FA260901744_02_02.jpg%3F1789616017175&type=m&w=400&h=250&quality=90&ttype=jpg,37608,1690,"[기아] 신형 카니발(KA4) 9인승 디젤 프레스티지",A/T,2023,"현대 경매장",KNANB81BBPS376975,B/2
"[기아] 더 뉴봉고Ⅲ화물 1톤 4WD 더블캡 장축 GL",2230,92노3324,파랑,경유,https://img-auction.autobell.co.kr/OBmZCjL58I?src=https%3A%2F%2Fauction.autobell.co.kr%2FFileUpDown%2F1100%2Fcarimg%2F2609%2FA260903033%2FA260903033_02_02.jpg%3F1790583368567&type=m&w=400&h=250&quality=90&ttype=jpg,22744,1250,"[기아] 더 뉴봉고Ⅲ화물 1톤 4WD 더블캡 장축 GL",M/T,2022,"현대 경매장",KNCSHY76LNK563847,C/1
"[기아] 봉고Ⅲ화물 CRDi 킹캡 초장축",2231,94모0736,파랑,경유,https://img-auction.autobell.co.kr/OBmZCjL58I?src=https%3A%2F%2Fauction.autobell.co.kr%2FFileUpDown%2F1100%2Fcarimg%2F2609%2FA260901955%2FA260901955_02_02.jpg%3F1789610849589&type=m&w=400&h=250&quality=90&ttype=jpg,349350,400,"[기아] 봉고Ⅲ화물 CRDi 킹캡 초장축",A/T,2019,"현대 경매장",KNCSJZ76BKK367801,B/1
"[기아] 더 뉴모하비 디젤 4WD VIP",2232,21누5893,검정,경유,https://img-auction.autobell.co.kr/OBmZCjL58I?src=https%3A%2F%2Fauction.autobell.co.kr%2FFileUpDown%2F1100%2Fcarimg%2F2609%2FA260903260%2FA260903260_02_02.jpg%3F1790655145323&type=m&w=400&h=250&quality=90&ttype=jpg,45717,1480,"[기아] 더 뉴모하비 디젤 4WD VIP",A/T,2018,"현대 경매장",KNAKM814DJA175856,A/5
"[기아] 올 뉴쏘렌토 R2.2 4WD 프레스티지",2233,22너3468,흰색,경유,https://img-auction.autobell.co.kr/OBmZCjL58I?src=https%3A%2F%2Fauction.autobell.co.kr%2FFileUpDown%2F1100%2Fcarimg%2F2609%2FA260902594%2FA260902594_02_02.jpg%3F1790039231674&type=m&w=400&h=250&quality=90&ttype=jpg,199911,590,"[기아] 올 뉴쏘렌토 R2.2 4WD 프레스티지",A/T,2015,"현대 경매장",KNAPS81BDFA084462,A/5
"[기아] 신형 카니발(KA4) 9인승 가솔린 프레스티지",2234,186다4978,검정,휘발유,https://img-auction.autobell.co.kr/OBmZCjL58I?src=https%3A%2F%2Fauction.autobell.co.kr%2FFileUpDown%2F1100%2Fcarimg%2F2609%2FA260900969%2FA260900969_02_02.jpg%3F1789004393785&type=m&w=400&h=250&quality=90&ttype=jpg,9153,2240,"[기아] 신형 카니발(KA4) 9인승 가솔린 프레스티지",A/T,2023,"현대 경매장",KNANB813BPS258226,A/6
"[현대] 포터II CRDi 슈퍼캡 초장축 스마트",2235,88소0505,흰색,경유,https://img-auction.autobell.co.kr/OBmZCjL58I?src=https%3A%2F%2Fauction.autobell.co.kr%2FFileUpDown%2F1100%2Fcarimg%2F2609%2FA260903392%2FA260903392_02_02.jpg%3F1790752509570&type=m&w=400&h=250&quality=90&ttype=jpg,85636,1215,"[현대] 포터II CRDi 슈퍼캡 초장축 스마트",A/T,2020,"현대 경매장",KMFZCZ7KBLU802529,A/5
"[현대] 투싼 ix 디젤 R20 2WD LX20 럭셔리",2236,30고5836,검정,경유,https://img-auction.autobell.co.kr/OBmZCjL58I?src=https%3A%2F%2Fauction.autobell.co.kr%2FFileUpDown%2F1100%2Fcarimg%2F2609%2FA260901671%2FA260901671_02_02.jpg%3F1789459160352&type=m&w=400&h=250&quality=90&ttype=jpg,295674,195,"[현대] 투싼 ix 디젤 R20 2WD LX20 럭셔리",A/T,2011,"현대 경매장",KMHJU81VBBU267875,A/2
"[기아] 신형 카니발(KA4) 9인승 가솔린 프레스티지",2237,258모9850,흰색,휘발유,https://img-auction.autobell.co.kr/OBmZCjL58I?src=https%3A%2F%2Fauction.autobell.co.kr%2FFileUpDown%2F1100%2Fcarimg%2F2609%2FA260903436%2FA260903436_02_02.jpg%3F1790733980690&type=m&w=400&h=250&quality=90&ttype=jpg,158784,1275,"[기아] 신형 카니발(KA4) 9인승 가솔린 프레스티지",A/T,2023,"현대 경매장",KNANB813BPS249510,A/6
"[현대] 포터II 냉동탑차 슈퍼캡 트윈컴프",2238,823노4013,흰색,경유,https://img-auction.autobell.co.kr/OBmZCjL58I?src=https%3A%2F%2Fauction.autobell.co.kr%2FFileUpDown%2F1100%2Fcarimg%2F2609%2FA260902906%2FA260902906_02_02.jpg%3F1790141586980&type=m&w=400&h=250&quality=90&ttype=jpg,230179,1120,"[현대] 포터II 냉동탑차 슈퍼캡 트윈컴프",A/T,2023,"현대 경매장",KMFZSZ7KBPU080743,A/2
"[기아] 신형 카니발(KA4) 9인승 디젤 프레스티지",2239,322누8750,흰색,경유,https://img-auction.autobell.co.kr/OBmZCjL58I?src=https%3A%2F%2Fauction.autobell.co.kr%2FFileUpDown%2F1100%2Fcarimg%2F2609%2FA260901645%2FA260901645_02_02.jpg%3F1789445466077&type=m&w=400&h=250&quality=90&ttype=jpg,75670,1720,"[기아] 신형 카니발(KA4) 9인승 디젤 프레스티지",A/T,2023,"현대 경매장",KNANB81BBPS262805,A/1
"[기아] 더 뉴봉고Ⅲ화물 냉동탑차 표준형",2240,851노7067,흰색,경유,https://img-auction.autobell.co.kr/OBmZCjL58I?src=https%3A%2F%2Fauction.autobell.co.kr%2FFileUpDown%2F1100%2Fcarimg%2F2609%2FA260901085%2FA260901085_02_02.jpg%3F1790659790507&type=m&w=400&h=250&quality=90&ttype=jpg,224115,750,"[기아] 더 뉴봉고Ⅲ화물 냉동탑차 표준형",M/T,2020,"현대 경매장",KNFSTZ76ALK437973,A/1
"[기아] 신형 카니발(KA4) 9인승 가솔린 프레스티지",2241,186다4944,흰색,휘발유,https://img-auction.autobell.co.kr/OBmZCjL58I?src=https%3A%2F%2Fauction.autobell.co.kr%2FFileUpDown%2F1100%2Fcarimg%2F2609%2FA260903434%2FA260903434_02_02.jpg%3F1790734060820&type=m&w=400&h=250&quality=90&ttype=jpg,159215,1205,"[기아] 신형 카니발(KA4) 9인승 가솔린 프레스티지",A/T,2023,"현대 경매장",KNANB813BPS260604,A/5
"[제네시스] GV80 3.0 디젤 AWD 기본형",2242,310가5758,검정,경유,https://img-auction.autobell.co.kr/OBmZCjL58I?src=https%3A%2F%2Fauction.autobell.co.kr%2FFileUpDown%2F1100%2Fcarimg%2F2609%2FA260900630%2FA260900630_02_02.jpg%3F1790578810320&type=m&w=400&h=250&quality=90&ttype=jpg,144768,3920,"[제네시스] GV80 3.0 디젤 AWD 기본형",A/T,2022,"현대 경매장",KMTHB81DDNU107295,A/5
"[기아] 디 올뉴니로EV 에어",2243,14부3417,흰색,전기,https://img-auction.autobell.co.kr/OBmZCjL58I?src=https%3A%2F%2Fauction.autobell.co.kr%2FFileUpDown%2F1100%2Fcarimg%2F2609%2FA260901880%2FA260901880_02_02.jpg%3F1789605274256&type=m&w=400&h=250&quality=90&ttype=jpg,177884,1350,"[기아] 디 올뉴니로EV 에어",A/T,2023,"현대 경매장",KNACP811FPA030285,A/3
"[KG모빌리티(쌍용)] 더 뉴코란도 스포츠 2.2 4WD CX7 익스트림",2244,82무0304,회색,경유,https://img-auction.autobell.co.kr/OBmZCjL58I?src=https%3A%2F%2Fauction.autobell.co.kr%2FFileUpDown%2F1100%2Fcarimg%2F2609%2FA260901935%2FA260901935_02_02.jpg%3F1789537452428&type=m&w=400&h=250&quality=90&ttype=jpg,108283,370,"[KG모빌리티(쌍용)] 더 뉴코란도 스포츠 2.2 4WD CX7 익스트림",A/T,2018,"현대 경매장",KPACA4AE1JP325477,A/1
"[현대] 더 뉴그랜드스타렉스 5인승 디젤 밴 모던",2245,83너5651,검정,경유,https://img-auction.autobell.co.kr/OBmZCjL58I?src=https%3A%2F%2Fauction.autobell.co.kr%2FFileUpDown%2F1100%2Fcarimg%2F2609%2FA260903400%2FA260903400_02_02.jpg%3F1790754867102&type=m&w=400&h=250&quality=90&ttype=jpg,212394,520,"[현대] 더 뉴그랜드스타렉스 5인승 디젤 밴 모던",A/T,2019,"현대 경매장",KMFWBX7KBKU049349,A/1
"[기아] 더 뉴카니발(YP) 9인승 디젤 프레스티지",2246,05로5958,회색,경유,https://img-auction.autobell.co.kr/OBmZCjL58I?src=https%3A%2F%2Fauction.autobell.co.kr%2FFileUpDown%2F1100%2Fcarimg%2F2609%2FA260902908%2FA260902908_02_02.jpg%3F1790126598536&type=m&w=400&h=250&quality=90&ttype=jpg,108855,990,"[기아] 더 뉴카니발(YP) 9인승 디젤 프레스티지",A/T,2019,"현대 경매장",KNAMC81ABKS520211,A/6
"[제네시스] GV80 2.5 가솔린 AWD 기본형",2247,254서5871,초록,휘발유,https://img-auction.autobell.co.kr/OBmZCjL58I?src=https%3A%2F%2Fauction.autobell.co.kr%2FFileUpDown%2F1100%2Fcarimg%2F2609%2FA260901764%2FA260901764_02_02.jpg%3F1789447228960&type=m&w=400&h=250&quality=90&ttype=jpg,119084,4270,"[제네시스] GV80 2.5 가솔린 AWD 기본형",A/T,2022,"현대 경매장",KMTHA81BDNU117629,A/6
"[기아] 신형 카니발(KA4) 7인승 가솔린 시그니처",2248,307나2076,회색,휘발유,https://img-auction.autobell.co.kr/OBmZCjL58I?src=https%3A%2F%2Fauction.autobell.co.kr%2FFileUpDown%2F1100%2Fcarimg%2F2609%2FA260902761%2FA260902761_02_02.jpg%3F1790567118226&type=m&w=400&h=250&quality=90&ttype=jpg,71892,2820,"[기아] 신형 카니발(KA4) 7인승 가솔린 시그니처",A/T,2023,"현대 경매장",KNANE813BPS268276,A/5
"[제네시스] GV80 2.5 가솔린 AWD 기본형",2249,186다4956,흰색,휘발유,https://img-auction.autobell.co.kr/OBmZCjL58I?src=https%3A%2F%2Fauction.autobell.co.kr%2FFileUpDown%2F1100%2Fcarimg%2F2609%2FA260903028%2FA260903028_02_02.jpg%3F1790754769242&type=m&w=400&h=250&quality=90&ttype=jpg,116466,5300,"[제네시스] GV80 2.5 가솔린 AWD 기본형",A/T,2023,"현대 경매장",KMTHA81BDPU175939,A/6
"[기아] 더 뉴카니발 하이브리드(KA4) 1.6 HEV 9인승 노블레스",2250,133모2152,흰색,하이브리드,https://img-auction.autobell.co.kr/OBmZCjL58I?src=https%3A%2F%2Fauction.autobell.co.kr%2FFileUpDown%2F1100%2Fcarimg%2F2609%2FA260903007%2FA260903007_02_02.jpg%3F1790755918705&type=m&w=400&h=250&quality=90&ttype=jpg,10688,3780,"[기아] 더 뉴카니발 하이브리드(KA4) 1.6 HEV 9인승 노블레스",A/T,2025,"현대 경매장",KNANC81ABSS081315,A/9
"[제네시스] GV80 3.0 디젤 AWD 기본형",2251,385로1192,검정,경유,https://img-auction.autobell.co.kr/OBmZCjL58I?src=https%3A%2F%2Fauction.autobell.co.kr%2FFileUpDown%2F1100%2Fcarimg%2F2609%2FA260902994%2FA260902994_02_02.jpg%3F1790756155607&type=m&w=400&h=250&quality=90&ttype=jpg,107550,3640,"[제네시스] GV80 3.0 디젤 AWD 기본형",A/T,2022,"현대 경매장",KMTHB81DDNU118137,A/6
"[기아] 신형 카니발(KA4) 9인승 디젤 프레스티지",2252,133모2160,흰색,경유,https://img-auction.autobell.co.kr/OBmZCjL58I?src=https%3A%2F%2Fauction.autobell.co.kr%2FFileUpDown%2F1100%2Fcarimg%2F2609%2FA260903050%2FA260903050_02_02.jpg%3F1790755499457&type=m&w=400&h=250&quality=90&ttype=jpg,81332,1700,"[기아] 신형 카니발(KA4) 9인승 디젤 프레스티지",A/T,2022,"현대 경매장",KNANB81BBNS137651,A/7
"[기아] 신형 카니발(KA4) 9인승 가솔린 프레스티지",2203,186다4980,흰색,휘발유,https://img-auction.autobell.co.kr/OBmZCjL58I?src=https%3A%2F%2Fauction.autobell.co.kr%2FFileUpDown%2F1100%2Fcarimg%2F2609%2FA260903437%2FA260903437_02_02.jpg%3F1790733741322&type=m&w=400&h=250&quality=90&ttype=jpg,136739,1330,"[기아] 신형 카니발(KA4) 9인승 가솔린 프레스티지",A/T,2023,"현대 경매장",KNANB813BPS263818,A/3
"[기아] 올 뉴쏘렌토 R2.0 4WD 프레스티지",2204,11로4743,회색,경유,https://img-auction.autobell.co.kr/OBmZCjL58I?src=https%3A%2F%2Fauction.autobell.co.kr%2FFileUpDown%2F1100%2Fcarimg%2F2609%2FA260902961%2FA260902961_02_02.jpg%3F1790146269433&type=m&w=400&h=250&quality=90&ttype=jpg,271508,495,"[기아] 올 뉴쏘렌토 R2.0 4WD 프레스티지",A/T,2016,"현대 경매장",KNAPS81ADGA124569,A/2
"[현대] 더 뉴팰리세이드 2.2 디젤 AWD 익스클루시브",2205,175허6965,흰색,경유,https://img-auction.autobell.co.kr/OBmZCjL58I?src=https%3A%2F%2Fauction.autobell.co.kr%2FFileUpDown%2F1100%2Fcarimg%2F2609%2FA260902482%2FA260902482_02_02.jpg%3F1789974698104&type=m&w=400&h=250&quality=90&ttype=jpg,105082,2030,"[현대] 더 뉴팰리세이드 2.2 디젤 AWD 익스클루시브",A/T,2024,"현대 경매장",KMHR281ADRU684552,B/4
"[기아] 쏘울 1.6 CVVT U 스마트",2206,40너7014,미색,휘발유,https://img-auction.autobell.co.kr/OBmZCjL58I?src=https%3A%2F%2Fauction.autobell.co.kr%2FFileUpDown%2F1100%2Fcarimg%2F2609%2FA260902710%2FA260902710_02_02.jpg%3F1790037365541&type=m&w=400&h=250&quality=90&ttype=jpg,117508,190,"[기아] 쏘울 1.6 CVVT U 스마트",A/T,2010,"현대 경매장",KNAJT811BAK186819,A/1
"[현대] 싼타페 더 프라임 디젤 R2.0 2WD 익스클루시브",2207,360거5648,파랑,경유,https://img-auction.autobell.co.kr/OBmZCjL58I?src=https%3A%2F%2Fauction.autobell.co.kr%2FFileUpDown%2F1100%2Fcarimg%2F2609%2FA260901023%2FA260901023_02_02.jpg%3F1788929624895&type=m&w=400&h=250&quality=90&ttype=jpg,195416,500,"[현대] 싼타페 더 프라임 디젤 R2.0 2WD 익스클루시브",A/T,2016,"현대 경매장",KMHSW81UBGU584890,A/3
"[기아] 신형 카니발(KA4) 9인승 디젤 시그니처",2208,100주5310,흰색,경유,https://img-auction.autobell.co.kr/OBmZCjL58I?src=https%3A%2F%2Fauction.autobell.co.kr%2FFileUpDown%2F1100%2Fcarimg%2F2609%2FA260902082%2FA260902082_02_02.jpg%3F1790568732073&type=m&w=400&h=250&quality=90&ttype=jpg,93449,2630,"[기아] 신형 카니발(KA4) 9인승 디젤 시그니처",A/T,2023,"현대 경매장",KNANE81BBPS380135,A/7
"[기아] 더 뉴셀토스 1.6 가솔린 터보 2WD 트렌디",2209,133모2144,흰색,휘발유,https://img-auction.autobell.co.kr/OBmZCjL58I?src=https%3A%2F%2Fauction.autobell.co.kr%2FFileUpDown%2F1100%2Fcarimg%2F2609%2FA260903475%2FA260903475_02_02.jpg%3F1790732979990&type=m&w=400&h=250&quality=90&ttype=jpg,100585,1400,"[기아] 더 뉴셀토스 1.6 가솔린 터보 2WD 트렌디",A/T,2023,"현대 경매장",KNAEP817BPK474025,A/6
"[기아] 스포티지 R 디젤 R2.0 2WD TLX 프리미엄",2210,41모4862,흰색,경유,https://img-auction.autobell.co.kr/OBmZCjL58I?src=https%3A%2F%2Fauction.autobell.co.kr%2FFileUpDown%2F1100%2Fcarimg%2F2609%2FA260902428%2FA260902428_02_02.jpg%3F1790566228828&type=m&w=400&h=250&quality=90&ttype=jpg,205651,230,"[기아] 스포티지 R 디젤 R2.0 2WD TLX 프리미엄",A/T,2013,"현대 경매장",KNAPC813BDK487739,B/1
"[현대] 싼타페 더 프라임 디젤 R2.0 2WD 프리미엄",2211,11주4783,미색,경유,https://img-auction.autobell.co.kr/OBmZCjL58I?src=https%3A%2F%2Fauction.autobell.co.kr%2FFileUpDown%2F1100%2Fcarimg%2F2609%2FA260902128%2FA260902128_02_02.jpg%3F1789627052086&type=m&w=400&h=250&quality=90&ttype=jpg,404641,410,"[현대] 싼타페 더 프라임 디젤 R2.0 2WD 프리미엄",A/T,2016,"현대 경매장",KMHSW81UBGU539420,A/4
"[제네시스] GV80 2.5 가솔린 AWD 기본형",2212,187나2948,흰색,휘발유,https://img-auction.autobell.co.kr/OBmZCjL58I?src=https%3A%2F%2Fauction.autobell.co.kr%2FFileUpDown%2F1100%2Fcarimg%2F2609%2FA260900213%2FA260900213_02_02.jpg%3F1788760003294&type=m&w=400&h=250&quality=90&ttype=jpg,60167,3990,"[제네시스] GV80 2.5 가솔린 AWD 기본형",A/T,2022,"현대 경매장",KMTHA81BDNU127576,A/6
"[현대] 팰리세이드 2.2 디젤 AWD 캘리그래피",2213,185구3891,파랑,경유,https://img-auction.autobell.co.kr/OBmZCjL58I?src=https%3A%2F%2Fauction.autobell.co.kr%2FFileUpDown%2F1100%2Fcarimg%2F2609%2FA260901485%2FA260901485_02_02.jpg%3F1789360421107&type=m&w=400&h=250&quality=90&ttype=jpg,94023,2375,"[현대] 팰리세이드 2.2 디젤 AWD 캘리그래피",A/T,2021,"현대 경매장",KMHR581ADMU211714,A/6
"[현대] 더 뉴그랜드스타렉스 12인승 디젤 스마트",2214,72하5919,회색,경유,https://img-auction.autobell.co.kr/OBmZCjL58I?src=https%3A%2F%2Fauction.autobell.co.kr%2FFileUpDown%2F1100%2Fcarimg%2F2609%2FA260902381%2FA260902381_02_02.jpg%3F1789955260975&type=m&w=400&h=250&quality=90&ttype=jpg,132997,920,"[현대] 더 뉴그랜드스타렉스 12인승 디젤 스마트",A/T,2020,"현대 경매장",KMJWA37KBLU143993,A/1
"[기아] 신형 카니발(KA4) 9인승 디젤 시그니처",2215,186다4926,흰색,경유,https://img-auction.autobell.co.kr/OBmZCjL58I?src=https%3A%2F%2Fauction.autobell.co.kr%2FFileUpDown%2F1100%2Fcarimg%2F2609%2FA260901915%2FA260901915_02_02.jpg%3F1789619262098&type=m&w=400&h=250&quality=90&ttype=jpg,34412,2600,"[기아] 신형 카니발(KA4) 9인승 디젤 시그니처",A/T,2023,"현대 경매장",KNANE81BBPS363742,A/8
"[제네시스] GV80 2.5 가솔린 AWD 기본형",2216,190로7653,검정,휘발유,https://img-auction.autobell.co.kr/OBmZCjL58I?src=https%3A%2F%2Fauction.autobell.co.kr%2FFileUpDown%2F1100%2Fcarimg%2F2609%2FA260901515%2FA260901515_02_02.jpg%3F1790141310762&type=m&w=400&h=250&quality=90&ttype=jpg,100794,3840,"[제네시스] GV80 2.5 가솔린 AWD 기본형",A/T,2022,"현대 경매장",KMTHA81BDNU117460,A/3
"[기아] 모하비 디젤 4WD KV300",2217,35오5966,검정,경유,https://img-auction.autobell.co.kr/OBmZCjL58I?src=https%3A%2F%2Fauction.autobell.co.kr%2FFileUpDown%2F1100%2Fcarimg%2F2609%2FA260902615%2FA260902615_02_02.jpg%3F1790559513845&type=m&w=400&h=250&quality=90&ttype=jpg,204106,395,"[기아] 모하비 디젤 4WD KV300",A/T,2014,"현대 경매장",KNAKR814DEA128659,A/4
"[KG모빌리티(쌍용)] 더 뉴렉스턴 스포츠 칸 2.2 4WD 프레스티지",2218,820거8549,빨강,경유,https://img-auction.autobell.co.kr/OBmZCjL58I?src=https%3A%2F%2Fauction.autobell.co.kr%2FFileUpDown%2F1100%2Fcarimg%2F2609%2FA260900948%2FA260900948_02_02.jpg%3F1789981123415&type=m&w=400&h=250&quality=90&ttype=jpg,155198,1340,"[KG모빌리티(쌍용)] 더 뉴렉스턴 스포츠 칸 2.2 4WD 프레스티지",A/T,2022,"현대 경매장",KPADM4AE1NP174675,A/4
"[기아] 신형 카니발(KA4) 9인승 디젤 프레스티지",2219,133모2194,흰색,경유,https://img-auction.autobell.co.kr/OBmZCjL58I?src=https%3A%2F%2Fauction.autobell.co.kr%2FFileUpDown%2F1100%2Fcarimg%2F2608%2FA260803828%2FA260803828_02_02.jpg%3F1789460557709&type=m&w=400&h=250&quality=90&ttype=jpg,166722,1300,"[기아] 신형 카니발(KA4) 9인승 디젤 프레스티지",A/T,2022,"현대 경매장",KNANB81BBNS138578,A/4
"[현대] 싼타페(DM) 디젤 R2.0 2WD 익스클루시브 스페셜",2220,14주1187,흰색,경유,https://img-auction.autobell.co.kr/OBmZCjL58I?src=https%3A%2F%2Fauction.autobell.co.kr%2FFileUpDown%2F1100%2Fcarimg%2F2609%2FA260903214%2FA260903214_02_02.jpg%3F1790655034926&type=m&w=400&h=250&quality=90&ttype=jpg,160259,610,"[현대] 싼타페(DM) 디젤 R2.0 2WD 익스클루시브 스페셜",A/T,2015,"현대 경매장",KMHSW81UBFU487779,B/4
"[쉐보레(대우)] 트랙스 크로스오버 1.2 가솔린 터보 LS 플러스",2221,346누7477,검정,휘발유,https://img-auction.autobell.co.kr/OBmZCjL58I?src=https%3A%2F%2Fauction.autobell.co.kr%2FFileUpDown%2F1100%2Fcarimg%2F2609%2FA260902734%2FA260902734_02_02.jpg%3F1790054898900&type=m&w=400&h=250&quality=90&ttype=jpg,18434,1450,"[쉐보레(대우)] 트랙스 크로스오버 1.2 가솔린 터보 LS 플러스",A/T,2024,"현대 경매장",KLALA582DRC229419,A/7
"[기아] 봉고Ⅲ화물 냉동탑차 1톤 킹캡",2222,89모5377,흰색,경유,https://img-auction.autobell.co.kr/OBmZCjL58I?src=https%3A%2F%2Fauction.autobell.co.kr%2FFileUpDown%2F1100%2Fcarimg%2F2609%2FA260902571%2FA260902571_02_02.jpg%3F1790558862992&type=m&w=400&h=250&quality=90&ttype=jpg,369479,305,"[기아] 봉고Ⅲ화물 냉동탑차 1톤 킹캡",M/T,2018,"현대 경매장",KNFSTZ76AJK216339,F/1
"[현대] 올 뉴투싼 디젤 1.7 2WD 모던",2223,53수0607,회색,경유,https://img-auction.autobell.co.kr/OBmZCjL58I?src=https%3A%2F%2Fauction.autobell.co.kr%2FFileUpDown%2F1100%2Fcarimg%2F2609%2FA260903314%2FA260903314_02_02.jpg%3F1790666443144&type=m&w=400&h=250&quality=90&ttype=jpg,88119,720,"[현대] 올 뉴투싼 디젤 1.7 2WD 모던",A/T,2016,"현대 경매장",KMHJ3815GGU117253,A/6
"[제네시스] GV80 2.5 가솔린 AWD 기본형",2224,133모2178,흰색,휘발유,https://img-auction.autobell.co.kr/OBmZCjL58I?src=https%3A%2F%2Fauction.autobell.co.kr%2FFileUpDown%2F1100%2Fcarimg%2F2609%2FA260902900%2FA260902900_02_02.jpg%3F1790753573092&type=m&w=400&h=250&quality=90&ttype=jpg,31686,5010,"[제네시스] GV80 2.5 가솔린 AWD 기본형",A/T,2023,"현대 경매장",KMTHA81BDPU175602,A/8
"[기아] 더 뉴셀토스 1.6 가솔린 터보 2WD 트렌디",2225,258모9862,흰색,휘발유,https://img-auction.autobell.co.kr/OBmZCjL58I?src=https%3A%2F%2Fauction.autobell.co.kr%2FFileUpDown%2F1100%2Fcarimg%2F2609%2FA260903476%2FA260903476_02_02.jpg%3F1790928589388&type=m&w=400&h=250&quality=90&ttype=jpg,116308,1390,"[기아] 더 뉴셀토스 1.6 가솔린 터보 2WD 트렌디",A/T,2023,"현대 경매장",KNAEP817BPK475114,A/5
"[기아] 디 올뉴니로EV 에어",2226,14부3063,흰색,전기,https://img-auction.autobell.co.kr/OBmZCjL58I?src=https%3A%2F%2Fauction.autobell.co.kr%2FFileUpDown%2F1100%2Fcarimg%2F2609%2FA260901877%2FA260901877_02_02.jpg%3F1789547502752&type=m&w=400&h=250&quality=90&ttype=jpg,156111,1565,"[기아] 디 올뉴니로EV 에어",A/T,2023,"현대 경매장",KNACP811FPA030247,A/4
"[기아] 신형 카니발(KA4) 9인승 디젤 노블레스",2227,156우7874,검정,경유,https://img-auction.autobell.co.kr/OBmZCjL58I?src=https%3A%2F%2Fauction.autobell.co.kr%2FFileUpDown%2F1100%2Fcarimg%2F2609%2FA260902266%2FA260902266_02_02.jpg%3F1790139953879&type=m&w=400&h=250&quality=90&ttype=jpg,32747,2800,"[기아] 신형 카니발(KA4) 9인승 디젤 노블레스",A/T,2023,"현대 경매장",KNANC81BBPS284056,A/5
"[현대] 포터II CRDi 슈퍼캡 초장축 스마트",2178,97수0145,파랑,경유,https://img-auction.autobell.co.kr/OBmZCjL58I?src=https%3A%2F%2Fauction.autobell.co.kr%2FFileUpDown%2F1100%2Fcarimg%2F2609%2FA260901828%2FA260901828_02_02.jpg%3F1789454504272&type=m&w=400&h=250&quality=90&ttype=jpg,423450,370,"[현대] 포터II CRDi 슈퍼캡 초장축 스마트",A/T,2018,"현대 경매장",KMFZCZ7KBJU480749,A/1
"[제네시스] GV80 2.5 가솔린 AWD 기본형",2179,374거1032,흰색,휘발유,https://img-auction.autobell.co.kr/OBmZCjL58I?src=https%3A%2F%2Fauction.autobell.co.kr%2FFileUpDown%2F1100%2Fcarimg%2F2609%2FA260901875%2FA260901875_02_02.jpg%3F1789978455966&type=m&w=400&h=250&quality=90&ttype=jpg,79164,5290,"[제네시스] GV80 2.5 가솔린 AWD 기본형",A/T,2023,"현대 경매장",KMTHA81BDPU149641,A/6
"[기아] 봉고Ⅲ화물 1.2톤 킹캡 초장축",2180,91러5833,파랑,경유,https://img-auction.autobell.co.kr/OBmZCjL58I?src=https%3A%2F%2Fauction.autobell.co.kr%2FFileUpDown%2F1100%2Fcarimg%2F2609%2FA260902870%2FA260902870_02_02.jpg%3F1790146095999&type=m&w=400&h=250&quality=90&ttype=jpg,186521,700,"[기아] 봉고Ⅲ화물 1.2톤 킹캡 초장축",M/T,2019,"현대 경매장",KNCWJZ76AKK296237,A/5
"[르노(삼성)] QM3 RE",2181,49무0370,빨강,경유,https://img-auction.autobell.co.kr/OBmZCjL58I?src=https%3A%2F%2Fauction.autobell.co.kr%2FFileUpDown%2F1100%2Fcarimg%2F2609%2FA260903093%2FA260903093_02_02.jpg%3F1790733857206&type=m&w=400&h=250&quality=90&ttype=jpg,232941,130,"[르노(삼성)] QM3 RE",A/T,2015,"현대 경매장",VF12R3L1EFW836308,B/4
"[KG모빌리티(쌍용)] 베리 뉴 티볼리 1.5 가솔린 2WD V3",2182,303너5211,빨강,휘발유,https://img-auction.autobell.co.kr/OBmZCjL58I?src=https%3A%2F%2Fauction.autobell.co.kr%2FFileUpDown%2F1100%2Fcarimg%2F2609%2FA260902773%2FA260902773_02_02.jpg%3F1790659640368&type=m&w=400&h=250&quality=90&ttype=jpg,114232,695,"[KG모빌리티(쌍용)] 베리 뉴 티볼리 1.5 가솔린 2WD V3",A/T,2020,"현대 경매장",KPBXH3AT1LP313429,A/5
"[기아] 신형 카니발(KA4) 9인승 디젤 프레스티지",2183,385로1148,흰색,경유,https://img-auction.autobell.co.kr/OBmZCjL58I?src=https%3A%2F%2Fauction.autobell.co.kr%2FFileUpDown%2F1100%2Fcarimg%2F2609%2FA260901008%2FA260901008_02_02.jpg%3F1789089135237&type=m&w=400&h=250&quality=90&ttype=jpg,72516,2340,"[기아] 신형 카니발(KA4) 9인승 디젤 프레스티지",A/T,2023,"현대 경매장",KNANB81BBPS369622,A/7
"[KG모빌리티(쌍용)] 코란도 스포츠 CX7 4WD 패션",2184,94도6899,회색,경유,https://img-auction.autobell.co.kr/OBmZCjL58I?src=https%3A%2F%2Fauction.autobell.co.kr%2FFileUpDown%2F1100%2Fcarimg%2F2609%2FA260902688%2FA260902688_02_02.jpg%3F1790040698807&type=m&w=400&h=250&quality=90&ttype=jpg,312604,130,"[KG모빌리티(쌍용)] 코란도 스포츠 CX7 4WD 패션",A/T,2013,"현대 경매장",KPACA4AN1DP159832,A/2
"[기아] 신형 카니발(KA4) 9인승 가솔린 프레스티지",2185,374거1056,흰색,휘발유,https://img-auction.autobell.co.kr/OBmZCjL58I?src=https%3A%2F%2Fauction.autobell.co.kr%2FFileUpDown%2F1100%2Fcarimg%2F2609%2FA260903471%2FA260903471_02_02.jpg%3F1790733356064&type=m&w=400&h=250&quality=90&ttype=jpg,140683,1330,"[기아] 신형 카니발(KA4) 9인승 가솔린 프레스티지",A/T,2023,"현대 경매장",KNANB813BPS265530,A/4
"[기아] 봉고Ⅲ EV 카고 GLS",2186,93무3632,흰색,전기,https://img-auction.autobell.co.kr/OBmZCjL58I?src=https%3A%2F%2Fauction.autobell.co.kr%2FFileUpDown%2F1100%2Fcarimg%2F2609%2FA260902979%2FA260902979_02_02.jpg%3F1790744410945&type=m&w=400&h=250&quality=90&ttype=jpg,61536,1930,"[기아] 봉고Ⅲ EV 카고 GLS",A/T,2022,"현대 경매장",KNCSJZ7NFNK017528,A/5
"[기아] 신형 카니발(KA4) 9인승 가솔린 프레스티지",2187,374거1086,흰색,휘발유,https://img-auction.autobell.co.kr/OBmZCjL58I?src=https%3A%2F%2Fauction.autobell.co.kr%2FFileUpDown%2F1100%2Fcarimg%2F2609%2FA260903435%2FA260903435_02_02.jpg%3F1790733984708&type=m&w=400&h=250&quality=90&ttype=jpg,160044,1275,"[기아] 신형 카니발(KA4) 9인승 가솔린 프레스티지",A/T,2023,"현대 경매장",KNANB813BPS260603,A/5
"[기아] 올 뉴쏘렌토 R2.0 2WD 노블레스",2188,37우0813,회색,경유,https://img-auction.autobell.co.kr/OBmZCjL58I?src=https%3A%2F%2Fauction.autobell.co.kr%2FFileUpDown%2F1100%2Fcarimg%2F2609%2FA260902923%2FA260902923_02_02.jpg%3F1790562417102&type=m&w=400&h=250&quality=90&ttype=jpg,195668,610,"[기아] 올 뉴쏘렌토 R2.0 2WD 노블레스",A/T,2016,"현대 경매장",KNAPH81ABGA243760,A/4
"[기아] 신형 카니발(KA4) 9인승 가솔린 프레스티지",2189,374거1070,흰색,휘발유,https://img-auction.autobell.co.kr/OBmZCjL58I?src=https%3A%2F%2Fauction.autobell.co.kr%2FFileUpDown%2F1100%2Fcarimg%2F2609%2FA260903432%2FA260903432_02_02.jpg%3F1790733249475&type=m&w=400&h=250&quality=90&ttype=jpg,165858,1175,"[기아] 신형 카니발(KA4) 9인승 가솔린 프레스티지",A/T,2023,"현대 경매장",KNANB813BPS258480,A/5
"[제네시스] GV80 2.5 가솔린 AWD 기본형",2190,133모2150,흰색,휘발유,https://img-auction.autobell.co.kr/OBmZCjL58I?src=https%3A%2F%2Fauction.autobell.co.kr%2FFileUpDown%2F1100%2Fcarimg%2F2609%2FA260901379%2FA260901379_02_02.jpg%3F1789973141383&type=m&w=400&h=250&quality=90&ttype=jpg,72986,4690,"[제네시스] GV80 2.5 가솔린 AWD 기본형",A/T,2023,"현대 경매장",KMTHA81BDPU174769,A/8
"[KG모빌리티(쌍용)] 더 뉴렉스턴 스포츠 2.2 2WD 와일드",2191,94다4072,검정,경유,https://img-auction.autobell.co.kr/OBmZCjL58I?src=https%3A%2F%2Fauction.autobell.co.kr%2FFileUpDown%2F1100%2Fcarimg%2F2609%2FA260902894%2FA260902894_02_02.jpg%3F1790581962361&type=m&w=400&h=250&quality=90&ttype=jpg,99216,1100,"[KG모빌리티(쌍용)] 더 뉴렉스턴 스포츠 2.2 2WD 와일드",A/T,2021,"현대 경매장",KPADE4AE1MP155242,A/7
"[기아] 니로 EV 노블레스",2192,27어8907,흰색,전기,https://img-auction.autobell.co.kr/OBmZCjL58I?src=https%3A%2F%2Fauction.autobell.co.kr%2FFileUpDown%2F1100%2Fcarimg%2F2609%2FA260902738%2FA260902738_02_02.jpg%3F1790049711494&type=m&w=400&h=250&quality=90&ttype=jpg,21135,2185,"[기아] 니로 EV 노블레스",A/T,2021,"현대 경매장",KNACC81GFMA072649,A/8
"[기아] 신형 카니발(KA4) 9인승 디젤 노블레스",2193,271루4167,회색,경유,https://img-auction.autobell.co.kr/OBmZCjL58I?src=https%3A%2F%2Fauction.autobell.co.kr%2FFileUpDown%2F1100%2Fcarimg%2F2609%2FA260900448%2FA260900448_02_02.jpg%3F1788920775274&type=m&w=400&h=250&quality=90&ttype=jpg,93193,2100,"[기아] 신형 카니발(KA4) 9인승 디젤 노블레스",A/T,2023,"현대 경매장",KNANC81BBPS268322,A/5
"[기아] 모하비 더 마스터 3.0 디젤 4WD 마스터즈 그래비티",2194,390조1012,검정,경유,https://img-auction.autobell.co.kr/OBmZCjL58I?src=https%3A%2F%2Fauction.autobell.co.kr%2FFileUpDown%2F1100%2Fcarimg%2F2609%2FA260902993%2FA260902993_02_02.jpg%3F1790659417687&type=m&w=400&h=250&quality=90&ttype=jpg,117957,2380,"[기아] 모하비 더 마스터 3.0 디젤 4WD 마스터즈 그래비티",A/T,2021,"현대 경매장",KNAKR814DMA228465,A/5
"[현대] 더 뉴싼타페 디젤 2.2 AWD 익스클루시브",2195,385로1120,회색,경유,https://img-auction.autobell.co.kr/OBmZCjL58I?src=https%3A%2F%2Fauction.autobell.co.kr%2FFileUpDown%2F1100%2Fcarimg%2F2609%2FA260900706%2FA260900706_02_02.jpg%3F1789104130403&type=m&w=400&h=250&quality=90&ttype=jpg,45001,1985,"[현대] 더 뉴싼타페 디젤 2.2 AWD 익스클루시브",A/T,2022,"현대 경매장",KMHS281HHNU439437,A/5
"[현대] 포터II CRDi 슈퍼캡 초장축 스마트",2196,82누0201,미색,경유,https://img-auction.autobell.co.kr/OBmZCjL58I?src=https%3A%2F%2Fauction.autobell.co.kr%2FFileUpDown%2F1100%2Fcarimg%2F2609%2FA260901995%2FA260901995_02_02.jpg%3F1789705563308&type=m&w=400&h=250&quality=90&ttype=jpg,153567,790,"[현대] 포터II CRDi 슈퍼캡 초장축 스마트",A/T,2018,"현대 경매장",KMFZCZ7KBJU446879,A/1
"[기아] 신형 카니발(KA4) 9인승 가솔린 프레스티지",2197,374거1020,흰색,휘발유,https://img-auction.autobell.co.kr/OBmZCjL58I?src=https%3A%2F%2Fauction.autobell.co.kr%2FFileUpDown%2F1100%2Fcarimg%2F2609%2FA260903472%2FA260903472_02_02.jpg%3F1790733037395&type=m&w=400&h=250&quality=90&ttype=jpg,168957,1175,"[기아] 신형 카니발(KA4) 9인승 가솔린 프레스티지",A/T,2023,"현대 경매장",KNANB813BPS293050,A/3
"[현대] 디 올뉴싼타페 가솔린 2.5 2WD 프레스티지",2198,385무1372,회색,휘발유,https://img-auction.autobell.co.kr/OBmZCjL58I?src=https%3A%2F%2Fauction.autobell.co.kr%2FFileUpDown%2F1100%2Fcarimg%2F2609%2FA260903189%2FA260903189_02_02.jpg%3F1790666568164&type=m&w=400&h=250&quality=90&ttype=jpg,35924,2815,"[현대] 디 올뉴싼타페 가솔린 2.5 2WD 프레스티지",A/T,2024,"현대 경매장",KMHP381LGRU010651,A/6
"[제네시스] GV80 2.5 가솔린 2WD 기본형",2199,186다4920,흰색,휘발유,https://img-auction.autobell.co.kr/OBmZCjL58I?src=https%3A%2F%2Fauction.autobell.co.kr%2FFileUpDown%2F1100%2Fcarimg%2F2609%2FA260902899%2FA260902899_02_02.jpg%3F1790752836409&type=m&w=400&h=250&quality=90&ttype=jpg,65950,4970,"[제네시스] GV80 2.5 가솔린 2WD 기본형",A/T,2023,"현대 경매장",KMTHA81BBPU151341,A/8
"[기아] 신형 카니발(KA4) 9인승 디젤 노블레스",2200,142무9570,흰색,경유,https://img-auction.autobell.co.kr/OBmZCjL58I?src=https%3A%2F%2Fauction.autobell.co.kr%2FFileUpDown%2F1100%2Fcarimg%2F2609%2FA260901130%2FA260901130_02_02.jpg%3F1789098737154&type=m&w=400&h=250&quality=90&ttype=jpg,59086,2450,"[기아] 신형 카니발(KA4) 9인승 디젤 노블레스",A/T,2023,"현대 경매장",KNANC81BBPS382345,A/7
"[제네시스] GV80 2.5 가솔린 AWD 기본형",2201,130마9035,회색,휘발유,https://img-auction.autobell.co.kr/OBmZCjL58I?src=https%3A%2F%2Fauction.autobell.co.kr%2FFileUpDown%2F1100%2Fcarimg%2F2608%2FA260802124%2FA260802124_02_02.jpg%3F1788421283976&type=m&w=400&h=250&quality=90&ttype=jpg,75151,4590,"[제네시스] GV80 2.5 가솔린 AWD 기본형",A/T,2022,"현대 경매장",KMTHA81BDNU118002,A/6
"[기아] 봉고Ⅲ화물 내장탑차 1톤 킹캡",2202,843라7821,흰색,경유,https://img-auction.autobell.co.kr/OBmZCjL58I?src=https%3A%2F%2Fauction.autobell.co.kr%2FFileUpDown%2F1100%2Fcarimg%2F2609%2FA260903097%2FA260903097_02_02.jpg%3F1790664812457&type=m&w=400&h=250&quality=90&ttype=jpg,168490,440,"[기아] 봉고Ⅲ화물 내장탑차 1톤 킹캡",A/T,2019,"현대 경매장",KNFSTZ76BKK271279,A/1
"[현대] 포터II CRDi 일반캡 초장축 디럭스",2152,90두9795,파랑,경유,https://img-auction.autobell.co.kr/OBmZCjL58I?src=https%3A%2F%2Fauction.autobell.co.kr%2FFileUpDown%2F1100%2Fcarimg%2F2609%2FA260901747%2FA260901747_02_02.jpg%3F1789432615814&type=m&w=400&h=250&quality=90&ttype=jpg,159439,200,"[현대] 포터II CRDi 일반캡 초장축 디럭스",M/T,2012,"현대 경매장",KMFZCX7JACU807392,B/1
"[현대] 포터II CRDi 더블캡 초장축 슈퍼",2153,83라7528,파랑,경유,https://img-auction.autobell.co.kr/OBmZCjL58I?src=https%3A%2F%2Fauction.autobell.co.kr%2FFileUpDown%2F1100%2Fcarimg%2F2609%2FA260901258%2FA260901258_02_02.jpg%3F1789622314911&type=m&w=400&h=250&quality=90&ttype=jpg,121477,170,"[현대] 포터II CRDi 더블캡 초장축 슈퍼",M/T,2011,"현대 경매장",KMFZCY7JABU697149,A/1
"[기아] 신형 카니발(KA4) 9인승 가솔린 프레스티지",2154,133모2130,흰색,휘발유,https://img-auction.autobell.co.kr/OBmZCjL58I?src=https%3A%2F%2Fauction.autobell.co.kr%2FFileUpDown%2F1100%2Fcarimg%2F2609%2FA260903467%2FA260903467_02_02.jpg%3F1790731803579&type=m&w=400&h=250&quality=90&ttype=jpg,151812,1420,"[기아] 신형 카니발(KA4) 9인승 가솔린 프레스티지",A/T,2023,"현대 경매장",KNANB813BPS264939,A/6
"[쉐보레(대우)] 올란도 2.0 디젤 LTZ 프리미엄",2155,53노2357,흰색,경유,https://img-auction.autobell.co.kr/OBmZCjL58I?src=https%3A%2F%2Fauction.autobell.co.kr%2FFileUpDown%2F1100%2Fcarimg%2F2609%2FA260902592%2FA260902592_02_02.jpg%3F1790137223636&type=m&w=400&h=250&quality=90&ttype=jpg,215604,120,"[쉐보레(대우)] 올란도 2.0 디젤 LTZ 프리미엄",A/T,2014,"현대 경매장",KLAYA75YDEK550561,A/3
"[기아] 더 뉴쏘렌토 디젤 R2.2 2WD 노블레스 스페셜",2156,08라3250,검정,경유,https://img-auction.autobell.co.kr/OBmZCjL58I?src=https%3A%2F%2Fauction.autobell.co.kr%2FFileUpDown%2F1100%2Fcarimg%2F2609%2FA260902507%2FA260902507_02_02.jpg%3F1790668658247&type=m&w=400&h=250&quality=90&ttype=jpg,146180,1215,"[기아] 더 뉴쏘렌토 디젤 R2.2 2WD 노블레스 스페셜",A/T,2018,"현대 경매장",KNAPH81BBJA418493,A/8
"[기아] 신형 카니발(KA4) 9인승 가솔린 프레스티지",2157,133모2192,흰색,휘발유,https://img-auction.autobell.co.kr/OBmZCjL58I?src=https%3A%2F%2Fauction.autobell.co.kr%2FFileUpDown%2F1100%2Fcarimg%2F2609%2FA260903438%2FA260903438_02_02.jpg%3F1790733296315&type=m&w=400&h=250&quality=90&ttype=jpg,155165,1275,"[기아] 신형 카니발(KA4) 9인승 가솔린 프레스티지",A/T,2023,"현대 경매장",KNANB813BPS264916,A/5
"[제네시스] GV80 2.5 가솔린 AWD 기본형",2158,186다4942,검정,휘발유,https://img-auction.autobell.co.kr/OBmZCjL58I?src=https%3A%2F%2Fauction.autobell.co.kr%2FFileUpDown%2F1100%2Fcarimg%2F2609%2FA260900355%2FA260900355_02_02.jpg%3F1788930565616&type=m&w=400&h=250&quality=90&ttype=jpg,54553,4600,"[제네시스] GV80 2.5 가솔린 AWD 기본형",A/T,2023,"현대 경매장",KMTHA81BDPU175210,A/6
"[기아] 신형 카니발(KA4) 9인승 가솔린 프레스티지",2159,374거1072,흰색,휘발유,https://img-auction.autobell.co.kr/OBmZCjL58I?src=https%3A%2F%2Fauction.autobell.co.kr%2FFileUpDown%2F1100%2Fcarimg%2F2609%2FA260903433%2FA260903433_02_02.jpg%3F1790733387151&type=m&w=400&h=250&quality=90&ttype=jpg,117903,1580,"[기아] 신형 카니발(KA4) 9인승 가솔린 프레스티지",A/T,2023,"현대 경매장",KNANB813BPS260600,A/5
"[KG모빌리티(쌍용)] 티볼리 가솔린 4WD LX 최고급형",2160,36마0508,파랑,휘발유,https://img-auction.autobell.co.kr/OBmZCjL58I?src=https%3A%2F%2Fauction.autobell.co.kr%2FFileUpDown%2F1100%2Fcarimg%2F2609%2FA260901437%2FA260901437_02_02.jpg%3F1789344217269&type=m&w=400&h=250&quality=90&ttype=jpg,127765,390,"[KG모빌리티(쌍용)] 티볼리 가솔린 4WD LX 최고급형",A/T,2016,"현대 경매장",KPBXA3AR1GP044840,A/2
"[현대] 스타리아 2.2 디젤 투어러 9인승 2WD 모던",2161,321모4320,흰색,경유,https://img-auction.autobell.co.kr/OBmZCjL58I?src=https%3A%2F%2Fauction.autobell.co.kr%2FFileUpDown%2F1100%2Fcarimg%2F2609%2FA260900701%2FA260900701_02_02.jpg%3F1789101870011&type=m&w=400&h=250&quality=90&ttype=jpg,75578,2090,"[현대] 스타리아 2.2 디젤 투어러 9인승 2WD 모던",A/T,2022,"현대 경매장",KMHYA811BNU047442,A/4
"[KG모빌리티(쌍용)] 코란도 스포츠 CX7 4WD 패션",2162,96구7120,빨강,경유,https://img-auction.autobell.co.kr/OBmZCjL58I?src=https%3A%2F%2Fauction.autobell.co.kr%2FFileUpDown%2F1100%2Fcarimg%2F2609%2FA260901776%2FA260901776_02_02.jpg%3F1789696985666&type=m&w=400&h=250&quality=90&ttype=jpg,209411,170,"[KG모빌리티(쌍용)] 코란도 스포츠 CX7 4WD 패션",A/T,2012,"현대 경매장",KPACA4AN1CP140899,A/3
"[현대] 스타리아 2.2 디젤 투어러 11인승 2WD 모던",2163,728노8863,흰색,경유,https://img-auction.autobell.co.kr/OBmZCjL58I?src=https%3A%2F%2Fauction.autobell.co.kr%2FFileUpDown%2F1100%2Fcarimg%2F2609%2FA260900547%2FA260900547_02_02.jpg%3F1788770037871&type=m&w=400&h=250&quality=90&ttype=jpg,18781,2250,"[현대] 스타리아 2.2 디젤 투어러 11인승 2WD 모던",A/T,2025,"현대 경매장",KMJYB371BSU249854,A/2
"[현대] 더 뉴그랜드스타렉스 12인승 디젤 스마트",2164,703조4711,흰색,경유,https://img-auction.autobell.co.kr/OBmZCjL58I?src=https%3A%2F%2Fauction.autobell.co.kr%2FFileUpDown%2F1100%2Fcarimg%2F2609%2FA260902125%2FA260902125_02_02.jpg%3F1789965580096&type=m&w=400&h=250&quality=90&ttype=jpg,167637,940,"[현대] 더 뉴그랜드스타렉스 12인승 디젤 스마트",A/T,2019,"현대 경매장",KMJWA37KBKU055745,A/1
"[현대] 포터II VGT 슈퍼캡 초장축 스마트",2165,820수8876,파랑,경유,https://img-auction.autobell.co.kr/OBmZCjL58I?src=https%3A%2F%2Fauction.autobell.co.kr%2FFileUpDown%2F1100%2Fcarimg%2F2609%2FA260902072%2FA260902072_02_02.jpg%3F1789692013451&type=m&w=400&h=250&quality=90&ttype=jpg,291210,960,"[현대] 포터II VGT 슈퍼캡 초장축 스마트",A/T,2023,"현대 경매장",KMFZCZ7KBPU028440,A/4
"[현대] 싼타페(CM) 2.2 e-VGT 4WD CLX 디럭스",2166,69더4465,회색,경유,https://img-auction.autobell.co.kr/OBmZCjL58I?src=https%3A%2F%2Fauction.autobell.co.kr%2FFileUpDown%2F1100%2Fcarimg%2F2609%2FA260901676%2FA260901676_02_02.jpg%3F1790576891939&type=m&w=400&h=250&quality=90&ttype=jpg,373877,170,"[현대] 싼타페(CM) 2.2 e-VGT 4WD CLX 디럭스",A/T,2011,"현대 경매장",KMHSH81XDBU712019,A/2
"[기아] 신형 카니발(KA4) 9인승 디젤 노블레스",2167,133모2128,검정,경유,https://img-auction.autobell.co.kr/OBmZCjL58I?src=https%3A%2F%2Fauction.autobell.co.kr%2FFileUpDown%2F1100%2Fcarimg%2F2609%2FA260902218%2FA260902218_02_02.jpg%3F1790659484621&type=m&w=400&h=250&quality=90&ttype=jpg,27455,2750,"[기아] 신형 카니발(KA4) 9인승 디젤 노블레스",A/T,2023,"현대 경매장",KNANC81BBPS385445,A/5
"[현대] 포터II CRDi 더블캡 초장축 스타일",2168,88마0269,흰색,경유,https://img-auction.autobell.co.kr/OBmZCjL58I?src=https%3A%2F%2Fauction.autobell.co.kr%2FFileUpDown%2F1100%2Fcarimg%2F2609%2FA260900437%2FA260900437_02_02.jpg%3F1788417252583&type=m&w=400&h=250&quality=90&ttype=jpg,73789,880,"[현대] 포터II CRDi 더블캡 초장축 스타일",M/T,2020,"현대 경매장",KMFZCY7KALU822762,A/1
"[기아] 더 뉴쏘렌토 디젤 R2.2 2WD 마스터",2169,299누9038,흰색,경유,https://img-auction.autobell.co.kr/OBmZCjL58I?src=https%3A%2F%2Fauction.autobell.co.kr%2FFileUpDown%2F1100%2Fcarimg%2F2609%2FA260902795%2FA260902795_02_02.jpg%3F1790575253249&type=m&w=400&h=250&quality=90&ttype=jpg,260909,885,"[기아] 더 뉴쏘렌토 디젤 R2.2 2WD 마스터",A/T,2020,"현대 경매장",KNAPH81BBLA612655,A/3
"[제네시스] GV80 2.5 가솔린 AWD 기본형",2170,385로1180,흰색,휘발유,https://img-auction.autobell.co.kr/OBmZCjL58I?src=https%3A%2F%2Fauction.autobell.co.kr%2FFileUpDown%2F1100%2Fcarimg%2F2609%2FA260901763%2FA260901763_02_02.jpg%3F1789968940366&type=m&w=400&h=250&quality=90&ttype=jpg,75237,4090,"[제네시스] GV80 2.5 가솔린 AWD 기본형",A/T,2023,"현대 경매장",KMTHA81BDPU146361,A/7
"[기아] 더 뉴봉고Ⅲ화물 1톤 더블캡 초장축 GL",2171,93소0128,파랑,경유,https://img-auction.autobell.co.kr/OBmZCjL58I?src=https%3A%2F%2Fauction.autobell.co.kr%2FFileUpDown%2F1100%2Fcarimg%2F2609%2FA260902441%2FA260902441_02_02.jpg%3F1789715986369&type=m&w=400&h=250&quality=90&ttype=jpg,50062,880,"[기아] 더 뉴봉고Ⅲ화물 1톤 더블캡 초장축 GL",M/T,2020,"현대 경매장",KNCSJY76ALK434874,C/1
"[제네시스] GV80 2.5 가솔린 2WD 기본형",2172,258모9846,검정,휘발유,https://img-auction.autobell.co.kr/OBmZCjL58I?src=https%3A%2F%2Fauction.autobell.co.kr%2FFileUpDown%2F1100%2Fcarimg%2F2609%2FA260902450%2FA260902450_02_02.jpg%3F1790568049157&type=m&w=400&h=250&quality=90&ttype=jpg,57836,4690,"[제네시스] GV80 2.5 가솔린 2WD 기본형",A/T,2023,"현대 경매장",KMTHA81BBPU175393,A/8
"[현대] 코나 1.6 가솔린 2WD 프리미엄",2173,306도3036,회색,휘발유,https://img-auction.autobell.co.kr/OBmZCjL58I?src=https%3A%2F%2Fauction.autobell.co.kr%2FFileUpDown%2F1100%2Fcarimg%2F2609%2FA260902853%2FA260902853_02_02.jpg%3F1790060762269&type=m&w=400&h=250&quality=90&ttype=jpg,174340,835,"[현대] 코나 1.6 가솔린 2WD 프리미엄",A/T,2020,"현대 경매장",KMHK4815GLU463520,A/6
"[기아] 신형 카니발(KA4) 하이리무진 7인승 가솔린 시그니처",2174,100주5334,흰색,휘발유,https://img-auction.autobell.co.kr/OBmZCjL58I?src=https%3A%2F%2Fauction.autobell.co.kr%2FFileUpDown%2F1100%2Fcarimg%2F2609%2FA260900640%2FA260900640_02_02.jpg%3F1788930030116&type=m&w=400&h=250&quality=90&ttype=jpg,60245,3090,"[기아] 신형 카니발(KA4) 하이리무진 7인승 가솔린 시그니처",A/T,2023,"현대 경매장",KNANE813BPS361469,A/8
"[현대] 올 뉴투싼 디젤 1.7 2WD 모던피버",2175,07다0120,흰색,경유,https://img-auction.autobell.co.kr/OBmZCjL58I?src=https%3A%2F%2Fauction.autobell.co.kr%2FFileUpDown%2F1100%2Fcarimg%2F2609%2FA260902413%2FA260902413_02_02.jpg%3F1790666076185&type=m&w=400&h=250&quality=90&ttype=jpg,144868,825,"[현대] 올 뉴투싼 디젤 1.7 2WD 모던피버",A/T,2017,"현대 경매장",KMHJ3815GHU356243,A/5
"[기아] 디 올뉴니로EV 에어",2176,27어8783,흰색,전기,https://img-auction.autobell.co.kr/OBmZCjL58I?src=https%3A%2F%2Fauction.autobell.co.kr%2FFileUpDown%2F1100%2Fcarimg%2F2609%2FA260903428%2FA260903428_02_02.jpg%3F1790744009247&type=m&w=400&h=250&quality=90&ttype=jpg,196660,1345,"[기아] 디 올뉴니로EV 에어",A/T,2023,"현대 경매장",KNACP811FPA030248,A/4
"[기아] 신형 카니발(KA4) 9인승 디젤 프레스티지",2177,100주5366,회색,경유,https://img-auction.autobell.co.kr/OBmZCjL58I?src=https%3A%2F%2Fauction.autobell.co.kr%2FFileUpDown%2F1100%2Fcarimg%2F2609%2FA260900273%2FA260900273_02_02.jpg%3F1788928270066&type=m&w=400&h=250&quality=90&ttype=jpg,109556,1835,"[기아] 신형 카니발(KA4) 9인승 디젤 프레스티지",A/T,2023,"현대 경매장",KNANB81BBPS255667,A/8
"[기아] 신형 카니발(KA4) 9인승 가솔린 시그니처",2139,385로1118,회색,휘발유,https://img-auction.autobell.co.kr/OBmZCjL58I?src=https%3A%2F%2Fauction.autobell.co.kr%2FFileUpDown%2F1100%2Fcarimg%2F2609%2FA260900387%2FA260900387_02_02.jpg%3F1788928025296&type=m&w=400&h=250&quality=90&ttype=jpg,83079,1500,"[기아] 신형 카니발(KA4) 9인승 가솔린 시그니처",A/T,2023,"현대 경매장",KNANE813BPS251018,F/1
"[현대] 싼타페(CM) 2.2 VGT 2WD MLX 고급형",2140,108고1551,회색,경유,https://img-auction.autobell.co.kr/OBmZCjL58I?src=https%3A%2F%2Fauction.autobell.co.kr%2FFileUpDown%2F1100%2Fcarimg%2F2609%2FA260902443%2FA260902443_02_02.jpg%3F1790050374245&type=m&w=400&h=250&quality=90&ttype=jpg,129745,155,"[현대] 싼타페(CM) 2.2 VGT 2WD MLX 고급형",A/T,2008,"현대 경매장",KMHSJ81WP8U311904,A/2
"[제네시스] GV80 3.5 가솔린 AWD 기본형",2141,380소8131,파랑,휘발유,https://img-auction.autobell.co.kr/OBmZCjL58I?src=https%3A%2F%2Fauction.autobell.co.kr%2FFileUpDown%2F1100%2Fcarimg%2F2609%2FA260901541%2FA260901541_02_02.jpg%3F1789372298665&type=m&w=400&h=250&quality=90&ttype=jpg,81747,3450,"[제네시스] GV80 3.5 가솔린 AWD 기본형",A/T,2022,"현대 경매장",KMTHC81CDNU085891,F/1
"[현대] 더 뉴그랜드스타렉스 5인승 디젤 밴 모던",2142,95라0636,회색,경유,https://img-auction.autobell.co.kr/OBmZCjL58I?src=https%3A%2F%2Fauction.autobell.co.kr%2FFileUpDown%2F1100%2Fcarimg%2F2609%2FA260900026%2FA260900026_02_02.jpg%3F1790669332958&type=m&w=400&h=250&quality=90&ttype=jpg,180946,795,"[현대] 더 뉴그랜드스타렉스 5인승 디젤 밴 모던",A/T,2018,"현대 경매장",KMFWBX7KBJU985089,A/4
"[현대] 포터II CRDi 슈퍼캡 초장축 스마트",2143,811가9981,흰색,경유,https://img-auction.autobell.co.kr/OBmZCjL58I?src=https%3A%2F%2Fauction.autobell.co.kr%2FFileUpDown%2F1100%2Fcarimg%2F2609%2FA260903187%2FA260903187_02_02.jpg%3F1790666889800&type=m&w=400&h=250&quality=90&ttype=jpg,110526,1050,"[현대] 포터II CRDi 슈퍼캡 초장축 스마트",A/T,2021,"현대 경매장",KMFZCZ7KBMU852389,A/6
"[기아] 디 올뉴니로EV 에어",2144,27어8941,흰색,전기,https://img-auction.autobell.co.kr/OBmZCjL58I?src=https%3A%2F%2Fauction.autobell.co.kr%2FFileUpDown%2F1100%2Fcarimg%2F2609%2FA260901881%2FA260901881_02_02.jpg%3F1789534007132&type=m&w=400&h=250&quality=90&ttype=jpg,168148,1370,"[기아] 디 올뉴니로EV 에어",A/T,2023,"현대 경매장",KNACP811FPA030293,A/1
"[기아] 더 뉴봉고Ⅲ화물 1톤 킹캡 초장축 L라이트",2145,93도0371,흰색,경유,https://img-auction.autobell.co.kr/OBmZCjL58I?src=https%3A%2F%2Fauction.autobell.co.kr%2FFileUpDown%2F1100%2Fcarimg%2F2609%2FA260902228%2FA260902228_02_02.jpg%3F1790050445252&type=m&w=400&h=250&quality=90&ttype=jpg,536321,455,"[기아] 더 뉴봉고Ⅲ화물 1톤 킹캡 초장축 L라이트",A/T,2020,"현대 경매장",KNCSJZ76BLK466164,C/1
"[현대] 올 뉴투싼 디젤 R2.0 2WD 스마트",2146,29로3638,회색,경유,https://img-auction.autobell.co.kr/OBmZCjL58I?src=https%3A%2F%2Fauction.autobell.co.kr%2FFileUpDown%2F1100%2Fcarimg%2F2609%2FA260902799%2FA260902799_02_02.jpg%3F1790754331510&type=m&w=400&h=250&quality=90&ttype=jpg,91805,940,"[현대] 올 뉴투싼 디젤 R2.0 2WD 스마트",A/T,2018,"현대 경매장",KMHJ281ABJU624713,A/4
"[기아] 신형 카니발(KA4) 9인승 가솔린 노블레스",2147,133모2180,검정,휘발유,https://img-auction.autobell.co.kr/OBmZCjL58I?src=https%3A%2F%2Fauction.autobell.co.kr%2FFileUpDown%2F1100%2Fcarimg%2F2609%2FA260903048%2FA260903048_02_02.jpg%3F1790750424191&type=m&w=400&h=250&quality=90&ttype=jpg,36918,2710,"[기아] 신형 카니발(KA4) 9인승 가솔린 노블레스",A/T,2023,"현대 경매장",KNANC813BPS402415,A/8
"[현대] 싼타페(CM) 2.2 e-VGT 4WD CLX 디럭스",2148,20고6914,회색,경유,https://img-auction.autobell.co.kr/OBmZCjL58I?src=https%3A%2F%2Fauction.autobell.co.kr%2FFileUpDown%2F1100%2Fcarimg%2F2609%2FA260903181%2FA260903181_02_02.jpg%3F1790665664521&type=m&w=400&h=250&quality=90&ttype=jpg,185791,190,"[현대] 싼타페(CM) 2.2 e-VGT 4WD CLX 디럭스",A/T,2010,"현대 경매장",KMHSH81XDAU603463,A/1
"[쉐보레(대우)] 올란도 1.6 디젤 LT 컨비니언스",2149,11버0148,흰색,경유,https://img-auction.autobell.co.kr/OBmZCjL58I?src=https%3A%2F%2Fauction.autobell.co.kr%2FFileUpDown%2F1100%2Fcarimg%2F2609%2FA260901461%2FA260901461_02_02.jpg%3F1789709682324&type=m&w=400&h=250&quality=90&ttype=jpg,71273,250,"[쉐보레(대우)] 올란도 1.6 디젤 LT 컨비니언스",A/T,2016,"현대 경매장",KLAYA75CDGK334906,A/6
"[기아] 신형 카니발(KA4) 하이리무진 9인승 가솔린 시그니처",2150,186다4922,흰색,휘발유,https://img-auction.autobell.co.kr/OBmZCjL58I?src=https%3A%2F%2Fauction.autobell.co.kr%2FFileUpDown%2F1100%2Fcarimg%2F2609%2FA260902551%2FA260902551_02_02.jpg%3F1790578769472&type=m&w=400&h=250&quality=90&ttype=jpg,88629,3485,"[기아] 신형 카니발(KA4) 하이리무진 9인승 가솔린 시그니처",A/T,2023,"현대 경매장",KNANE813BPS362216,A/7
"[기아] 봉고Ⅲ화물 CRDi 킹캡 초장축",2151,88너1289,파랑,경유,https://img-auction.autobell.co.kr/OBmZCjL58I?src=https%3A%2F%2Fauction.autobell.co.kr%2FFileUpDown%2F1100%2Fcarimg%2F2609%2FA260901954%2FA260901954_02_02.jpg%3F1789544050923&type=m&w=400&h=250&quality=90&ttype=jpg,348830,400,"[기아] 봉고Ⅲ화물 CRDi 킹캡 초장축",A/T,2019,"현대 경매장",KNCSJZ76BKK369304,A/1
"[기아] 디 올뉴스포티지 2.0 디젤 2WD 프레스티지",2127,397로4066,회색,경유,https://img-auction.autobell.co.kr/OBmZCjL58I?src=https%3A%2F%2Fauction.autobell.co.kr%2FFileUpDown%2F1100%2Fcarimg%2F2609%2FA260902932%2FA260902932_02_02.jpg%3F1790561845084&type=m&w=400&h=250&quality=90&ttype=jpg,214588,1270,"[기아] 디 올뉴스포티지 2.0 디젤 2WD 프레스티지",A/T,2023,"현대 경매장",KNAPV81CBPK180361,A/3
"[르노(삼성)] QM6 2.0 dCi 4WD RE 시그니처",2128,17수0148,회색,경유,https://img-auction.autobell.co.kr/OBmZCjL58I?src=https%3A%2F%2Fauction.autobell.co.kr%2FFileUpDown%2F1100%2Fcarimg%2F2609%2FA260901248%2FA260901248_02_02.jpg%3F1789620889898&type=m&w=400&h=250&quality=90&ttype=jpg,126054,550,"[르노(삼성)] QM6 2.0 dCi 4WD RE 시그니처",A/T,2017,"현대 경매장",KNME5C2M6HP004159,A/3
"[기아] 올 뉴카니발 7인승 리무진 디젤 VIP",2129,30수4690,검정,경유,https://img-auction.autobell.co.kr/OBmZCjL58I?src=https%3A%2F%2Fauction.autobell.co.kr%2FFileUpDown%2F1100%2Fcarimg%2F2609%2FA260902957%2FA260902957_02_02.jpg%3F1790658043727&type=m&w=400&h=250&quality=90&ttype=jpg,166617,480,"[기아] 올 뉴카니발 7인승 리무진 디젤 VIP",A/T,2016,"현대 경매장",KNAMB81ABGS097725,A/4
"[기아] 신형 카니발(KA4) 9인승 가솔린 노블레스",2130,374거1066,검정,휘발유,https://img-auction.autobell.co.kr/OBmZCjL58I?src=https%3A%2F%2Fauction.autobell.co.kr%2FFileUpDown%2F1100%2Fcarimg%2F2609%2FA260900094%2FA260900094_02_02.jpg%3F1788932143917&type=m&w=400&h=250&quality=90&ttype=jpg,127854,2360,"[기아] 신형 카니발(KA4) 9인승 가솔린 노블레스",A/T,2023,"현대 경매장",KNANC813BPS281526,A/5
"[현대] 포터II CRDi 슈퍼캡 초장축 골드",2131,83거8168,미색,경유,https://img-auction.autobell.co.kr/OBmZCjL58I?src=https%3A%2F%2Fauction.autobell.co.kr%2FFileUpDown%2F1100%2Fcarimg%2F2609%2FA260902523%2FA260902523_02_02.jpg%3F1790056418264&type=m&w=400&h=250&quality=90&ttype=jpg,148007,640,"[현대] 포터II CRDi 슈퍼캡 초장축 골드",A/T,2015,"현대 경매장",KMFZCZ7KBFU125275,A/1
"[기아] 더 뉴봉고Ⅲ화물 1톤 킹캡 초장축 L",2132,92버2618,파랑,경유,https://img-auction.autobell.co.kr/OBmZCjL58I?src=https%3A%2F%2Fauction.autobell.co.kr%2FFileUpDown%2F1100%2Fcarimg%2F2609%2FA260903030%2FA260903030_02_02.jpg%3F1790580223716&type=m&w=400&h=250&quality=90&ttype=jpg,361006,620,"[기아] 더 뉴봉고Ⅲ화물 1톤 킹캡 초장축 L",A/T,2020,"현대 경매장",KNCSJZ76BLK421031,A/1
"[제네시스] GV80 3.5 가솔린 AWD 기본형",2133,204수8233,초록,휘발유,https://img-auction.autobell.co.kr/OBmZCjL58I?src=https%3A%2F%2Fauction.autobell.co.kr%2FFileUpDown%2F1100%2Fcarimg%2F2609%2FA260902878%2FA260902878_02_02.jpg%3F1790657838390&type=m&w=400&h=250&quality=90&ttype=jpg,101434,3660,"[제네시스] GV80 3.5 가솔린 AWD 기본형",A/T,2021,"현대 경매장",KMTHC81CDMU077756,A/6
"[기아] 더 뉴스포티지R 디젤 R2.0 2WD 트렌디",2134,37주8501,흰색,경유,https://img-auction.autobell.co.kr/OBmZCjL58I?src=https%3A%2F%2Fauction.autobell.co.kr%2FFileUpDown%2F1100%2Fcarimg%2F2609%2FA260902909%2FA260902909_02_02.jpg%3F1790568231173&type=m&w=400&h=250&quality=90&ttype=jpg,117441,500,"[기아] 더 뉴스포티지R 디젤 R2.0 2WD 트렌디",A/T,2015,"현대 경매장",KNAPC813BFK740903,A/7
"[기아] 디 올뉴니로 1.6 HEV 시그니처",2135,234러7462,흰색,하이브리드,https://img-auction.autobell.co.kr/OBmZCjL58I?src=https%3A%2F%2Fauction.autobell.co.kr%2FFileUpDown%2F1100%2Fcarimg%2F2609%2FA260901505%2FA260901505_02_02.jpg%3F1789438674493&type=m&w=400&h=250&quality=90&ttype=jpg,57574,2370,"[기아] 디 올뉴니로 1.6 HEV 시그니처",A/T,2022,"현대 경매장",KNACT81EGNA016197,A/6
"[현대] 더 뉴싼타페 디젤 2.2 2WD 프리미엄",2136,133모2106,파랑,경유,https://img-auction.autobell.co.kr/OBmZCjL58I?src=https%3A%2F%2Fauction.autobell.co.kr%2FFileUpDown%2F1100%2Fcarimg%2F2609%2FA260900712%2FA260900712_02_02.jpg%3F1789101224680&type=m&w=400&h=250&quality=90&ttype=jpg,134482,1340,"[현대] 더 뉴싼타페 디젤 2.2 2WD 프리미엄",A/T,2021,"현대 경매장",KMHS281HGMU395294,A/5
"[르노(삼성)] 뉴 QM6 2.0 GDe LE",2137,158소8192,회색,휘발유,https://img-auction.autobell.co.kr/OBmZCjL58I?src=https%3A%2F%2Fauction.autobell.co.kr%2FFileUpDown%2F1100%2Fcarimg%2F2609%2FA260902609%2FA260902609_02_02.jpg%3F1790043702242&type=m&w=400&h=250&quality=90&ttype=jpg,109001,1145,"[르노(삼성)] 뉴 QM6 2.0 GDe LE",A/T,2023,"현대 경매장",KNME5C2B5PP095213,A/5
"[기아] 모하비 더 마스터 3.0 디젤 4WD 마스터즈",2138,385로1194,회색,경유,https://img-auction.autobell.co.kr/OBmZCjL58I?src=https%3A%2F%2Fauction.autobell.co.kr%2FFileUpDown%2F1100%2Fcarimg%2F2609%2FA260901983%2FA260901983_02_02.jpg%3F1789536373044&type=m&w=400&h=250&quality=90&ttype=jpg,174950,1760,"[기아] 모하비 더 마스터 3.0 디젤 4WD 마스터즈",A/T,2021,"현대 경매장",KNAKN814DMA210390,A/5
"[현대] 뉴투싼 ix 디젤 R2.0 2WD 스마트",2101,16주3782,흰색,경유,https://img-auction.autobell.co.kr/OBmZCjL58I?src=https%3A%2F%2Fauction.autobell.co.kr%2FFileUpDown%2F1100%2Fcarimg%2F2609%2FA260903276%2FA260903276_02_02.jpg%3F1790657378741&type=m&w=400&h=250&quality=90&ttype=jpg,97153,525,"[현대] 뉴투싼 ix 디젤 R2.0 2WD 스마트",A/T,2015,"현대 경매장",KMHJT81VBFU016130,A/4
"[기아] 디 올뉴니로 1.6 HEV 트렌디",2102,322누8778,파랑,하이브리드,https://img-auction.autobell.co.kr/OBmZCjL58I?src=https%3A%2F%2Fauction.autobell.co.kr%2FFileUpDown%2F1100%2Fcarimg%2F2609%2FA260901642%2FA260901642_02_02.jpg%3F1789444467339&type=m&w=400&h=250&quality=90&ttype=jpg,68925,1710,"[기아] 디 올뉴니로 1.6 HEV 트렌디",A/T,2024,"현대 경매장",KNACP81EGRA098674,A/3
"[제네시스] GV80 2.5 가솔린 AWD 기본형",2103,180가9845,초록,휘발유,https://img-auction.autobell.co.kr/OBmZCjL58I?src=https%3A%2F%2Fauction.autobell.co.kr%2FFileUpDown%2F1100%2Fcarimg%2F2609%2FA260900531%2FA260900531_02_02.jpg%3F1789001682856&type=m&w=400&h=250&quality=90&ttype=jpg,99663,4200,"[제네시스] GV80 2.5 가솔린 AWD 기본형",A/T,2022,"현대 경매장",KMTHA81BDNU116955,A/8
"[현대] 포터II CRDi 슈퍼캡 초장축 스마트",2104,86가9844,흰색,경유,https://img-auction.autobell.co.kr/OBmZCjL58I?src=https%3A%2F%2Fauction.autobell.co.kr%2FFileUpDown%2F1100%2Fcarimg%2F2609%2FA260902433%2FA260902433_02_02.jpg%3F1790557234314&type=m&w=400&h=250&quality=90&ttype=jpg,216580,1000,"[현대] 포터II CRDi 슈퍼캡 초장축 스마트",A/T,2022,"현대 경매장",KMFZCZ7KBNU924376,A/3
"[르노(삼성)] XM3 1.3 TCe RE 시그니처",2105,235거1526,흰색,휘발유,https://img-auction.autobell.co.kr/OBmZCjL58I?src=https%3A%2F%2Fauction.autobell.co.kr%2FFileUpDown%2F1100%2Fcarimg%2F2609%2FA260903156%2FA260903156_02_02.jpg%3F1790659947756&type=m&w=400&h=250&quality=90&ttype=jpg,67117,970,"[르노(삼성)] XM3 1.3 TCe RE 시그니처",A/T,2020,"현대 경매장",KNMK5B2RMLP010498,A/8
"[기아] 더 뉴쏘렌토 디젤 R2.0 2WD 노블레스 스페셜",2106,39더1642,검정,경유,https://img-auction.autobell.co.kr/OBmZCjL58I?src=https%3A%2F%2Fauction.autobell.co.kr%2FFileUpDown%2F1100%2Fcarimg%2F2609%2FA260903382%2FA260903382_02_02.jpg%3F1790746116437&type=m&w=400&h=250&quality=90&ttype=jpg,98153,1400,"[기아] 더 뉴쏘렌토 디젤 R2.0 2WD 노블레스 스페셜",A/T,2018,"현대 경매장",KNAPH81ABJA382147,A/5
"[쉐보레(대우)] 올란도 1.6 디젤 LTZ 프리미엄",2107,53보0551,흰색,경유,https://img-auction.autobell.co.kr/OBmZCjL58I?src=https%3A%2F%2Fauction.autobell.co.kr%2FFileUpDown%2F1100%2Fcarimg%2F2609%2FA260903128%2FA260903128_02_02.jpg%3F1790657640132&type=m&w=400&h=250&quality=90&ttype=jpg,118254,315,"[쉐보레(대우)] 올란도 1.6 디젤 LTZ 프리미엄",A/T,2016,"현대 경매장",KLAYA75CDGK335390,A/5
"[제네시스] GV80 2.5 가솔린 AWD 기본형",2108,302구6290,검정,휘발유,https://img-auction.autobell.co.kr/OBmZCjL58I?src=https%3A%2F%2Fauction.autobell.co.kr%2FFileUpDown%2F1100%2Fcarimg%2F2609%2FA260900473%2FA260900473_02_02.jpg%3F1788501092724&type=m&w=400&h=250&quality=90&ttype=jpg,86261,3630,"[제네시스] GV80 2.5 가솔린 AWD 기본형",A/T,2020,"현대 경매장",KMTHA81BDLU006140,A/3
"[쉐보레(대우)] 트래버스 3.6  가솔린 LT 레더 프리미엄",2109,109러3507,흰색,휘발유,https://img-auction.autobell.co.kr/OBmZCjL58I?src=https%3A%2F%2Fauction.autobell.co.kr%2FFileUpDown%2F1100%2Fcarimg%2F2609%2FA260902069%2FA260902069_02_02.jpg%3F1789606950738&type=m&w=400&h=250&quality=90&ttype=jpg,143292,950,"[쉐보레(대우)] 트래버스 3.6  가솔린 LT 레더 프리미엄",A/T,2020,"현대 경매장",1GNEV9KWXLJ176668,A/2
"[기아] 뉴쏘렌토 R R2.0 2WD 트렌디",2110,12보2026,흰색,경유,https://img-auction.autobell.co.kr/OBmZCjL58I?src=https%3A%2F%2Fauction.autobell.co.kr%2FFileUpDown%2F1100%2Fcarimg%2F2609%2FA260902865%2FA260902865_02_02.jpg%3F1790581698711&type=m&w=400&h=250&quality=90&ttype=jpg,139626,455,"[기아] 뉴쏘렌토 R R2.0 2WD 트렌디",A/T,2014,"현대 경매장",KNAKU815BEA572969,A/2
"[현대] 넥쏘 FCEV 모던",2111,23나6939,흰색,수소,https://img-auction.autobell.co.kr/OBmZCjL58I?src=https%3A%2F%2Fauction.autobell.co.kr%2FFileUpDown%2F1100%2Fcarimg%2F2609%2FA260903567%2FA260903567_02_02.jpg%3F1790752631411&type=m&w=400&h=250&quality=90&ttype=jpg,294751,490,"[현대] 넥쏘 FCEV 모던",A/T,2024,"현대 경매장",KMHJ7816FRU034837,A/5
"[기아] 더 뉴봉고Ⅲ화물 1톤 LPG 킹캡 초장축 GLS",2112,861라9848,흰색,LPG,https://img-auction.autobell.co.kr/OBmZCjL58I?src=https%3A%2F%2Fauction.autobell.co.kr%2FFileUpDown%2F1100%2Fcarimg%2F2609%2FA260903115%2FA260903115_02_02.jpg%3F1790669975287&type=m&w=400&h=250&quality=90&ttype=jpg,17951,1860,"[기아] 더 뉴봉고Ⅲ화물 1톤 LPG 킹캡 초장축 GLS",A/T,2025,"현대 경매장",KNCSJZ78BSK906781,A/8
"[현대] 포터II CRDi 더블캡 초장축 플러스",2113,83더4569,미색,경유,https://img-auction.autobell.co.kr/OBmZCjL58I?src=https%3A%2F%2Fauction.autobell.co.kr%2FFileUpDown%2F1100%2Fcarimg%2F2609%2FA260902511%2FA260902511_02_02.jpg%3F1790045363646&type=m&w=400&h=250&quality=90&ttype=jpg,178135,320,"[현대] 포터II CRDi 더블캡 초장축 플러스",M/T,2015,"현대 경매장",KMFZCY7KAFU084302,A/1
"[기아] 디 올뉴니로EV 에어",2114,27어8723,흰색,전기,https://img-auction.autobell.co.kr/OBmZCjL58I?src=https%3A%2F%2Fauction.autobell.co.kr%2FFileUpDown%2F1100%2Fcarimg%2F2609%2FA260903468%2FA260903468_02_02.jpg%3F1790734142205&type=m&w=400&h=250&quality=90&ttype=jpg,178711,1500,"[기아] 디 올뉴니로EV 에어",A/T,2023,"현대 경매장",KNACP811FPA030069,A/5
"[기아] 더 뉴카니발(KA4) 9인승 디젤 노블레스",2115,143라2864,흰색,경유,https://img-auction.autobell.co.kr/OBmZCjL58I?src=https%3A%2F%2Fauction.autobell.co.kr%2FFileUpDown%2F1100%2Fcarimg%2F2609%2FA260903304%2FA260903304_02_02.jpg%3F1790669821091&type=m&w=400&h=250&quality=90&ttype=jpg,47227,3355,"[기아] 더 뉴카니발(KA4) 9인승 디젤 노블레스",A/T,2025,"현대 경매장",KNANC81BBSS537000,A/6
"[현대] 스타리아 2.2 디젤 카고 3인승 모던",2116,90우1320,흰색,경유,https://img-auction.autobell.co.kr/OBmZCjL58I?src=https%3A%2F%2Fauction.autobell.co.kr%2FFileUpDown%2F1100%2Fcarimg%2F2609%2FA260902886%2FA260902886_02_02.jpg%3F1790664724903&type=m&w=400&h=250&quality=90&ttype=jpg,212361,1130,"[현대] 스타리아 2.2 디젤 카고 3인승 모던",A/T,2022,"현대 경매장",KMFYDX71BNU026006,A/4
"[기아] 스포티지 더 볼드 2.0 가솔린 프레스티지",2117,36고4558,흰색,휘발유,https://img-auction.autobell.co.kr/OBmZCjL58I?src=https%3A%2F%2Fauction.autobell.co.kr%2FFileUpDown%2F1100%2Fcarimg%2F2609%2FA260903188%2FA260903188_02_02.jpg%3F1790660503816&type=m&w=400&h=250&quality=90&ttype=jpg,209347,920,"[기아] 스포티지 더 볼드 2.0 가솔린 프레스티지",A/T,2019,"현대 경매장",KNAP681ABKK670018,A/8
"[제네시스] GV80 2.5 가솔린 2WD 기본형",2118,186다4962,흰색,휘발유,https://img-auction.autobell.co.kr/OBmZCjL58I?src=https%3A%2F%2Fauction.autobell.co.kr%2FFileUpDown%2F1100%2Fcarimg%2F2609%2FA260900816%2FA260900816_02_02.jpg%3F1788928283852&type=m&w=400&h=250&quality=90&ttype=jpg,82238,3990,"[제네시스] GV80 2.5 가솔린 2WD 기본형",A/T,2023,"현대 경매장",KMTHA81BBPU143297,A/7
"[기아] 더 뉴봉고Ⅲ화물 1톤 킹캡 초장축 L",2119,82고0188,파랑,경유,https://img-auction.autobell.co.kr/OBmZCjL58I?src=https%3A%2F%2Fauction.autobell.co.kr%2FFileUpDown%2F1100%2Fcarimg%2F2609%2FA260903031%2FA260903031_02_02.jpg%3F1790577856776&type=m&w=400&h=250&quality=90&ttype=jpg,328928,620,"[기아] 더 뉴봉고Ⅲ화물 1톤 킹캡 초장축 L",A/T,2020,"현대 경매장",KNCSJZ76BLK403970,A/1
"[현대] 더 뉴그랜드스타렉스 3인승 디젤 밴 스마트",2120,92보7053,회색,경유,https://img-auction.autobell.co.kr/OBmZCjL58I?src=https%3A%2F%2Fauction.autobell.co.kr%2FFileUpDown%2F1100%2Fcarimg%2F2609%2FA260902812%2FA260902812_02_02.jpg%3F1790669804112&type=m&w=400&h=250&quality=90&ttype=jpg,46767,1080,"[현대] 더 뉴그랜드스타렉스 3인승 디젤 밴 스마트",A/T,2021,"현대 경매장",KMFWBX7KBMU189158,D/1
"[현대] 포터II 하이냉동탑차 슈퍼캡 트윈컴프",2121,81구8216,미색,경유,https://img-auction.autobell.co.kr/OBmZCjL58I?src=https%3A%2F%2Fauction.autobell.co.kr%2FFileUpDown%2F1100%2Fcarimg%2F2609%2FA260901864%2FA260901864_02_02.jpg%3F1789616649103&type=m&w=400&h=250&quality=90&ttype=jpg,186831,355,"[현대] 포터II 하이냉동탑차 슈퍼캡 트윈컴프",M/T,2015,"현대 경매장",KMFZSZ7KAFU107588,A/2
"[쉐보레(대우)] 트랙스 1.6 디젤 LT 레더패키지",2122,66저0548,미색,경유,https://img-auction.autobell.co.kr/OBmZCjL58I?src=https%3A%2F%2Fauction.autobell.co.kr%2FFileUpDown%2F1100%2Fcarimg%2F2609%2FA260903203%2FA260903203_02_02.jpg%3F1790666915378&type=m&w=400&h=250&quality=90&ttype=jpg,100672,255,"[쉐보레(대우)] 트랙스 1.6 디젤 LT 레더패키지",A/T,2016,"현대 경매장",KLABA76CDGB642182,A/3
"[현대] 아이오닉 5 EV 2WD 롱레인지 익스클루시브",2123,27어8747,흰색,전기,https://img-auction.autobell.co.kr/OBmZCjL58I?src=https%3A%2F%2Fauction.autobell.co.kr%2FFileUpDown%2F1100%2Fcarimg%2F2609%2FA260903429%2FA260903429_02_02.jpg%3F1790743747117&type=m&w=400&h=250&quality=90&ttype=jpg,168458,1910,"[현대] 아이오닉 5 EV 2WD 롱레인지 익스클루시브",A/T,2023,"현대 경매장",KMHKN81EFPU145746,A/5
"[기아] 신형 카니발(KA4) 7인승 디젤 시그니처",2124,131머8298,회색,경유,https://img-auction.autobell.co.kr/OBmZCjL58I?src=https%3A%2F%2Fauction.autobell.co.kr%2FFileUpDown%2F1100%2Fcarimg%2F2609%2FA260902672%2FA260902672_02_02.jpg%3F1790049260781&type=m&w=400&h=250&quality=90&ttype=jpg,139455,1680,"[기아] 신형 카니발(KA4) 7인승 디젤 시그니처",A/T,2021,"현대 경매장",KNANE81BBMS105557,C/1
"[현대] 맥스크루즈 디젤 R2.2 4WD 익스클루시브",2125,40머8595,회색,경유,https://img-auction.autobell.co.kr/OBmZCjL58I?src=https%3A%2F%2Fauction.autobell.co.kr%2FFileUpDown%2F1100%2Fcarimg%2F2609%2FA260901381%2FA260901381_02_02.jpg%3F1789088379902&type=m&w=400&h=250&quality=90&ttype=jpg,150113,450,"[현대] 맥스크루즈 디젤 R2.2 4WD 익스클루시브",A/T,2014,"현대 경매장",KMHSN81XDEU046357,A/5
"[제네시스] GV80 2.5 가솔린 AWD 기본형",2126,186다4902,흰색,휘발유,https://img-auction.autobell.co.kr/OBmZCjL58I?src=https%3A%2F%2Fauction.autobell.co.kr%2FFileUpDown%2F1100%2Fcarimg%2F2609%2FA260900115%2FA260900115_02_02.jpg%3F1788745518599&type=m&w=400&h=250&quality=90&ttype=jpg,42543,4090,"[제네시스] GV80 2.5 가솔린 AWD 기본형",A/T,2023,"현대 경매장",KMTHA81BDPU171223,A/8
"[기아] 신형쏘렌토(MQ4) 2.2 디젤 4WD 노블레스",2075,182마6768,검정,경유,https://img-auction.autobell.co.kr/OBmZCjL58I?src=https%3A%2F%2Fauction.autobell.co.kr%2FFileUpDown%2F1100%2Fcarimg%2F2609%2FA260902949%2FA260902949_02_02.jpg%3F1790656812355&type=m&w=400&h=250&quality=90&ttype=jpg,224187,1510,"[기아] 신형쏘렌토(MQ4) 2.2 디젤 4WD 노블레스",A/T,2021,"현대 경매장",KNARH81BHMA012932,B/4
"[제네시스] GV80 2.5 가솔린 AWD 기본형",2076,374거1048,흰색,휘발유,https://img-auction.autobell.co.kr/OBmZCjL58I?src=https%3A%2F%2Fauction.autobell.co.kr%2FFileUpDown%2F1100%2Fcarimg%2F2609%2FA260900458%2FA260900458_02_02.jpg%3F1788929439452&type=m&w=400&h=250&quality=90&ttype=jpg,113719,4080,"[제네시스] GV80 2.5 가솔린 AWD 기본형",A/T,2023,"현대 경매장",KMTHA81BDPU173829,A/7
"[현대] 포터II VGT 슈퍼캡 초장축 프리미엄",2077,821버7845,파랑,경유,https://img-auction.autobell.co.kr/OBmZCjL58I?src=https%3A%2F%2Fauction.autobell.co.kr%2FFileUpDown%2F1100%2Fcarimg%2F2609%2FA260902408%2FA260902408_02_02.jpg%3F1790141687057&type=m&w=400&h=250&quality=90&ttype=jpg,239724,995,"[현대] 포터II VGT 슈퍼캡 초장축 프리미엄",A/T,2022,"현대 경매장",KMFZCZ7KBNU944346,A/3
"[KG모빌리티(쌍용)] G4 렉스턴 2.2 4WD 유라시아 에디션",2078,54구4211,흰색,경유,https://img-auction.autobell.co.kr/OBmZCjL58I?src=https%3A%2F%2Fauction.autobell.co.kr%2FFileUpDown%2F1100%2Fcarimg%2F2609%2FA260902947%2FA260902947_02_02.jpg%3F1790664597855&type=m&w=400&h=250&quality=90&ttype=jpg,316285,620,"[KG모빌리티(쌍용)] G4 렉스턴 2.2 4WD 유라시아 에디션",A/T,2019,"현대 경매장",KPBGA2AE1KP048592,A/7
"[기아] 더 뉴카니발(YP) 리무진 7인승 디젤 프레지던트",2079,45수2450,회색,경유,https://img-auction.autobell.co.kr/OBmZCjL58I?src=https%3A%2F%2Fauction.autobell.co.kr%2FFileUpDown%2F1100%2Fcarimg%2F2609%2FA260902850%2FA260902850_02_02.jpg%3F1790056450852&type=m&w=400&h=250&quality=90&ttype=jpg,120788,1250,"[기아] 더 뉴카니발(YP) 리무진 7인승 디젤 프레지던트",A/T,2019,"현대 경매장",KNAME81ABKS450621,A/4
"[현대] 포터II CRDi 더블캡 초장축 프리미엄",2080,96오0150,파랑,경유,https://img-auction.autobell.co.kr/OBmZCjL58I?src=https%3A%2F%2Fauction.autobell.co.kr%2FFileUpDown%2F1100%2Fcarimg%2F2609%2FA260902769%2FA260902769_02_02.jpg%3F1790050408654&type=m&w=400&h=250&quality=90&ttype=jpg,239408,680,"[현대] 포터II CRDi 더블캡 초장축 프리미엄",A/T,2020,"현대 경매장",KMFZCY7KBLU727064,A/1
"[기아] 올 뉴쏘렌토 R2.0 2WD 노블레스",2081,67머5656,회색,경유,https://img-auction.autobell.co.kr/OBmZCjL58I?src=https%3A%2F%2Fauction.autobell.co.kr%2FFileUpDown%2F1100%2Fcarimg%2F2609%2FA260903027%2FA260903027_02_02.jpg%3F1790658716778&type=m&w=400&h=250&quality=90&ttype=jpg,206470,580,"[기아] 올 뉴쏘렌토 R2.0 2WD 노블레스",A/T,2015,"현대 경매장",KNAPH81ABFA061332,B/1
"[르노(삼성)] QM3 LE",2082,50오7203,미색,경유,https://img-auction.autobell.co.kr/OBmZCjL58I?src=https%3A%2F%2Fauction.autobell.co.kr%2FFileUpDown%2F1100%2Fcarimg%2F2609%2FA260903386%2FA260903386_02_02.jpg%3F1790668523687&type=m&w=400&h=250&quality=90&ttype=jpg,182611,195,"[르노(삼성)] QM3 LE",A/T,2015,"현대 경매장",VF12R3L1EFW719997,A/5
"[제네시스] GV80 2.5 가솔린 AWD 기본형",2083,133모2134,흰색,휘발유,https://img-auction.autobell.co.kr/OBmZCjL58I?src=https%3A%2F%2Fauction.autobell.co.kr%2FFileUpDown%2F1100%2Fcarimg%2F2609%2FA260901387%2FA260901387_02_02.jpg%3F1789609027624&type=m&w=400&h=250&quality=90&ttype=jpg,59554,4710,"[제네시스] GV80 2.5 가솔린 AWD 기본형",A/T,2023,"현대 경매장",KMTHA81BDPU149411,A/7
"[현대] 포터II CRDi 슈퍼캡 초장축 스마트",2084,820수8887,미색,경유,https://img-auction.autobell.co.kr/OBmZCjL58I?src=https%3A%2F%2Fauction.autobell.co.kr%2FFileUpDown%2F1100%2Fcarimg%2F2609%2FA260902260%2FA260902260_02_02.jpg%3F1789691486124&type=m&w=400&h=250&quality=90&ttype=jpg,505367,460,"[현대] 포터II CRDi 슈퍼캡 초장축 스마트",A/T,2019,"현대 경매장",KMFZCZ7KBKU667093,B/1
"[기아] 더 뉴봉고Ⅲ화물 1톤 LPG 킹캡 초장축 GLS",2085,80주0980,파랑,LPG,https://img-auction.autobell.co.kr/OBmZCjL58I?src=https%3A%2F%2Fauction.autobell.co.kr%2FFileUpDown%2F1100%2Fcarimg%2F2609%2FA260902832%2FA260902832_02_02.jpg%3F1790661311965&type=m&w=400&h=250&quality=90&ttype=jpg,79671,1060,"[기아] 더 뉴봉고Ⅲ화물 1톤 LPG 킹캡 초장축 GLS",M/T,2020,"현대 경매장",KNCSJZ75ALK421979,A/2
"[KG모빌리티(쌍용)] 티볼리 가솔린 2WD VX",2086,60라1501,흰색,휘발유,https://img-auction.autobell.co.kr/OBmZCjL58I?src=https%3A%2F%2Fauction.autobell.co.kr%2FFileUpDown%2F1100%2Fcarimg%2F2609%2FA260902225%2FA260902225_02_02.jpg%3F1789979864665&type=m&w=400&h=250&quality=90&ttype=jpg,70437,610,"[KG모빌리티(쌍용)] 티볼리 가솔린 2WD VX",A/T,2017,"현대 경매장",KPBXH3AR1HP170731,A/3
"[현대] 신형 싼타페 R2.2 2WD 익스클루시브",2087,43주5968,흰색,경유,https://img-auction.autobell.co.kr/OBmZCjL58I?src=https%3A%2F%2Fauction.autobell.co.kr%2FFileUpDown%2F1100%2Fcarimg%2F2609%2FA260902992%2FA260902992_02_02.jpg%3F1790569963651&type=m&w=400&h=250&quality=90&ttype=jpg,189846,1020,"[현대] 신형 싼타페 R2.2 2WD 익스클루시브",A/T,2019,"현대 경매장",KMHS281CBKU035366,A/4
"[현대] 스타리아 2.2 디젤 카고 3인승 스마트",2088,90러3185,검정,경유,https://img-auction.autobell.co.kr/OBmZCjL58I?src=https%3A%2F%2Fauction.autobell.co.kr%2FFileUpDown%2F1100%2Fcarimg%2F2609%2FA260901208%2FA260901208_02_02.jpg%3F1790580741453&type=m&w=400&h=250&quality=90&ttype=jpg,147096,980,"[현대] 스타리아 2.2 디젤 카고 3인승 스마트",A/T,2022,"현대 경매장",KMFYFX71BNU027273,A/1
"[기아] 올 뉴쏘렌토 R2.0 2WD 노블레스",2089,42소5759,검정,경유,https://img-auction.autobell.co.kr/OBmZCjL58I?src=https%3A%2F%2Fauction.autobell.co.kr%2FFileUpDown%2F1100%2Fcarimg%2F2609%2FA260902768%2FA260902768_02_02.jpg%3F1790053779513&type=m&w=400&h=250&quality=90&ttype=jpg,103376,985,"[기아] 올 뉴쏘렌토 R2.0 2WD 노블레스",A/T,2015,"현대 경매장",KNAPH81ABFA113891,A/6
"[기아] 신형 카니발(KA4) 9인승 가솔린 프레스티지",2090,258모9834,흰색,휘발유,https://img-auction.autobell.co.kr/OBmZCjL58I?src=https%3A%2F%2Fauction.autobell.co.kr%2FFileUpDown%2F1100%2Fcarimg%2F2609%2FA260903431%2FA260903431_02_02.jpg%3F1790733260894&type=m&w=400&h=250&quality=90&ttype=jpg,140867,1330,"[기아] 신형 카니발(KA4) 9인승 가솔린 프레스티지",A/T,2023,"현대 경매장",KNANB813BPS258467,A/4
"[제네시스] GV80 2.5 가솔린 AWD 기본형",2091,100주5394,흰색,휘발유,https://img-auction.autobell.co.kr/OBmZCjL58I?src=https%3A%2F%2Fauction.autobell.co.kr%2FFileUpDown%2F1100%2Fcarimg%2F2609%2FA260902449%2FA260902449_02_02.jpg%3F1790037326108&type=m&w=400&h=250&quality=90&ttype=jpg,41128,5115,"[제네시스] GV80 2.5 가솔린 AWD 기본형",A/T,2023,"현대 경매장",KMTHA81BDPU173833,A/8
"[현대] 포터II CRDi 일반캡 초장축 스마트",2092,84누1061,파랑,경유,https://img-auction.autobell.co.kr/OBmZCjL58I?src=https%3A%2F%2Fauction.autobell.co.kr%2FFileUpDown%2F1100%2Fcarimg%2F2609%2FA260903225%2FA260903225_02_02.jpg%3F1790666695352&type=m&w=400&h=250&quality=90&ttype=jpg,201174,780,"[현대] 포터II CRDi 일반캡 초장축 스마트",A/T,2022,"현대 경매장",KMFZCX7KBNU870390,A/3
"[현대] 팰리세이드 2.2 디젤 프레스티지",2093,275모3033,흰색,경유,https://img-auction.autobell.co.kr/OBmZCjL58I?src=https%3A%2F%2Fauction.autobell.co.kr%2FFileUpDown%2F1100%2Fcarimg%2F2609%2FA260900192%2FA260900192_02_02.jpg%3F1788409517231&type=m&w=400&h=250&quality=90&ttype=jpg,117844,1580,"[현대] 팰리세이드 2.2 디젤 프레스티지",A/T,2021,"현대 경매장",KMHR381ABMU238720,F/1
"[기아] 더 뉴봉고Ⅲ화물 내장탑차 LPI 플러스형",2094,경기92배2709,흰색,LPG,https://img-auction.autobell.co.kr/OBmZCjL58I?src=https%3A%2F%2Fauction.autobell.co.kr%2FFileUpDown%2F1100%2Fcarimg%2F2609%2FA260902425%2FA260902425_02_02.jpg%3F1789714594981&type=m&w=400&h=250&quality=90&ttype=jpg,33861,2200,"[기아] 더 뉴봉고Ⅲ화물 내장탑차 LPI 플러스형",A/T,2025,"현대 경매장",KNFSTZ78BSK817788,A/5
"[제네시스] GV80 2.5 가솔린 2WD 기본형",2095,258모9878,흰색,휘발유,https://img-auction.autobell.co.kr/OBmZCjL58I?src=https%3A%2F%2Fauction.autobell.co.kr%2FFileUpDown%2F1100%2Fcarimg%2F2609%2FA260900447%2FA260900447_02_02.jpg%3F1788927838719&type=m&w=400&h=250&quality=90&ttype=jpg,56729,4600,"[제네시스] GV80 2.5 가솔린 2WD 기본형",A/T,2023,"현대 경매장",KMTHA81BBPU174350,A/7
"[르노(삼성)] 뉴 QM6 2.0 LPe 프리미에르",2096,384머1541,흰색,LPG,https://img-auction.autobell.co.kr/OBmZCjL58I?src=https%3A%2F%2Fauction.autobell.co.kr%2FFileUpDown%2F1100%2Fcarimg%2F2609%2FA260902096%2FA260902096_02_02.jpg%3F1789631403209&type=m&w=400&h=250&quality=90&ttype=jpg,81871,1720,"[르노(삼성)] 뉴 QM6 2.0 LPe 프리미에르",A/T,2023,"현대 경매장",KNME5C2CXPP093983,A/6
"[현대] 포터II CRDi 더블캡 초장축 스마트",2097,843라7818,미색,경유,https://img-auction.autobell.co.kr/OBmZCjL58I?src=https%3A%2F%2Fauction.autobell.co.kr%2FFileUpDown%2F1100%2Fcarimg%2F2609%2FA260902440%2FA260902440_02_02.jpg%3F1790056310287&type=m&w=400&h=250&quality=90&ttype=jpg,313467,350,"[현대] 포터II CRDi 더블캡 초장축 스마트",A/T,2018,"현대 경매장",KMFZCY7KBJU511242,B/1
"[기아] 신형 스포티지 R2.0 2WD 노블레스",2098,25노0367,흰색,경유,https://img-auction.autobell.co.kr/OBmZCjL58I?src=https%3A%2F%2Fauction.autobell.co.kr%2FFileUpDown%2F1100%2Fcarimg%2F2609%2FA260902778%2FA260902778_02_02.jpg%3F1790044101375&type=m&w=400&h=250&quality=90&ttype=jpg,149574,720,"[기아] 신형 스포티지 R2.0 2WD 노블레스",A/T,2016,"현대 경매장",KNAPN813BGK049416,A/5
"[기아] 더 뉴쏘렌토 디젤 R2.2 2WD 럭셔리",2099,204라3891,회색,경유,https://img-auction.autobell.co.kr/OBmZCjL58I?src=https%3A%2F%2Fauction.autobell.co.kr%2FFileUpDown%2F1100%2Fcarimg%2F2609%2FA260902745%2FA260902745_02_02.jpg%3F1790136725688&type=m&w=400&h=250&quality=90&ttype=jpg,135664,1095,"[기아] 더 뉴쏘렌토 디젤 R2.2 2WD 럭셔리",A/T,2020,"현대 경매장",KNAPF81BBLA621012,A/5
"[기아] 신형 카니발(KA4) 하이리무진 7인승 디젤 시그니처",2100,142무9564,흰색,경유,https://img-auction.autobell.co.kr/OBmZCjL58I?src=https%3A%2F%2Fauction.autobell.co.kr%2FFileUpDown%2F1100%2Fcarimg%2F2609%2FA260900813%2FA260900813_02_02.jpg%3F1788937137799&type=m&w=400&h=250&quality=90&ttype=jpg,43682,4150,"[기아] 신형 카니발(KA4) 하이리무진 7인승 디젤 시그니처",A/T,2023,"현대 경매장",KNANE81BBPS363345,A/7
"[기아] 신형 카니발(KA4) 9인승 디젤 프레스티지",2050,374거1044,흰색,경유,https://img-auction.autobell.co.kr/OBmZCjL58I?src=https%3A%2F%2Fauction.autobell.co.kr%2FFileUpDown%2F1100%2Fcarimg%2F2608%2FA260803788%2FA260803788_02_02.jpg%3F1789450258910&type=m&w=400&h=250&quality=90&ttype=jpg,196851,1100,"[기아] 신형 카니발(KA4) 9인승 디젤 프레스티지",A/T,2021,"현대 경매장",KNANB81BBMS116755,C/2
"[제네시스] GV80 2.5 가솔린 2WD 기본형",2051,133모2190,흰색,휘발유,https://img-auction.autobell.co.kr/OBmZCjL58I?src=https%3A%2F%2Fauction.autobell.co.kr%2FFileUpDown%2F1100%2Fcarimg%2F2609%2FA260901315%2FA260901315_02_02.jpg%3F1789608353162&type=m&w=400&h=250&quality=90&ttype=jpg,31418,4900,"[제네시스] GV80 2.5 가솔린 2WD 기본형",A/T,2023,"현대 경매장",KMTHA81BBPU148584,A/8
"[현대] 팰리세이드 2.2 디젤 AWD VIP",2052,392구9436,흰색,경유,https://img-auction.autobell.co.kr/OBmZCjL58I?src=https%3A%2F%2Fauction.autobell.co.kr%2FFileUpDown%2F1100%2Fcarimg%2F2609%2FA260902973%2FA260902973_02_02.jpg%3F1790664701601&type=m&w=400&h=250&quality=90&ttype=jpg,123234,2280,"[현대] 팰리세이드 2.2 디젤 AWD VIP",A/T,2022,"현대 경매장",KMHR581ADNU383189,A/5
"[기아] 올 뉴쏘렌토 R2.0 2WD 노블레스 스페셜",2053,102두7144,검정,경유,https://img-auction.autobell.co.kr/OBmZCjL58I?src=https%3A%2F%2Fauction.autobell.co.kr%2FFileUpDown%2F1100%2Fcarimg%2F2609%2FA260903080%2FA260903080_02_02.jpg%3F1790668649410&type=m&w=400&h=250&quality=90&ttype=jpg,155825,795,"[기아] 올 뉴쏘렌토 R2.0 2WD 노블레스 스페셜",A/T,2016,"현대 경매장",KNAPK81ABGA173192,A/3
"[KG모빌리티(쌍용)] 렉스턴 스포츠 칸 디젤 2.2 4WD 다이내믹 에디션 5링크",2054,87라0153,빨강,경유,https://img-auction.autobell.co.kr/OBmZCjL58I?src=https%3A%2F%2Fauction.autobell.co.kr%2FFileUpDown%2F1100%2Fcarimg%2F2609%2FA260902256%2FA260902256_02_02.jpg%3F1790136617331&type=m&w=400&h=250&quality=90&ttype=jpg,229883,1000,"[KG모빌리티(쌍용)] 렉스턴 스포츠 칸 디젤 2.2 4WD 다이내믹 에디션 5링크",A/T,2021,"현대 경매장",KPADM4AE1MP112983,A/4
"[제네시스] GV80 2.5 가솔린 2WD 기본형",2055,133모2196,검정,휘발유,https://img-auction.autobell.co.kr/OBmZCjL58I?src=https%3A%2F%2Fauction.autobell.co.kr%2FFileUpDown%2F1100%2Fcarimg%2F2609%2FA260902752%2FA260902752_02_02.jpg%3F1790048711797&type=m&w=400&h=250&quality=90&ttype=jpg,44082,4870,"[제네시스] GV80 2.5 가솔린 2WD 기본형",A/T,2023,"현대 경매장",KMTHA81BBPU149862,A/8
"[현대] 스타리아 2.2 디젤 카고 3인승 모던",2056,821보7567,회색,경유,https://img-auction.autobell.co.kr/OBmZCjL58I?src=https%3A%2F%2Fauction.autobell.co.kr%2FFileUpDown%2F1100%2Fcarimg%2F2609%2FA260903176%2FA260903176_02_02.jpg%3F1790664385005&type=m&w=400&h=250&quality=90&ttype=jpg,61888,1960,"[현대] 스타리아 2.2 디젤 카고 3인승 모던",A/T,2023,"현대 경매장",KMFYDX71BPC091404,A/3
"[기아] 올 뉴쏘렌토 R2.0 2WD 프레스티지",2057,33어7949,회색,경유,https://img-auction.autobell.co.kr/OBmZCjL58I?src=https%3A%2F%2Fauction.autobell.co.kr%2FFileUpDown%2F1100%2Fcarimg%2F2609%2FA260900975%2FA260900975_02_02.jpg%3F1789716103657&type=m&w=400&h=250&quality=90&ttype=jpg,61335,920,"[기아] 올 뉴쏘렌토 R2.0 2WD 프레스티지",A/T,2015,"현대 경매장",KNAPS81ABFA007003,A/6
"[현대] 투싼 ix 디젤 R20 2WD X20 럭셔리",2058,32조3368,회색,경유,https://img-auction.autobell.co.kr/OBmZCjL58I?src=https%3A%2F%2Fauction.autobell.co.kr%2FFileUpDown%2F1100%2Fcarimg%2F2609%2FA260902409%2FA260902409_02_02.jpg%3F1790655852872&type=m&w=400&h=250&quality=90&ttype=jpg,213284,180,"[현대] 투싼 ix 디젤 R20 2WD X20 럭셔리",A/T,2011,"현대 경매장",KMHJT81VBBU187906,A/3
"[KG모빌리티(쌍용)] 코란도 투리스모 2.0 4WD 11인승 LT",2059,70부3993,검정,경유,https://img-auction.autobell.co.kr/OBmZCjL58I?src=https%3A%2F%2Fauction.autobell.co.kr%2FFileUpDown%2F1100%2Fcarimg%2F2609%2FA260903237%2FA260903237_02_02.jpg%3F1790745734444&type=m&w=400&h=250&quality=90&ttype=jpg,162335,130,"[KG모빌리티(쌍용)] 코란도 투리스모 2.0 4WD 11인승 LT",A/T,2015,"현대 경매장",KPDKFDNN1FP100293,A/5
"[기아] 디 올뉴니로EV 에어",2060,27어8905,흰색,전기,https://img-auction.autobell.co.kr/OBmZCjL58I?src=https%3A%2F%2Fauction.autobell.co.kr%2FFileUpDown%2F1100%2Fcarimg%2F2609%2FA260903470%2FA260903470_02_02.jpg%3F1790931281425&type=m&w=400&h=250&quality=90&ttype=jpg,195220,1390,"[기아] 디 올뉴니로EV 에어",A/T,2023,"현대 경매장",KNACP811FPA030275,A/4
"[기아] 더 뉴봉고Ⅲ화물 1톤 4WD 더블캡 장축 GLS",2061,819두7157,흰색,경유,https://img-auction.autobell.co.kr/OBmZCjL58I?src=https%3A%2F%2Fauction.autobell.co.kr%2FFileUpDown%2F1100%2Fcarimg%2F2608%2FA260801666%2FA260801666_02_02.jpg%3F1786666068801&type=m&w=400&h=250&quality=90&ttype=jpg,180354,1120,"[기아] 더 뉴봉고Ⅲ화물 1톤 4WD 더블캡 장축 GLS",M/T,2022,"현대 경매장",KNCSHY76LNK635032,A/1
"[기아] 신형쏘렌토(MQ4) 2.2 디젤 2WD 프레스티지",2062,397로4069,검정,경유,https://img-auction.autobell.co.kr/OBmZCjL58I?src=https%3A%2F%2Fauction.autobell.co.kr%2FFileUpDown%2F1100%2Fcarimg%2F2609%2FA260902933%2FA260902933_02_02.jpg%3F1790562372681&type=m&w=400&h=250&quality=90&ttype=jpg,170569,1460,"[기아] 신형쏘렌토(MQ4) 2.2 디젤 2WD 프레스티지",A/T,2023,"현대 경매장",KNARL81BGPA207334,A/5
"[쉐보레(대우)] 트레일블레이저 1.35 가솔린 RS",2063,323라2856,흰색,휘발유,https://img-auction.autobell.co.kr/OBmZCjL58I?src=https%3A%2F%2Fauction.autobell.co.kr%2FFileUpDown%2F1100%2Fcarimg%2F2609%2FA260902627%2FA260902627_02_02.jpg%3F1789962266300&type=m&w=400&h=250&quality=90&ttype=jpg,117025,1320,"[쉐보레(대우)] 트레일블레이저 1.35 가솔린 RS",A/T,2023,"현대 경매장",KLAPC56LDPB136258,A/7
"[기아] 올 뉴카니발 하이리무진 디젤 9인 프레스티지",2064,211너7877,검정,경유,https://img-auction.autobell.co.kr/OBmZCjL58I?src=https%3A%2F%2Fauction.autobell.co.kr%2FFileUpDown%2F1100%2Fcarimg%2F2609%2FA260903211%2FA260903211_02_02.jpg%3F1790577736089&type=m&w=400&h=250&quality=90&ttype=jpg,176337,800,"[기아] 올 뉴카니발 하이리무진 디젤 9인 프레스티지",A/T,2015,"현대 경매장",KNAMC81ABFS051330,F/1
"[KG모빌리티(쌍용)] G4 렉스턴 2.2 4WD 마제스티",2065,03우5007,흰색,경유,https://img-auction.autobell.co.kr/OBmZCjL58I?src=https%3A%2F%2Fauction.autobell.co.kr%2FFileUpDown%2F1100%2Fcarimg%2F2609%2FA260901554%2FA260901554_02_02.jpg%3F1789439126685&type=m&w=400&h=250&quality=90&ttype=jpg,180274,805,"[KG모빌리티(쌍용)] G4 렉스턴 2.2 4WD 마제스티",A/T,2018,"현대 경매장",KPBGA2AE1JP011966,A/5
"[현대] 팰리세이드 3.8 가솔린 AWD 프레스티지",2066,38우2886,검정,휘발유,https://img-auction.autobell.co.kr/OBmZCjL58I?src=https%3A%2F%2Fauction.autobell.co.kr%2FFileUpDown%2F1100%2Fcarimg%2F2609%2FA260903075%2FA260903075_02_02.jpg%3F1790664077916&type=m&w=400&h=250&quality=90&ttype=jpg,81285,1515,"[현대] 팰리세이드 3.8 가솔린 AWD 프레스티지",A/T,2019,"현대 경매장",KMHR381EDKU014111,A/7
"[제네시스] GV80 3.5 가솔린 AWD 기본형",2067,223부6746,흰색,휘발유,https://img-auction.autobell.co.kr/OBmZCjL58I?src=https%3A%2F%2Fauction.autobell.co.kr%2FFileUpDown%2F1100%2Fcarimg%2F2609%2FA260900275%2FA260900275_02_02.jpg%3F1788929446463&type=m&w=400&h=250&quality=90&ttype=jpg,75277,5090,"[제네시스] GV80 3.5 가솔린 AWD 기본형",A/T,2023,"현대 경매장",KMTHC81CDPU173723,A/8
"[기아] 디 올뉴니로EV 에어",2068,27어8751,흰색,전기,https://img-auction.autobell.co.kr/OBmZCjL58I?src=https%3A%2F%2Fauction.autobell.co.kr%2FFileUpDown%2F1100%2Fcarimg%2F2609%2FA260903469%2FA260903469_02_02.jpg%3F1790744268455&type=m&w=400&h=250&quality=90&ttype=jpg,145250,1650,"[기아] 디 올뉴니로EV 에어",A/T,2023,"현대 경매장",KNACP811FPA030082,A/2
"[기아] 올 뉴카니발 하이리무진 디젤 11인 프레스티지",2069,78우4774,검정,경유,https://img-auction.autobell.co.kr/OBmZCjL58I?src=https%3A%2F%2Fauction.autobell.co.kr%2FFileUpDown%2F1100%2Fcarimg%2F2609%2FA260902919%2FA260902919_02_02.jpg%3F1790148365326&type=m&w=400&h=250&quality=90&ttype=jpg,99030,935,"[기아] 올 뉴카니발 하이리무진 디젤 11인 프레스티지",A/T,2015,"현대 경매장",KNHMF37ABFS038157,A/2
"[기아] 신형 카니발(KA4) 9인승 디젤 프레스티지",2070,133모2176,검정,경유,https://img-auction.autobell.co.kr/OBmZCjL58I?src=https%3A%2F%2Fauction.autobell.co.kr%2FFileUpDown%2F1100%2Fcarimg%2F2609%2FA260900814%2FA260900814_02_02.jpg%3F1788929809560&type=m&w=400&h=250&quality=90&ttype=jpg,128707,1300,"[기아] 신형 카니발(KA4) 9인승 디젤 프레스티지",A/T,2022,"현대 경매장",KNANB81BBNS137558,A/6
"[쉐보레(대우)] 트레일블레이저 1.35 가솔린 AWD 프리미어",2071,316모2229,흰색,휘발유,https://img-auction.autobell.co.kr/OBmZCjL58I?src=https%3A%2F%2Fauction.autobell.co.kr%2FFileUpDown%2F1100%2Fcarimg%2F2609%2FA260901520%2FA260901520_02_02.jpg%3F1789112143964&type=m&w=400&h=250&quality=90&ttype=jpg,57505,1300,"[쉐보레(대우)] 트레일블레이저 1.35 가솔린 AWD 프리미어",A/T,2023,"현대 경매장",KLAPD56LDPB006459,A/2
"[현대] 디 올뉴코나 1.6 가솔린 터보 2WD 모던",2072,385로1174,흰색,휘발유,https://img-auction.autobell.co.kr/OBmZCjL58I?src=https%3A%2F%2Fauction.autobell.co.kr%2FFileUpDown%2F1100%2Fcarimg%2F2609%2FA260903478%2FA260903478_02_02.jpg%3F1790732398257&type=m&w=400&h=250&quality=90&ttype=jpg,112020,1430,"[현대] 디 올뉴코나 1.6 가솔린 터보 2WD 모던",A/T,2023,"현대 경매장",KMHHB813BPU007725,A/4
"[제네시스] GV80 2.5 가솔린 AWD 기본형",2073,100주5372,흰색,휘발유,https://img-auction.autobell.co.kr/OBmZCjL58I?src=https%3A%2F%2Fauction.autobell.co.kr%2FFileUpDown%2F1100%2Fcarimg%2F2609%2FA260900838%2FA260900838_02_02.jpg%3F1788932871718&type=m&w=400&h=250&quality=90&ttype=jpg,46144,4650,"[제네시스] GV80 2.5 가솔린 AWD 기본형",A/T,2023,"현대 경매장",KMTHA81BDPU178326,A/8
"[현대] 투싼 ix 디젤 R20 2WD X20 스마트",2074,48어3928,검정,경유,https://img-auction.autobell.co.kr/OBmZCjL58I?src=https%3A%2F%2Fauction.autobell.co.kr%2FFileUpDown%2F1100%2Fcarimg%2F2609%2FA260901756%2FA260901756_02_02.jpg%3F1789618399329&type=m&w=400&h=250&quality=90&ttype=jpg,276887,190,"[현대] 투싼 ix 디젤 R20 2WD X20 스마트",A/T,2013,"현대 경매장",KMHJT81VBDU723012,A/4
"[기아] 올 뉴쏘렌토 R2.0 2WD 프레스티지",2024,29주1884,회색,경유,https://img-auction.autobell.co.kr/OBmZCjL58I?src=https%3A%2F%2Fauction.autobell.co.kr%2FFileUpDown%2F5100%2Fcarimg%2F2609%2FD260901599%2FD260901599_02_02.jpg%3F1789635623981&type=m&w=400&h=250&quality=90&ttype=jpg,183576,580,"[기아] 올 뉴쏘렌토 R2.0 2WD 프레스티지",A/T,2016,"현대 경매장",KNAPS81ABGA129012,A/3
"[현대] 싼타페 더 프라임 디젤 R2.2 2WD 익스클루시브",2025,42모6985,미색,경유,https://img-auction.autobell.co.kr/OBmZCjL58I?src=https%3A%2F%2Fauction.autobell.co.kr%2FFileUpDown%2F5100%2Fcarimg%2F2609%2FD260901380%2FD260901380_02_02.jpg%3F1789635182168&type=m&w=400&h=250&quality=90&ttype=jpg,144899,670,"[현대] 싼타페 더 프라임 디젤 R2.2 2WD 익스클루시브",A/T,2016,"현대 경매장",KMHSW81XBGU535221,A/3
"[기아] 카니발 R 11인승 디젤 GLX 고급형",2026,70서8672,흰색,경유,https://img-auction.autobell.co.kr/OBmZCjL58I?src=https%3A%2F%2Fauction.autobell.co.kr%2FFileUpDown%2F5100%2Fcarimg%2F2609%2FD260902353%2FD260902353_02_02.jpg%3F1790556588917&type=m&w=400&h=250&quality=90&ttype=jpg,115140,230,"[기아] 카니발 R 11인승 디젤 GLX 고급형",A/T,2014,"현대 경매장",KNHMD376BES584144,A/1
"[쉐보레(대우)] 뉴다마스 5인승 코치 리빅",2027,79노1712,흰색,LPG,https://img-auction.autobell.co.kr/OBmZCjL58I?src=https%3A%2F%2Fauction.autobell.co.kr%2FFileUpDown%2F5100%2Fcarimg%2F2609%2FD260900093%2FD260900093_02_02.jpg%3F1788312102347&type=m&w=400&h=250&quality=90&ttype=jpg,140153,330,"[쉐보레(대우)] 뉴다마스 5인승 코치 리빅",M/T,2021,"현대 경매장",KLY2B11SDMC202134,B/1
"[현대] 포터II CRDi 슈퍼캡 초장축 스마트",2028,96머7443,파랑,경유,https://img-auction.autobell.co.kr/OBmZCjL58I?src=https%3A%2F%2Fauction.autobell.co.kr%2FFileUpDown%2F5100%2Fcarimg%2F2609%2FD260901201%2FD260901201_02_02.jpg%3F1789635837428&type=m&w=400&h=250&quality=90&ttype=jpg,170281,610,"[현대] 포터II CRDi 슈퍼캡 초장축 스마트",M/T,2017,"현대 경매장",KMFZCZ7KAHU380395,A/1
"[쉐보레(대우)] 올란도 2.0 디젤 플래티넘 패키지",2029,28조2584,흰색,경유,https://img-auction.autobell.co.kr/OBmZCjL58I?src=https%3A%2F%2Fauction.autobell.co.kr%2FFileUpDown%2F5100%2Fcarimg%2F2609%2FD260901381%2FD260901381_02_02.jpg%3F1789695927549&type=m&w=400&h=250&quality=90&ttype=jpg,137171,160,"[쉐보레(대우)] 올란도 2.0 디젤 플래티넘 패키지",A/T,2015,"현대 경매장",KLAYA75YDFK009458,B/1
"[기아] 디 올뉴니로EV 에어",2030,36수5439,검정,전기,https://img-auction.autobell.co.kr/OBmZCjL58I?src=https%3A%2F%2Fauction.autobell.co.kr%2FFileUpDown%2F1100%2Fcarimg%2F2610%2FA261000071%2FA261000071_02_02.jpg%3F1790903286077&type=m&w=400&h=250&quality=90&ttype=jpg,15066,2370,"[기아] 디 올뉴니로EV 에어",A/T,2024,"현대 경매장",KNACP811FRA082712,A/8
"[기아] 신형 카니발(KA4) 9인승 가솔린 프레스티지",2031,156하9653,흰색,휘발유,https://img-auction.autobell.co.kr/OBmZCjL58I?src=https%3A%2F%2Fauction.autobell.co.kr%2FFileUpDown%2F1100%2Fcarimg%2F2610%2FA261000207%2FA261000207_02_02.jpg%3F1790901060592&type=m&w=400&h=250&quality=90&ttype=jpg,42371,2080,"[기아] 신형 카니발(KA4) 9인승 가솔린 프레스티지",A/T,2023,"현대 경매장",KNANB813BPS358780,A/5
"[제네시스] GV70 2.5T AWD 기본형",2032,106두1442,흰색,휘발유,https://img-auction.autobell.co.kr/OBmZCjL58I?src=https%3A%2F%2Fauction.autobell.co.kr%2FFileUpDown%2F1100%2Fcarimg%2F2609%2FA260903659%2FA260903659_02_02.jpg%3F1790901555277&type=m&w=400&h=250&quality=90&ttype=jpg,70044,2985,"[제네시스] GV70 2.5T AWD 기본형",A/T,2021,"현대 경매장",KMTMA81BDMU015887,A/6
"[쉐보레(대우)] 더 뉴트랙스 1.4 터보 프리미어",2033,294구9449,흰색,휘발유,https://img-auction.autobell.co.kr/OBmZCjL58I?src=https%3A%2F%2Fauction.autobell.co.kr%2FFileUpDown%2F1100%2Fcarimg%2F2609%2FA260902898%2FA260902898_02_02.jpg%3F1790904020386&type=m&w=400&h=250&quality=90&ttype=jpg,76349,725,"[쉐보레(대우)] 더 뉴트랙스 1.4 터보 프리미어",A/T,2020,"현대 경매장",KLABA76BDLB355024,A/4
"[기아] 더 뉴카니발(YP) 11인승 디젤 프레스티지",2034,76보7632,흰색,경유,https://img-auction.autobell.co.kr/OBmZCjL58I?src=https%3A%2F%2Fauction.autobell.co.kr%2FFileUpDown%2F1100%2Fcarimg%2F2609%2FA260903275%2FA260903275_02_02.jpg%3F1790905214013&type=m&w=400&h=250&quality=90&ttype=jpg,103633,1200,"[기아] 더 뉴카니발(YP) 11인승 디젤 프레스티지",A/T,2020,"현대 경매장",KNHMF37ABLS654676,A/7
"[기아] 뉴카렌스 2.0 LPI GLX 최고급형",2035,50무3952,미색,LPG,https://img-auction.autobell.co.kr/OBmZCjL58I?src=https%3A%2F%2Fauction.autobell.co.kr%2FFileUpDown%2F1100%2Fcarimg%2F2610%2FA261000020%2FA261000020_02_02.jpg%3F1790841937749&type=m&w=400&h=250&quality=90&ttype=jpg,155616,220,"[기아] 뉴카렌스 2.0 LPI GLX 최고급형",A/T,2009,"현대 경매장",KNAFG52239K286512,B/1
"[현대] 포터II VGT 슈퍼캡 초장축 스마트",2036,811오3342,흰색,경유,https://img-auction.autobell.co.kr/OBmZCjL58I?src=https%3A%2F%2Fauction.autobell.co.kr%2FFileUpDown%2F1100%2Fcarimg%2F2609%2FA260903521%2FA260903521_02_02.jpg%3F1790842558915&type=m&w=400&h=250&quality=90&ttype=jpg,82423,1240,"[현대] 포터II VGT 슈퍼캡 초장축 스마트",A/T,2023,"현대 경매장",KMFZCZ7KBPU052656,D/1
"[기아] 신형 카니발(KA4) 9인승 가솔린 프레스티지",2037,194호9206,흰색,휘발유,https://img-auction.autobell.co.kr/OBmZCjL58I?src=https%3A%2F%2Fauction.autobell.co.kr%2FFileUpDown%2F1100%2Fcarimg%2F2610%2FA261000146%2FA261000146_02_02.jpg%3F1790915421622&type=m&w=400&h=250&quality=90&ttype=jpg,95998,1590,"[기아] 신형 카니발(KA4) 9인승 가솔린 프레스티지",A/T,2023,"현대 경매장",KNANB813BPS260573,A/5
"[현대] 디 올뉴코나 1.6 가솔린 터보 2WD 모던",2038,156허1781,흰색,휘발유,https://img-auction.autobell.co.kr/OBmZCjL58I?src=https%3A%2F%2Fauction.autobell.co.kr%2FFileUpDown%2F1100%2Fcarimg%2F2610%2FA261000176%2FA261000176_02_02.jpg%3F1790916216969&type=m&w=400&h=250&quality=90&ttype=jpg,92561,1540,"[현대] 디 올뉴코나 1.6 가솔린 터보 2WD 모던",A/T,2023,"현대 경매장",KMHHB813BPU009144,A/6
"[제네시스] GV80 2.5 가솔린 AWD 기본형",2039,133모2132,흰색,휘발유,https://img-auction.autobell.co.kr/OBmZCjL58I?src=https%3A%2F%2Fauction.autobell.co.kr%2FFileUpDown%2F1100%2Fcarimg%2F2609%2FA260903236%2FA260903236_02_02.jpg%3F1790831537597&type=m&w=400&h=250&quality=90&ttype=jpg,86406,4610,"[제네시스] GV80 2.5 가솔린 AWD 기본형",A/T,2023,"현대 경매장",KMTHA81BDPU171207,A/8
"[기아] 신형쏘렌토(MQ4) 2.2 디젤 2WD 노블레스",2040,309조3463,검정,경유,https://img-auction.autobell.co.kr/OBmZCjL58I?src=https%3A%2F%2Fauction.autobell.co.kr%2FFileUpDown%2F1100%2Fcarimg%2F2610%2FA261000003%2FA261000003_02_02.jpg%3F1790902694742&type=m&w=400&h=250&quality=90&ttype=jpg,82494,2105,"[기아] 신형쏘렌토(MQ4) 2.2 디젤 2WD 노블레스",A/T,2021,"현대 경매장",KNARH81BGMA111842,A/5
"[제네시스] GV80 2.5 가솔린 AWD 기본형",2041,240러6465,초록,휘발유,https://img-auction.autobell.co.kr/OBmZCjL58I?src=https%3A%2F%2Fauction.autobell.co.kr%2FFileUpDown%2F1100%2Fcarimg%2F2609%2FA260903600%2FA260903600_02_02.jpg%3F1790842197346&type=m&w=400&h=250&quality=90&ttype=jpg,97003,3785,"[제네시스] GV80 2.5 가솔린 AWD 기본형",A/T,2023,"현대 경매장",KMTHA81BDPU138281,A/8
"[현대] 더 뉴그랜드스타렉스 어린이보호차 12인승 디젤",2042,74버9164,노랑,경유,https://img-auction.autobell.co.kr/OBmZCjL58I?src=https%3A%2F%2Fauction.autobell.co.kr%2FFileUpDown%2F1100%2Fcarimg%2F2609%2FA260903321%2FA260903321_02_02.jpg%3F1790925441464&type=m&w=400&h=250&quality=90&ttype=jpg,127295,990,"[현대] 더 뉴그랜드스타렉스 어린이보호차 12인승 디젤",A/T,2019,"현대 경매장",KMJWA37KBKU056443,A/5
"[현대] 그랜드스타렉스 11인승 디젤 CVX 프리미엄",2043,70두6227,검정,경유,https://img-auction.autobell.co.kr/OBmZCjL58I?src=https%3A%2F%2Fauction.autobell.co.kr%2FFileUpDown%2F1100%2Fcarimg%2F2609%2FA260903601%2FA260903601_02_02.jpg%3F1790903561095&type=m&w=400&h=250&quality=90&ttype=jpg,92309,275,"[현대] 그랜드스타렉스 11인승 디젤 CVX 프리미엄",A/T,2010,"현대 경매장",KMJWA37JBAU223975,A/2
"[KG모빌리티(쌍용)] 렉스턴 스포츠 2.2 4WD 어드벤처",2044,83주5028,회색,경유,https://img-auction.autobell.co.kr/OBmZCjL58I?src=https%3A%2F%2Fauction.autobell.co.kr%2FFileUpDown%2F1100%2Fcarimg%2F2609%2FA260903672%2FA260903672_02_02.jpg%3F1790901269762&type=m&w=400&h=250&quality=90&ttype=jpg,193230,875,"[KG모빌리티(쌍용)] 렉스턴 스포츠 2.2 4WD 어드벤처",A/T,2018,"현대 경매장",KPADA4AE1JP002365,A/6
"[현대] 투싼 ix 디젤 R20 2WD X20 럭셔리",2045,14머1851,검정,경유,https://img-auction.autobell.co.kr/OBmZCjL58I?src=https%3A%2F%2Fauction.autobell.co.kr%2FFileUpDown%2F1100%2Fcarimg%2F2609%2FA260903638%2FA260903638_02_02.jpg%3F1790841980921&type=m&w=400&h=250&quality=90&ttype=jpg,66639,230,"[현대] 투싼 ix 디젤 R20 2WD X20 럭셔리",A/T,2011,"현대 경매장",KMHJT81VBBU281325,A/3
"[기아] EV6 롱 레인지 2WD 에어",2046,01호8334,흰색,전기,https://img-auction.autobell.co.kr/OBmZCjL58I?src=https%3A%2F%2Fauction.autobell.co.kr%2FFileUpDown%2F1100%2Fcarimg%2F2610%2FA261000130%2FA261000130_02_02.jpg%3F1790927155178&type=m&w=400&h=250&quality=90&ttype=jpg,188293,1620,"[기아] EV6 롱 레인지 2WD 에어",A/T,2023,"현대 경매장",KNAC281AFPA106996,B/3
"[현대] 아이오닉 5 EV 2WD 롱레인지 익스클루시브",2047,08하5615,흰색,전기,https://img-auction.autobell.co.kr/OBmZCjL58I?src=https%3A%2F%2Fauction.autobell.co.kr%2FFileUpDown%2F1100%2Fcarimg%2F2610%2FA261000116%2FA261000116_02_02.jpg%3F1790921241382&type=m&w=400&h=250&quality=90&ttype=jpg,175736,2230,"[현대] 아이오닉 5 EV 2WD 롱레인지 익스클루시브",A/T,2023,"현대 경매장",KMHKN81EFPU145495,A/2
"[기아] 더 뉴카니발(YP) 9인승 디젤 프레스티지",2048,324노6749,검정,경유,https://img-auction.autobell.co.kr/OBmZCjL58I?src=https%3A%2F%2Fauction.autobell.co.kr%2FFileUpDown%2F1100%2Fcarimg%2F2610%2FA261000280%2FA261000280_02_02.jpg%3F1790900826900&type=m&w=400&h=250&quality=90&ttype=jpg,70111,1300,"[기아] 더 뉴카니발(YP) 9인승 디젤 프레스티지",A/T,2019,"현대 경매장",KNAMC81ABKS495457,A/3
"[기아] 스포티지 R 디젤 R2.0 2WD TLX 최고급형",2049,31머6567,파랑,경유,https://img-auction.autobell.co.kr/OBmZCjL58I?src=https%3A%2F%2Fauction.autobell.co.kr%2FFileUpDown%2F1100%2Fcarimg%2F2609%2FA260903566%2FA260903566_02_02.jpg%3F1790900394750&type=m&w=400&h=250&quality=90&ttype=jpg,166481,250,"[기아] 스포티지 R 디젤 R2.0 2WD TLX 최고급형",A/T,2013,"현대 경매장",KNAPC813BDK505448,A/1
"[현대] 쏘나타(DN8) G2.0 프리미엄",1313,128호6756,검정,휘발유,https://img-auction.autobell.co.kr/OBmZCjL58I?src=https%3A%2F%2Fauction.autobell.co.kr%2FFileUpDown%2F1100%2Fcarimg%2F2610%2FA261000342%2FA261000342_02_02.jpg%3F1790926120358&type=m&w=400&h=250&quality=90&ttype=jpg,126286,920,"[현대] 쏘나타(DN8) G2.0 프리미엄",A/T,2020,"현대 경매장",KMHL141EBLA053919,A/2
"[기아] 뉴 신형K5 2.0 가솔린 럭셔리",1314,128하5849,회색,휘발유,https://img-auction.autobell.co.kr/OBmZCjL58I?src=https%3A%2F%2Fauction.autobell.co.kr%2FFileUpDown%2F1100%2Fcarimg%2F2610%2FA261000343%2FA261000343_02_02.jpg%3F1790922800968&type=m&w=400&h=250&quality=90&ttype=jpg,83348,800,"[기아] 뉴 신형K5 2.0 가솔린 럭셔리",A/T,2020,"현대 경매장",KNAGS411BLA382607,A/5
"[현대] 제네시스DH G330 AWD 프리미엄",1315,66오4863,파랑,휘발유,https://img-auction.autobell.co.kr/OBmZCjL58I?src=https%3A%2F%2Fauction.autobell.co.kr%2FFileUpDown%2F1100%2Fcarimg%2F2610%2FA261000304%2FA261000304_02_02.jpg%3F1790928949272&type=m&w=400&h=250&quality=90&ttype=jpg,165203,795,"[현대] 제네시스DH G330 AWD 프리미엄",A/T,2016,"현대 경매장",KMHGM41DDGU105053,A/3
"[기아] 더 뉴스포티지R 디젤 R2.0 2WD 프레스티지",2001,65거9244,흰색,경유,https://img-auction.autobell.co.kr/OBmZCjL58I?src=https%3A%2F%2Fauction.autobell.co.kr%2FFileUpDown%2F5100%2Fcarimg%2F2610%2FD261000083%2FD261000083_02_02.jpg%3F1790912752789&type=m&w=400&h=250&quality=90&ttype=jpg,251779,440,"[기아] 더 뉴스포티지R 디젤 R2.0 2WD 프레스티지",A/T,2014,"현대 경매장",KNAPE813BEK562025,A/6
"[현대] 싼타페 더 프라임 디젤 R2.0 2WD 프리미엄",2002,23노0345,흰색,경유,https://img-auction.autobell.co.kr/OBmZCjL58I?src=https%3A%2F%2Fauction.autobell.co.kr%2FFileUpDown%2F5100%2Fcarimg%2F2610%2FD261000097%2FD261000097_02_02.jpg%3F1790904605525&type=m&w=400&h=250&quality=90&ttype=jpg,214950,590,"[현대] 싼타페 더 프라임 디젤 R2.0 2WD 프리미엄",A/T,2016,"현대 경매장",KMHSW81UBGU616948,A/4
"[기아] 더 뉴스포티지R 디젤 R2.0 2WD 프레스티지",2003,59우5432,흰색,경유,https://img-auction.autobell.co.kr/OBmZCjL58I?src=https%3A%2F%2Fauction.autobell.co.kr%2FFileUpDown%2F5100%2Fcarimg%2F2610%2FD261000084%2FD261000084_02_02.jpg%3F1790841466576&type=m&w=400&h=250&quality=90&ttype=jpg,164444,420,"[기아] 더 뉴스포티지R 디젤 R2.0 2WD 프레스티지",A/T,2015,"현대 경매장",KNAPE813BFK690506,A/6
"[KG모빌리티(쌍용)] 베리 뉴 티볼리 1.5 가솔린 2WD V3",2004,384노6779,흰색,휘발유,https://img-auction.autobell.co.kr/OBmZCjL58I?src=https%3A%2F%2Fauction.autobell.co.kr%2FFileUpDown%2F5100%2Fcarimg%2F2609%2FD260902687%2FD260902687_02_02.jpg%3F1790747555867&type=m&w=400&h=250&quality=90&ttype=jpg,71561,960,"[KG모빌리티(쌍용)] 베리 뉴 티볼리 1.5 가솔린 2WD V3",A/T,2022,"현대 경매장",KPBXH3AT1NP374415,A/6
"[현대] 뉴투싼 ix 디젤 R2.0 2WD 스마트 스페셜",2005,62어2463,회색,경유,https://img-auction.autobell.co.kr/OBmZCjL58I?src=https%3A%2F%2Fauction.autobell.co.kr%2FFileUpDown%2F5100%2Fcarimg%2F2609%2FD260902689%2FD260902689_02_02.jpg%3F1790907452465&type=m&w=400&h=250&quality=90&ttype=jpg,100385,500,"[현대] 뉴투싼 ix 디젤 R2.0 2WD 스마트 스페셜",A/T,2014,"현대 경매장",KMHJT81VBEU863052,A/6
"[기아] 올 뉴쏘렌토 R2.2 2WD 노블레스 스페셜",2006,23루0675,회색,경유,https://img-auction.autobell.co.kr/OBmZCjL58I?src=https%3A%2F%2Fauction.autobell.co.kr%2FFileUpDown%2F5100%2Fcarimg%2F2609%2FD260902693%2FD260902693_02_02.jpg%3F1790814238811&type=m&w=400&h=250&quality=90&ttype=jpg,263320,570,"[기아] 올 뉴쏘렌토 R2.2 2WD 노블레스 스페셜",A/T,2016,"현대 경매장",KNAPK81BBGA140597,A/7
"[현대] 싼타페(DM) 디젤 R2.0 4WD 익스클루시브 스페셜",2007,57모2479,흰색,경유,https://img-auction.autobell.co.kr/OBmZCjL58I?src=https%3A%2F%2Fauction.autobell.co.kr%2FFileUpDown%2F5100%2Fcarimg%2F2609%2FD260902696%2FD260902696_02_02.jpg%3F1790745049536&type=m&w=400&h=250&quality=90&ttype=jpg,155801,605,"[현대] 싼타페(DM) 디젤 R2.0 4WD 익스클루시브 스페셜",A/T,2015,"현대 경매장",KMHSW81UDFU320260,A/6
"[현대] 싼타페(DM) 디젤 R2.2 4WD 익스클루시브 스페셜",2008,34너5238,파랑,경유,https://img-auction.autobell.co.kr/OBmZCjL58I?src=https%3A%2F%2Fauction.autobell.co.kr%2FFileUpDown%2F5100%2Fcarimg%2F2610%2FD261000079%2FD261000079_02_02.jpg%3F1790904620930&type=m&w=400&h=250&quality=90&ttype=jpg,171008,650,"[현대] 싼타페(DM) 디젤 R2.2 4WD 익스클루시브 스페셜",A/T,2015,"현대 경매장",KMHSW81XDFU339511,A/7
"[현대] 포터II 윙바디 전동식",2009,837구7056,흰색,경유,https://img-auction.autobell.co.kr/OBmZCjL58I?src=https%3A%2F%2Fauction.autobell.co.kr%2FFileUpDown%2F5100%2Fcarimg%2F2609%2FD260902910%2FD260902910_02_02.jpg%3F1790902255863&type=m&w=400&h=250&quality=90&ttype=jpg,122815,1310,"[현대] 포터II 윙바디 전동식",A/T,2020,"현대 경매장",KMFZSZ7KBLU780848,A/4
"[르노(삼성)] QM6 2.0 GDe 2WD LE",2010,52고4457,회색,휘발유,https://img-auction.autobell.co.kr/OBmZCjL58I?src=https%3A%2F%2Fauction.autobell.co.kr%2FFileUpDown%2F5100%2Fcarimg%2F2609%2FD260902914%2FD260902914_02_02.jpg%3F1790831836883&type=m&w=400&h=250&quality=90&ttype=jpg,160119,575,"[르노(삼성)] QM6 2.0 GDe 2WD LE",A/T,2018,"현대 경매장",KNME5C2B6JP001072,A/3
"[기아] 봉고Ⅲ화물 CRDi 더블캡 초장축",2011,89저5268,흰색,경유,https://img-auction.autobell.co.kr/OBmZCjL58I?src=https%3A%2F%2Fauction.autobell.co.kr%2FFileUpDown%2F5100%2Fcarimg%2F2610%2FD261000017%2FD261000017_02_02.jpg%3F1790840132775&type=m&w=400&h=250&quality=90&ttype=jpg,164893,710,"[기아] 봉고Ⅲ화물 CRDi 더블캡 초장축",A/T,2019,"현대 경매장",KNCSJY76BKK374918,A/5
"[KG모빌리티(쌍용)] 티볼리 아머 1.6 가솔린 VX",2012,43더1910,흰색,휘발유,https://img-auction.autobell.co.kr/OBmZCjL58I?src=https%3A%2F%2Fauction.autobell.co.kr%2FFileUpDown%2F5100%2Fcarimg%2F2610%2FD261000022%2FD261000022_02_02.jpg%3F1790835396059&type=m&w=400&h=250&quality=90&ttype=jpg,114610,500,"[KG모빌리티(쌍용)] 티볼리 아머 1.6 가솔린 VX",A/T,2019,"현대 경매장",KPBXH3AR1KP262031,A/5
"[KG모빌리티(쌍용)] 티볼리 디젤 2WD VX",2013,19마8979,흰색,경유,https://img-auction.autobell.co.kr/OBmZCjL58I?src=https%3A%2F%2Fauction.autobell.co.kr%2FFileUpDown%2F5100%2Fcarimg%2F2610%2FD261000023%2FD261000023_02_02.jpg%3F1790901184848&type=m&w=400&h=250&quality=90&ttype=jpg,146373,275,"[KG모빌리티(쌍용)] 티볼리 디젤 2WD VX",A/T,2016,"현대 경매장",KPBXH3AP1GP035161,A/4
"[KG모빌리티(쌍용)] 뉴 코란도C 2.2 AWD 익스트림",2014,151고4908,흰색,경유,https://img-auction.autobell.co.kr/OBmZCjL58I?src=https%3A%2F%2Fauction.autobell.co.kr%2FFileUpDown%2F5100%2Fcarimg%2F2609%2FD260902361%2FD260902361_02_02.jpg%3F1790560790014&type=m&w=400&h=250&quality=90&ttype=jpg,120581,235,"[KG모빌리티(쌍용)] 뉴 코란도C 2.2 AWD 익스트림",A/T,2016,"현대 경매장",KPBBA2AW1GP232393,A/3
"[현대] 싼타페 더 프라임 디젤 R2.0 2WD 프리미엄",2015,20오9072,회색,경유,https://img-auction.autobell.co.kr/OBmZCjL58I?src=https%3A%2F%2Fauction.autobell.co.kr%2FFileUpDown%2F5100%2Fcarimg%2F2609%2FD260900838%2FD260900838_02_02.jpg%3F1789003951543&type=m&w=400&h=250&quality=90&ttype=jpg,217956,580,"[현대] 싼타페 더 프라임 디젤 R2.0 2WD 프리미엄",A/T,2016,"현대 경매장",KMHSW81UBGU527186,A/6
"[기아] 뉴쏘렌토 R R2.0 2WD 노블레스",2016,24머7768,흰색,경유,https://img-auction.autobell.co.kr/OBmZCjL58I?src=https%3A%2F%2Fauction.autobell.co.kr%2FFileUpDown%2F5100%2Fcarimg%2F2609%2FD260901882%2FD260901882_02_02.jpg%3F1789951521321&type=m&w=400&h=250&quality=90&ttype=jpg,234258,420,"[기아] 뉴쏘렌토 R R2.0 2WD 노블레스",A/T,2014,"현대 경매장",KNAKV815BEA461072,A/6
"[현대] 싼타페(DM) 디젤 R2.0 2WD 프리미엄",2017,19주3622,검정,경유,https://img-auction.autobell.co.kr/OBmZCjL58I?src=https%3A%2F%2Fauction.autobell.co.kr%2FFileUpDown%2F5100%2Fcarimg%2F2609%2FD260901384%2FD260901384_02_02.jpg%3F1789635211346&type=m&w=400&h=250&quality=90&ttype=jpg,224216,310,"[현대] 싼타페(DM) 디젤 R2.0 2WD 프리미엄",A/T,2013,"현대 경매장",KMHSW81UBDU071834,A/5
"[기아] 봉고Ⅲ화물 내장탑차 1톤 킹캡",2018,95거1358,흰색,경유,https://img-auction.autobell.co.kr/OBmZCjL58I?src=https%3A%2F%2Fauction.autobell.co.kr%2FFileUpDown%2F5100%2Fcarimg%2F2609%2FD260902275%2FD260902275_02_02.jpg%3F1790557936682&type=m&w=400&h=250&quality=90&ttype=jpg,183544,685,"[기아] 봉고Ⅲ화물 내장탑차 1톤 킹캡",A/T,2019,"현대 경매장",KNFSTZ76BKK306116,A/6
"[현대] 싼타페(DM) 디젤 R2.0 2WD 프리미엄",2019,25우4606,회색,경유,https://img-auction.autobell.co.kr/OBmZCjL58I?src=https%3A%2F%2Fauction.autobell.co.kr%2FFileUpDown%2F5100%2Fcarimg%2F2609%2FD260902368%2FD260902368_02_02.jpg%3F1790557632997&type=m&w=400&h=250&quality=90&ttype=jpg,230369,335,"[현대] 싼타페(DM) 디젤 R2.0 2WD 프리미엄",A/T,2013,"현대 경매장",KMHSW81UBDU075213,A/5
"[기아] 올 뉴쏘렌토 R2.2 4WD 노블레스 스페셜",2020,43누8105,흰색,경유,https://img-auction.autobell.co.kr/OBmZCjL58I?src=https%3A%2F%2Fauction.autobell.co.kr%2FFileUpDown%2F5100%2Fcarimg%2F2609%2FD260901884%2FD260901884_02_02.jpg%3F1789951869005&type=m&w=400&h=250&quality=90&ttype=jpg,219511,705,"[기아] 올 뉴쏘렌토 R2.2 4WD 노블레스 스페셜",A/T,2015,"현대 경매장",KNAPK81BDFA095036,A/4
"[현대] 싼타페 더 프라임 디젤 R2.2 4WD 익스클루시브 스페셜",2021,184버4792,회색,경유,https://img-auction.autobell.co.kr/OBmZCjL58I?src=https%3A%2F%2Fauction.autobell.co.kr%2FFileUpDown%2F5100%2Fcarimg%2F2609%2FD260902125%2FD260902125_02_02.jpg%3F1790145931524&type=m&w=400&h=250&quality=90&ttype=jpg,175026,750,"[현대] 싼타페 더 프라임 디젤 R2.2 4WD 익스클루시브 스페셜",A/T,2016,"현대 경매장",KMHSW81XDGU675430,A/3
"[KG모빌리티(쌍용)] 티볼리 디젤 2WD LX",2022,40어5747,흰색,경유,https://img-auction.autobell.co.kr/OBmZCjL58I?src=https%3A%2F%2Fauction.autobell.co.kr%2FFileUpDown%2F5100%2Fcarimg%2F2609%2FD260901603%2FD260901603_02_02.jpg%3F1789635656209&type=m&w=400&h=250&quality=90&ttype=jpg,92415,460,"[KG모빌리티(쌍용)] 티볼리 디젤 2WD LX",A/T,2016,"현대 경매장",KPBXH3AP1GP039289,A/2
"[현대] 싼타페 더 프라임 디젤 R2.0 2WD 프리미엄",2023,01나0510,흰색,경유,https://img-auction.autobell.co.kr/OBmZCjL58I?src=https%3A%2F%2Fauction.autobell.co.kr%2FFileUpDown%2F5100%2Fcarimg%2F2609%2FD260901387%2FD260901387_02_02.jpg%3F1789635224866&type=m&w=400&h=250&quality=90&ttype=jpg,87890,950,"[현대] 싼타페 더 프라임 디젤 R2.0 2WD 프리미엄",A/T,2016,"현대 경매장",KMHSW81UBGU565923,A/5
"[기아] 더 뉴모닝(JA) 1.0 가솔린 프레스티지",1286,209서7631,회색,휘발유,https://img-auction.autobell.co.kr/OBmZCjL58I?src=https%3A%2F%2Fauction.autobell.co.kr%2FFileUpDown%2F1100%2Fcarimg%2F2609%2FA260900632%2FA260900632_02_02.jpg%3F1790665701816&type=m&w=400&h=250&quality=90&ttype=jpg,37672,1230,"[기아] 더 뉴모닝(JA) 1.0 가솔린 프레스티지",A/T,2025,"현대 경매장",KNAB2518BST296872,A/7
"[현대] LF쏘나타 뉴라이즈 LPi 택시 모던",1287,127너5590,회색,LPG,https://img-auction.autobell.co.kr/OBmZCjL58I?src=https%3A%2F%2Fauction.autobell.co.kr%2FFileUpDown%2F1100%2Fcarimg%2F2610%2FA261000199%2FA261000199_02_02.jpg%3F1790915306839&type=m&w=400&h=250&quality=90&ttype=jpg,215261,830,"[현대] LF쏘나타 뉴라이즈 LPi 택시 모던",A/T,2021,"현대 경매장",KMHE341DBMA611313,B/1
"[기아] 올 뉴K3 1.6 가솔린 트렌디",1288,133누4242,흰색,휘발유,https://img-auction.autobell.co.kr/OBmZCjL58I?src=https%3A%2F%2Fauction.autobell.co.kr%2FFileUpDown%2F1100%2Fcarimg%2F2610%2FA261000005%2FA261000005_02_02.jpg%3F1790915223260&type=m&w=400&h=250&quality=90&ttype=jpg,108321,700,"[기아] 올 뉴K3 1.6 가솔린 트렌디",A/T,2019,"현대 경매장",KNAF141BEKA853467,A/1
"[현대] LF쏘나타 뉴라이즈 LPi 택시 경제형",1289,222주3167,회색,LPG,https://img-auction.autobell.co.kr/OBmZCjL58I?src=https%3A%2F%2Fauction.autobell.co.kr%2FFileUpDown%2F1100%2Fcarimg%2F2609%2FA260903610%2FA260903610_02_02.jpg%3F1790906208679&type=m&w=400&h=250&quality=90&ttype=jpg,138244,1130,"[현대] LF쏘나타 뉴라이즈 LPi 택시 경제형",A/T,2022,"현대 경매장",KMHE341DBNA619064,A/6
"[현대] 그랜저IG 2.4 GDi 모던 베이직 렌트카",1290,244도4719,검정,휘발유,https://img-auction.autobell.co.kr/OBmZCjL58I?src=https%3A%2F%2Fauction.autobell.co.kr%2FFileUpDown%2F1100%2Fcarimg%2F2609%2FA260903661%2FA260903661_02_02.jpg%3F1790914919324&type=m&w=400&h=250&quality=90&ttype=jpg,96376,870,"[현대] 그랜저IG 2.4 GDi 모던 베이직 렌트카",A/T,2017,"현대 경매장",KMHF241CBHA019678,A/4
"[제네시스] EQ900 3.3 터보 AWD 럭셔리",1291,13라3664,검정,휘발유,https://img-auction.autobell.co.kr/OBmZCjL58I?src=https%3A%2F%2Fauction.autobell.co.kr%2FFileUpDown%2F1100%2Fcarimg%2F2610%2FA261000223%2FA261000223_02_02.jpg%3F1790916171924&type=m&w=400&h=250&quality=90&ttype=jpg,126831,1270,"[제네시스] EQ900 3.3 터보 AWD 럭셔리",A/T,2016,"현대 경매장",KMHG141ADGU022291,A/3
"[기아] 더 뉴레이 1.0 가솔린 트렌디",1292,291고4734,흰색,휘발유,https://img-auction.autobell.co.kr/OBmZCjL58I?src=https%3A%2F%2Fauction.autobell.co.kr%2FFileUpDown%2F1100%2Fcarimg%2F2610%2FA261000282%2FA261000282_02_02.jpg%3F1790917048263&type=m&w=400&h=250&quality=90&ttype=jpg,152207,400,"[기아] 더 뉴레이 1.0 가솔린 트렌디",A/T,2019,"현대 경매장",KNACH811BKT205917,A/2
"[르노(삼성)] SM6 2.0 GDe LE",1293,62보2860,회색,휘발유,https://img-auction.autobell.co.kr/OBmZCjL58I?src=https%3A%2F%2Fauction.autobell.co.kr%2FFileUpDown%2F1100%2Fcarimg%2F2610%2FA261000283%2FA261000283_02_02.jpg%3F1790917879992&type=m&w=400&h=250&quality=90&ttype=jpg,151816,320,"[르노(삼성)] SM6 2.0 GDe LE",A/T,2019,"현대 경매장",KNMA4C2BMKP062800,A/5
"[현대] 그랜저IG 하이브리드 2.4 HEV 익스클루시브 스페셜",1294,18마5599,회색,하이브리드,https://img-auction.autobell.co.kr/OBmZCjL58I?src=https%3A%2F%2Fauction.autobell.co.kr%2FFileUpDown%2F1100%2Fcarimg%2F2610%2FA261000229%2FA261000229_02_02.jpg%3F1790913017187&type=m&w=400&h=250&quality=90&ttype=jpg,122120,1290,"[현대] 그랜저IG 하이브리드 2.4 HEV 익스클루시브 스페셜",A/T,2019,"현대 경매장",KMHF2413BKA037304,A/5
"[현대] LF쏘나타 하이브리드 2.0 HEV 모던",1295,38너0112,회색,하이브리드,https://img-auction.autobell.co.kr/OBmZCjL58I?src=https%3A%2F%2Fauction.autobell.co.kr%2FFileUpDown%2F1100%2Fcarimg%2F2610%2FA261000231%2FA261000231_02_02.jpg%3F1790916567023&type=m&w=400&h=250&quality=90&ttype=jpg,117007,700,"[현대] LF쏘나타 하이브리드 2.0 HEV 모던",A/T,2017,"현대 경매장",KMHE3411BHA051584,A/6
"[제네시스] G80 3.3 GDi AWD 프리미엄 럭셔리",1296,38나9632,검정,휘발유,https://img-auction.autobell.co.kr/OBmZCjL58I?src=https%3A%2F%2Fauction.autobell.co.kr%2FFileUpDown%2F1100%2Fcarimg%2F2610%2FA261000240%2FA261000240_02_02.jpg%3F1790917427832&type=m&w=400&h=250&quality=90&ttype=jpg,246658,480,"[제네시스] G80 3.3 GDi AWD 프리미엄 럭셔리",A/T,2018,"현대 경매장",KMHGM41DDJU283968,A/3
"[기아] 더 뉴 K3 1.6 가솔린 트렌디",1297,390러3389,파랑,휘발유,https://img-auction.autobell.co.kr/OBmZCjL58I?src=https%3A%2F%2Fauction.autobell.co.kr%2FFileUpDown%2F1100%2Fcarimg%2F2610%2FA261000262%2FA261000262_02_02.jpg%3F1790917582118&type=m&w=400&h=250&quality=90&ttype=jpg,31860,1100,"[기아] 더 뉴 K3 1.6 가솔린 트렌디",A/T,2022,"현대 경매장",KNAF141BENA928865,A/1
"[제네시스] EQ900 3.8 GDi AWD 럭셔리",1298,370머2120,회색,휘발유,https://img-auction.autobell.co.kr/OBmZCjL58I?src=https%3A%2F%2Fauction.autobell.co.kr%2FFileUpDown%2F1100%2Fcarimg%2F2609%2FA260902156%2FA260902156_02_02.jpg%3F1789631633291&type=m&w=400&h=250&quality=90&ttype=jpg,157161,1020,"[제네시스] EQ900 3.8 GDi AWD 럭셔리",A/T,2018,"현대 경매장",KMHG141DDJU043520,C/1
"[기아] 더 뉴 K3 1.6 가솔린 프레스티지",1299,390러3307,흰색,휘발유,https://img-auction.autobell.co.kr/OBmZCjL58I?src=https%3A%2F%2Fauction.autobell.co.kr%2FFileUpDown%2F1100%2Fcarimg%2F2610%2FA261000261%2FA261000261_02_02.jpg%3F1790915996174&type=m&w=400&h=250&quality=90&ttype=jpg,95505,1240,"[기아] 더 뉴 K3 1.6 가솔린 프레스티지",A/T,2022,"현대 경매장",KNAF241BENA951368,A/4
"[기아] 더 뉴레이 1.0 가솔린 스탠다드",1300,370다9523,미색,휘발유,https://img-auction.autobell.co.kr/OBmZCjL58I?src=https%3A%2F%2Fauction.autobell.co.kr%2FFileUpDown%2F1100%2Fcarimg%2F2610%2FA261000237%2FA261000237_02_02.jpg%3F1790915312354&type=m&w=400&h=250&quality=90&ttype=jpg,58180,950,"[기아] 더 뉴레이 1.0 가솔린 스탠다드",A/T,2022,"현대 경매장",KNACG811BNT297015,A/5
"[기아] 더 뉴 K3 1.6 가솔린 프레스티지",1301,350어1083,흰색,휘발유,https://img-auction.autobell.co.kr/OBmZCjL58I?src=https%3A%2F%2Fauction.autobell.co.kr%2FFileUpDown%2F1100%2Fcarimg%2F2610%2FA261000258%2FA261000258_02_02.jpg%3F1790914846032&type=m&w=400&h=250&quality=90&ttype=jpg,42339,1330,"[기아] 더 뉴 K3 1.6 가솔린 프레스티지",A/T,2022,"현대 경매장",KNAF241BENA129164,A/5
"[기아] 올 뉴K7 2.4 GDi 프레스티지",1302,65부0205,검정,휘발유,https://img-auction.autobell.co.kr/OBmZCjL58I?src=https%3A%2F%2Fauction.autobell.co.kr%2FFileUpDown%2F1100%2Fcarimg%2F2609%2FA260903124%2FA260903124_02_02.jpg%3F1790665424791&type=m&w=400&h=250&quality=90&ttype=jpg,142578,560,"[기아] 올 뉴K7 2.4 GDi 프레스티지",A/T,2016,"현대 경매장",KNALB415BGA042117,A/5
"[기아] 레이 가솔린 럭셔리",1303,30너0128,미색,휘발유,https://img-auction.autobell.co.kr/OBmZCjL58I?src=https%3A%2F%2Fauction.autobell.co.kr%2FFileUpDown%2F1100%2Fcarimg%2F2610%2FA261000031%2FA261000031_02_02.jpg%3F1790918915796&type=m&w=400&h=250&quality=90&ttype=jpg,168093,275,"[기아] 레이 가솔린 럭셔리",A/T,2016,"현대 경매장",KNACJ811BGT148073,A/1
"[기아] 뉴 신형K5 2.0 가솔린 노블레스",1304,128하6917,회색,휘발유,https://img-auction.autobell.co.kr/OBmZCjL58I?src=https%3A%2F%2Fauction.autobell.co.kr%2FFileUpDown%2F1100%2Fcarimg%2F2610%2FA261000341%2FA261000341_02_02.jpg%3F1790920674609&type=m&w=400&h=250&quality=90&ttype=jpg,90803,800,"[기아] 뉴 신형K5 2.0 가솔린 노블레스",A/T,2020,"현대 경매장",KNAGU411BLA391796,A/3
"[쉐보레(대우)] 더 뉴말리부 1.35 가솔린 프리미어",1305,133하2001,흰색,휘발유,https://img-auction.autobell.co.kr/OBmZCjL58I?src=https%3A%2F%2Fauction.autobell.co.kr%2FFileUpDown%2F1100%2Fcarimg%2F2610%2FA261000329%2FA261000329_02_02.jpg%3F1790925427457&type=m&w=400&h=250&quality=90&ttype=jpg,137029,580,"[쉐보레(대우)] 더 뉴말리부 1.35 가솔린 프리미어",A/T,2019,"현대 경매장",KLAZA69LDKB119344,A/1
"[기아] 뉴 신형K5 2.0 LPI 렌터카 프레스티지",1306,128호6457,회색,LPG,https://img-auction.autobell.co.kr/OBmZCjL58I?src=https%3A%2F%2Fauction.autobell.co.kr%2FFileUpDown%2F1100%2Fcarimg%2F2610%2FA261000340%2FA261000340_02_02.jpg%3F1790922717345&type=m&w=400&h=250&quality=90&ttype=jpg,119630,800,"[기아] 뉴 신형K5 2.0 LPI 렌터카 프레스티지",A/T,2020,"현대 경매장",KNAGT416BLA380853,B/1
"[기아] 더 뉴K7 LPI 렌터카 럭셔리",1307,20라8586,회색,LPG,https://img-auction.autobell.co.kr/OBmZCjL58I?src=https%3A%2F%2Fauction.autobell.co.kr%2FFileUpDown%2F1100%2Fcarimg%2F2610%2FA261000225%2FA261000225_02_02.jpg%3F1790923985065&type=m&w=400&h=250&quality=90&ttype=jpg,126686,290,"[기아] 더 뉴K7 LPI 렌터카 럭셔리",A/T,2013,"현대 경매장",KNALL418BDA146390,D/1
"[제네시스] G80 3.3 GDi AWD 럭셔리",1308,381루5804,흰색,휘발유,https://img-auction.autobell.co.kr/OBmZCjL58I?src=https%3A%2F%2Fauction.autobell.co.kr%2FFileUpDown%2F1100%2Fcarimg%2F2610%2FA261000266%2FA261000266_02_02.jpg%3F1790925150762&type=m&w=400&h=250&quality=90&ttype=jpg,86622,1640,"[제네시스] G80 3.3 GDi AWD 럭셔리",A/T,2020,"현대 경매장",KMHGL41DDLU341615,A/4
"[현대] 그랜저IG 2.4 GDi 모던",1309,65버1986,검정,휘발유,https://img-auction.autobell.co.kr/OBmZCjL58I?src=https%3A%2F%2Fauction.autobell.co.kr%2FFileUpDown%2F1100%2Fcarimg%2F2610%2FA261000052%2FA261000052_02_02.jpg%3F1790927150149&type=m&w=400&h=250&quality=90&ttype=jpg,187687,350,"[현대] 그랜저IG 2.4 GDi 모던",A/T,2019,"현대 경매장",KMHF141CBKA195787,A/3
"[제네시스] G80 3.8 GDi AWD 프레스티지",1310,56부0411,검정,휘발유,https://img-auction.autobell.co.kr/OBmZCjL58I?src=https%3A%2F%2Fauction.autobell.co.kr%2FFileUpDown%2F1100%2Fcarimg%2F2609%2FA260903248%2FA260903248_02_02.jpg%3F1790923898418&type=m&w=400&h=250&quality=90&ttype=jpg,143000,1060,"[제네시스] G80 3.8 GDi AWD 프레스티지",A/T,2017,"현대 경매장",KMHGN41EDHU184556,A/2
"[현대] 더 뉴그랜저IG 하이브리드 2.4 HEV 르블랑",1311,329두6253,검정,하이브리드,https://img-auction.autobell.co.kr/OBmZCjL58I?src=https%3A%2F%2Fauction.autobell.co.kr%2FFileUpDown%2F1100%2Fcarimg%2F2610%2FA261000012%2FA261000012_02_02.jpg%3F1790926181805&type=m&w=400&h=250&quality=90&ttype=jpg,226180,1111,"[현대] 더 뉴그랜저IG 하이브리드 2.4 HEV 르블랑",A/T,2023,"현대 경매장",KMHF1413BPA152144,A/7
"[기아] 모닝 어반 1.0 가솔린 프레스티지",1312,133하4004,회색,휘발유,https://img-auction.autobell.co.kr/OBmZCjL58I?src=https%3A%2F%2Fauction.autobell.co.kr%2FFileUpDown%2F1100%2Fcarimg%2F2610%2FA261000328%2FA261000328_02_02.jpg%3F1790928478724&type=m&w=400&h=250&quality=90&ttype=jpg,109178,560,"[기아] 모닝 어반 1.0 가솔린 프레스티지",A/T,2021,"현대 경매장",KNAB6518BMT725895,F/1
"[현대] 신형베르나 1.4 DOHC 밸류 플러스팩",1261,30주9670,빨강,휘발유,https://img-auction.autobell.co.kr/OBmZCjL58I?src=https%3A%2F%2Fauction.autobell.co.kr%2FFileUpDown%2F1100%2Fcarimg%2F2609%2FA260903178%2FA260903178_02_02.jpg%3F1790903439508&type=m&w=400&h=250&quality=90&ttype=jpg,37291,185,"[현대] 신형베르나 1.4 DOHC 밸류 플러스팩",A/T,2009,"현대 경매장",KMHCL41AP9U367941,A/6
"[기아] 모닝 어반 1.0 가솔린 프레스티지",1262,195호4766,흰색,휘발유,https://img-auction.autobell.co.kr/OBmZCjL58I?src=https%3A%2F%2Fauction.autobell.co.kr%2FFileUpDown%2F1100%2Fcarimg%2F2610%2FA261000151%2FA261000151_02_02.jpg%3F1790927208574&type=m&w=400&h=250&quality=90&ttype=jpg,101365,765,"[기아] 모닝 어반 1.0 가솔린 프레스티지",A/T,2023,"현대 경매장",KNAB2518BPT121394,A/1
"[현대] 더 뉴그랜저IG 가솔린 2.5 프리미엄 초이스",1263,285도7252,흰색,휘발유,https://img-auction.autobell.co.kr/OBmZCjL58I?src=https%3A%2F%2Fauction.autobell.co.kr%2FFileUpDown%2F1100%2Fcarimg%2F2609%2FA260903268%2FA260903268_02_02.jpg%3F1790656592283&type=m&w=400&h=250&quality=90&ttype=jpg,69271,1660,"[현대] 더 뉴그랜저IG 가솔린 2.5 프리미엄 초이스",A/T,2021,"현대 경매장",KMHF141DBMA403018,A/6
"[현대] 캐스퍼 가솔린 1.0 인스퍼레이션",1264,292구2155,빨강,휘발유,https://img-auction.autobell.co.kr/OBmZCjL58I?src=https%3A%2F%2Fauction.autobell.co.kr%2FFileUpDown%2F1100%2Fcarimg%2F2609%2FA260903556%2FA260903556_02_02.jpg%3F1790900693004&type=m&w=400&h=250&quality=90&ttype=jpg,30458,1220,"[현대] 캐스퍼 가솔린 1.0 인스퍼레이션",A/T,2022,"현대 경매장",KMHB5518BNW013012,A/7
"[기아] 모닝 어반 1.0 가솔린 프레스티지",1265,156허1794,흰색,휘발유,https://img-auction.autobell.co.kr/OBmZCjL58I?src=https%3A%2F%2Fauction.autobell.co.kr%2FFileUpDown%2F1100%2Fcarimg%2F2610%2FA261000150%2FA261000150_02_02.jpg%3F1790925294615&type=m&w=400&h=250&quality=90&ttype=jpg,103433,825,"[기아] 모닝 어반 1.0 가솔린 프레스티지",A/T,2023,"현대 경매장",KNAB2518BPT117455,A/4
"[현대] 그랜저HG HG 240 럭셔리",1266,54마3899,회색,휘발유,https://img-auction.autobell.co.kr/OBmZCjL58I?src=https%3A%2F%2Fauction.autobell.co.kr%2FFileUpDown%2F1100%2Fcarimg%2F2610%2FA261000040%2FA261000040_02_02.jpg%3F1790902323891&type=m&w=400&h=250&quality=90&ttype=jpg,206826,185,"[현대] 그랜저HG HG 240 럭셔리",A/T,2011,"현대 경매장",KMHFF41CBBA052732,A/1
"[기아] 더 뉴 K3 1.6 가솔린 트렌디",1267,194하7514,흰색,휘발유,https://img-auction.autobell.co.kr/OBmZCjL58I?src=https%3A%2F%2Fauction.autobell.co.kr%2FFileUpDown%2F1100%2Fcarimg%2F2610%2FA261000140%2FA261000140_02_02.jpg%3F1790924427746&type=m&w=400&h=250&quality=90&ttype=jpg,80308,870,"[기아] 더 뉴 K3 1.6 가솔린 트렌디",A/T,2023,"현대 경매장",KNAF141BEPA958471,A/2
"[제네시스] 더 올뉴G80 가솔린 2.5 AWD 기본형",1268,269머6474,갈색,휘발유,https://img-auction.autobell.co.kr/OBmZCjL58I?src=https%3A%2F%2Fauction.autobell.co.kr%2FFileUpDown%2F1100%2Fcarimg%2F2610%2FA261000035%2FA261000035_02_02.jpg%3F1790842257373&type=m&w=400&h=250&quality=90&ttype=jpg,63757,2510,"[제네시스] 더 올뉴G80 가솔린 2.5 AWD 기본형",A/T,2021,"현대 경매장",KMTGB41CDMU037824,A/5
"[기아] K3 1.6 GDI 트렌디",1269,21라1126,회색,휘발유,https://img-auction.autobell.co.kr/OBmZCjL58I?src=https%3A%2F%2Fauction.autobell.co.kr%2FFileUpDown%2F1100%2Fcarimg%2F2609%2FA260903401%2FA260903401_02_02.jpg%3F1790903236330&type=m&w=400&h=250&quality=90&ttype=jpg,107045,305,"[기아] K3 1.6 GDI 트렌디",A/T,2015,"현대 경매장",KNAFK412BFA890127,B/1
"[쉐보레(대우)] 말리부 2.0 디젤 LT 디럭스팩",1270,43거4174,검정,경유,https://img-auction.autobell.co.kr/OBmZCjL58I?src=https%3A%2F%2Fauction.autobell.co.kr%2FFileUpDown%2F1100%2Fcarimg%2F2609%2FA260902797%2FA260902797_02_02.jpg%3F1790572366252&type=m&w=400&h=250&quality=90&ttype=jpg,125884,140,"[쉐보레(대우)] 말리부 2.0 디젤 LT 디럭스팩",A/T,2014,"현대 경매장",KLAGA691DEB049881,A/4
"[기아] 올 뉴모닝 가솔린 디럭스 트렌디",1271,62오2094,미색,휘발유,https://img-auction.autobell.co.kr/OBmZCjL58I?src=https%3A%2F%2Fauction.autobell.co.kr%2FFileUpDown%2F1100%2Fcarimg%2F2610%2FA261000002%2FA261000002_02_02.jpg%3F1790900591948&type=m&w=400&h=250&quality=90&ttype=jpg,149386,255,"[기아] 올 뉴모닝 가솔린 디럭스 트렌디",A/T,2014,"현대 경매장",KNABX511BET699337,A/5
"[현대] 신형 i30 1.6 GDi 익스트림",1272,29버7753,흰색,휘발유,https://img-auction.autobell.co.kr/OBmZCjL58I?src=https%3A%2F%2Fauction.autobell.co.kr%2FFileUpDown%2F1100%2Fcarimg%2F2609%2FA260903524%2FA260903524_02_02.jpg%3F1790904272248&type=m&w=400&h=250&quality=90&ttype=jpg,82225,425,"[현대] 신형 i30 1.6 GDi 익스트림",A/T,2012,"현대 경매장",KMHD351CBCU053374,A/1
"[기아] K5 2.0 CVVT 럭셔리",1273,19너3206,회색,휘발유,https://img-auction.autobell.co.kr/OBmZCjL58I?src=https%3A%2F%2Fauction.autobell.co.kr%2FFileUpDown%2F1100%2Fcarimg%2F2609%2FA260903604%2FA260903604_02_02.jpg%3F1790900352680&type=m&w=400&h=250&quality=90&ttype=jpg,133142,315,"[기아] K5 2.0 CVVT 럭셔리",A/T,2011,"현대 경매장",KNAGN411BBA066498,A/1
"[쉐보레(대우)] 스파크 가솔린 LS+",1274,18마9278,회색,휘발유,https://img-auction.autobell.co.kr/OBmZCjL58I?src=https%3A%2F%2Fauction.autobell.co.kr%2FFileUpDown%2F1100%2Fcarimg%2F2609%2FA260903522%2FA260903522_02_02.jpg%3F1790817326285&type=m&w=400&h=250&quality=90&ttype=jpg,105437,85,"[쉐보레(대우)] 스파크 가솔린 LS+",A/T,2014,"현대 경매장",KLYMA481DEC523132,A/3
"[현대] 제네시스DH G330 AWD 프리미엄",1275,19루6446,검정,휘발유,https://img-auction.autobell.co.kr/OBmZCjL58I?src=https%3A%2F%2Fauction.autobell.co.kr%2FFileUpDown%2F1100%2Fcarimg%2F2609%2FA260903528%2FA260903528_02_02.jpg%3F1790905873741&type=m&w=400&h=250&quality=90&ttype=jpg,198280,495,"[현대] 제네시스DH G330 AWD 프리미엄",A/T,2015,"현대 경매장",KMHGM41DDFU045241,A/1
"[기아] 모닝 어반 1.0 가솔린 프레스티지",1276,142다5960,흰색,휘발유,https://img-auction.autobell.co.kr/OBmZCjL58I?src=https%3A%2F%2Fauction.autobell.co.kr%2FFileUpDown%2F1100%2Fcarimg%2F2609%2FA260902133%2FA260902133_02_02.jpg%3F1790569629030&type=m&w=400&h=250&quality=90&ttype=jpg,12546,945,"[기아] 모닝 어반 1.0 가솔린 프레스티지",A/T,2022,"현대 경매장",KNAB2518BNT857095,F/1
"[현대] 더 뉴그랜저IG LPi 3.0 렌터카 익스클루시브",1277,390러3348,흰색,LPG,https://img-auction.autobell.co.kr/OBmZCjL58I?src=https%3A%2F%2Fauction.autobell.co.kr%2FFileUpDown%2F1100%2Fcarimg%2F2610%2FA261000257%2FA261000257_02_02.jpg%3F1790915964645&type=m&w=400&h=250&quality=90&ttype=jpg,203552,1620,"[현대] 더 뉴그랜저IG LPi 3.0 렌터카 익스클루시브",A/T,2022,"현대 경매장",KMHF641NBNA460221,A/6
"[현대] 더 뉴그랜저IG 가솔린 2.5 프리미엄 초이스",1278,255머9680,회색,휘발유,https://img-auction.autobell.co.kr/OBmZCjL58I?src=https%3A%2F%2Fauction.autobell.co.kr%2FFileUpDown%2F1100%2Fcarimg%2F2609%2FA260901382%2FA260901382_02_02.jpg%3F1790653877395&type=m&w=400&h=250&quality=90&ttype=jpg,59435,1830,"[현대] 더 뉴그랜저IG 가솔린 2.5 프리미엄 초이스",A/T,2021,"현대 경매장",KMHF141DBMA403704,A/7
"[쉐보레(대우)] 더 뉴스파크 LT",1279,192오6946,흰색,휘발유,https://img-auction.autobell.co.kr/OBmZCjL58I?src=https%3A%2F%2Fauction.autobell.co.kr%2FFileUpDown%2F1100%2Fcarimg%2F2608%2FA260802523%2FA260802523_02_02.jpg%3F1787277615644&type=m&w=400&h=250&quality=90&ttype=jpg,120058,350,"[쉐보레(대우)] 더 뉴스파크 LT",A/T,2019,"현대 경매장",KLYDC487DKC235423,A/5
"[기아] 더 뉴모닝 가솔린 디럭스",1280,54머9725,미색,휘발유,https://img-auction.autobell.co.kr/OBmZCjL58I?src=https%3A%2F%2Fauction.autobell.co.kr%2FFileUpDown%2F1100%2Fcarimg%2F2609%2FA260902528%2FA260902528_02_02.jpg%3F1790130629708&type=m&w=400&h=250&quality=90&ttype=jpg,88533,310,"[기아] 더 뉴모닝 가솔린 디럭스",A/T,2016,"현대 경매장",KNABE511BGT403980,A/2
"[기아] K5 LPI 렌터카 프레스티지",1281,14가8248,회색,LPG,https://img-auction.autobell.co.kr/OBmZCjL58I?src=https%3A%2F%2Fauction.autobell.co.kr%2FFileUpDown%2F1100%2Fcarimg%2F2609%2FA260903657%2FA260903657_02_02.jpg%3F1790912578493&type=m&w=400&h=250&quality=90&ttype=jpg,200172,275,"[기아] K5 LPI 렌터카 프레스티지",A/T,2013,"현대 경매장",KNAGN418BDA329543,A/6
"[현대] NF쏘나타 N20 기본형",1282,05고8094,흰색,휘발유,https://img-auction.autobell.co.kr/OBmZCjL58I?src=https%3A%2F%2Fauction.autobell.co.kr%2FFileUpDown%2F1100%2Fcarimg%2F2609%2FA260903100%2FA260903100_02_02.jpg%3F1790914543198&type=m&w=400&h=250&quality=90&ttype=jpg,232218,195,"[현대] NF쏘나타 N20 기본형",A/T,2006,"현대 경매장",KMHEU41BP6A205637,A/1
"[현대] 그랜저HG HG 240 럭셔리",1283,45구7622,검정,휘발유,https://img-auction.autobell.co.kr/OBmZCjL58I?src=https%3A%2F%2Fauction.autobell.co.kr%2FFileUpDown%2F1100%2Fcarimg%2F2609%2FA260903620%2FA260903620_02_02.jpg%3F1790916494698&type=m&w=400&h=250&quality=90&ttype=jpg,134376,225,"[현대] 그랜저HG HG 240 럭셔리",A/T,2012,"현대 경매장",KMHFF41CBCA095951,A/1
"[현대] 아이오닉 6 롱레인지 2WD 익스클루시브 플러스",1284,14하1549,흰색,전기,https://img-auction.autobell.co.kr/OBmZCjL58I?src=https%3A%2F%2Fauction.autobell.co.kr%2FFileUpDown%2F1100%2Fcarimg%2F2610%2FA261000120%2FA261000120_02_02.jpg%3F1790919441071&type=m&w=400&h=250&quality=90&ttype=jpg,145539,2120,"[현대] 아이오닉 6 롱레인지 2WD 익스클루시브 플러스",A/T,2023,"현대 경매장",KMHM341AFPA007058,A/3
"[기아] 더 뉴 K3 1.6 가솔린 프레스티지",1285,133하3463,흰색,휘발유,https://img-auction.autobell.co.kr/OBmZCjL58I?src=https%3A%2F%2Fauction.autobell.co.kr%2FFileUpDown%2F1100%2Fcarimg%2F2610%2FA261000080%2FA261000080_02_02.jpg%3F1790914353493&type=m&w=400&h=250&quality=90&ttype=jpg,36435,1680,"[기아] 더 뉴 K3 1.6 가솔린 프레스티지",A/T,2024,"현대 경매장",KNAF241BERA181731,A/5
"[기아] K3 1.6 GDI 트렌디",1235,40어7445,흰색,휘발유,https://img-auction.autobell.co.kr/OBmZCjL58I?src=https%3A%2F%2Fauction.autobell.co.kr%2FFileUpDown%2F1100%2Fcarimg%2F2609%2FA260903239%2FA260903239_02_02.jpg%3F1790747703659&type=m&w=400&h=250&quality=90&ttype=jpg,223641,295,"[기아] K3 1.6 GDI 트렌디",A/T,2014,"현대 경매장",KNAFK412BEA217814,A/1
"[르노(삼성)] 뉴 SM7 노바 2.0 LPe 장애인",1236,02우8375,검정,LPG,https://img-auction.autobell.co.kr/OBmZCjL58I?src=https%3A%2F%2Fauction.autobell.co.kr%2FFileUpDown%2F1100%2Fcarimg%2F2609%2FA260902129%2FA260902129_02_02.jpg%3F1790746555496&type=m&w=400&h=250&quality=90&ttype=jpg,99826,400,"[르노(삼성)] 뉴 SM7 노바 2.0 LPe 장애인",A/T,2017,"현대 경매장",KNMG4C2CMHP009945,A/3
"[기아] 더 뉴기아 레이 1.0 가솔린 프레스티지",1237,195호4808,흰색,휘발유,https://img-auction.autobell.co.kr/OBmZCjL58I?src=https%3A%2F%2Fauction.autobell.co.kr%2FFileUpDown%2F1100%2Fcarimg%2F2610%2FA261000190%2FA261000190_02_02.jpg%3F1790918889238&type=m&w=400&h=250&quality=90&ttype=jpg,70664,1130,"[기아] 더 뉴기아 레이 1.0 가솔린 프레스티지",A/T,2023,"현대 경매장",KNACG811BPT351200,A/3
"[현대] 더 뉴아반떼MD 1.6 GDi 모던",1238,42마1446,회색,휘발유,https://img-auction.autobell.co.kr/OBmZCjL58I?src=https%3A%2F%2Fauction.autobell.co.kr%2FFileUpDown%2F1100%2Fcarimg%2F2609%2FA260903552%2FA260903552_02_02.jpg%3F1790843440311&type=m&w=400&h=250&quality=90&ttype=jpg,37653,495,"[현대] 더 뉴아반떼MD 1.6 GDi 모던",A/T,2015,"현대 경매장",KMHDG41DBFU371498,A/4
"[현대] 제네시스 BH 330 그랜드",1239,19누4997,회색,휘발유,https://img-auction.autobell.co.kr/OBmZCjL58I?src=https%3A%2F%2Fauction.autobell.co.kr%2FFileUpDown%2F1100%2Fcarimg%2F2610%2FA261000056%2FA261000056_02_02.jpg%3F1790905663333&type=m&w=400&h=250&quality=90&ttype=jpg,168950,275,"[현대] 제네시스 BH 330 그랜드",A/T,2008,"현대 경매장",KMHGA41AP8U025199,A/6
"[기아] 더 뉴기아 레이 1.0 가솔린 프레스티지",1240,195호4806,흰색,휘발유,https://img-auction.autobell.co.kr/OBmZCjL58I?src=https%3A%2F%2Fauction.autobell.co.kr%2FFileUpDown%2F1100%2Fcarimg%2F2610%2FA261000189%2FA261000189_02_02.jpg%3F1790923844534&type=m&w=400&h=250&quality=90&ttype=jpg,94706,1070,"[기아] 더 뉴기아 레이 1.0 가솔린 프레스티지",A/T,2023,"현대 경매장",KNACG811BPT351107,A/5
"[현대] 아반떼HD 1.6 VVT S16 럭셔리",1241,09조5112,회색,휘발유,https://img-auction.autobell.co.kr/OBmZCjL58I?src=https%3A%2F%2Fauction.autobell.co.kr%2FFileUpDown%2F1100%2Fcarimg%2F2609%2FA260903111%2FA260903111_02_02.jpg%3F1790753987741&type=m&w=400&h=250&quality=90&ttype=jpg,127875,200,"[현대] 아반떼HD 1.6 VVT S16 럭셔리",A/T,2007,"현대 경매장",KMHDU41BP7U134165,A/3
"[현대] i40 살룬 1.7 VGT PYL",1242,33도1696,흰색,경유,https://img-auction.autobell.co.kr/OBmZCjL58I?src=https%3A%2F%2Fauction.autobell.co.kr%2FFileUpDown%2F1100%2Fcarimg%2F2609%2FA260903015%2FA260903015_02_02.jpg%3F1790139888087&type=m&w=400&h=250&quality=90&ttype=jpg,165097,245,"[현대] i40 살룬 1.7 VGT PYL",A/T,2014,"현대 경매장",KMHLB41UBEU030251,A/1
"[기아] 더 뉴기아 레이 1.0 가솔린 프레스티지",1243,195호4869,흰색,휘발유,https://img-auction.autobell.co.kr/OBmZCjL58I?src=https%3A%2F%2Fauction.autobell.co.kr%2FFileUpDown%2F1100%2Fcarimg%2F2610%2FA261000187%2FA261000187_02_02.jpg%3F1790922524439&type=m&w=400&h=250&quality=90&ttype=jpg,105977,960,"[기아] 더 뉴기아 레이 1.0 가솔린 프레스티지",A/T,2023,"현대 경매장",KNACG811BPT351039,A/1
"[르노(삼성)] 뉴 SM5 플래티넘 2.0 LE",1244,67다2875,흰색,휘발유,https://img-auction.autobell.co.kr/OBmZCjL58I?src=https%3A%2F%2Fauction.autobell.co.kr%2FFileUpDown%2F1100%2Fcarimg%2F2609%2FA260903570%2FA260903570_02_02.jpg%3F1790839943042&type=m&w=400&h=250&quality=90&ttype=jpg,95785,155,"[르노(삼성)] 뉴 SM5 플래티넘 2.0 LE",A/T,2013,"현대 경매장",KNMA4C2BMDP110185,A/1
"[기아] 더 뉴기아 레이 1.0 가솔린 프레스티지",1245,195호4848,흰색,휘발유,https://img-auction.autobell.co.kr/OBmZCjL58I?src=https%3A%2F%2Fauction.autobell.co.kr%2FFileUpDown%2F1100%2Fcarimg%2F2610%2FA261000186%2FA261000186_02_02.jpg%3F1790917414761&type=m&w=400&h=250&quality=90&ttype=jpg,98556,1010,"[기아] 더 뉴기아 레이 1.0 가솔린 프레스티지",A/T,2023,"현대 경매장",KNACG811BPT350749,A/3
"[기아] 더 뉴K7 3.0 GDI 프레스티지",1246,69머5553,회색,휘발유,https://img-auction.autobell.co.kr/OBmZCjL58I?src=https%3A%2F%2Fauction.autobell.co.kr%2FFileUpDown%2F1100%2Fcarimg%2F2609%2FA260900245%2FA260900245_02_02.jpg%3F1788424233530&type=m&w=400&h=250&quality=90&ttype=jpg,112027,400,"[기아] 더 뉴K7 3.0 GDI 프레스티지",A/T,2015,"현대 경매장",KNALM416BFA181184,A/5
"[르노(삼성)] SM5 노바 클래식",1247,26너6311,회색,휘발유,https://img-auction.autobell.co.kr/OBmZCjL58I?src=https%3A%2F%2Fauction.autobell.co.kr%2FFileUpDown%2F1100%2Fcarimg%2F2609%2FA260901675%2FA260901675_02_02.jpg%3F1789358901195&type=m&w=400&h=250&quality=90&ttype=jpg,48679,450,"[르노(삼성)] SM5 노바 클래식",A/T,2019,"현대 경매장",KNMA4C2BMKP170854,B/1
"[기아] 모닝 어반 1.0 가솔린 프레스티지",1248,195호4758,흰색,휘발유,https://img-auction.autobell.co.kr/OBmZCjL58I?src=https%3A%2F%2Fauction.autobell.co.kr%2FFileUpDown%2F1100%2Fcarimg%2F2610%2FA261000185%2FA261000185_02_02.jpg%3F1790917199065&type=m&w=400&h=250&quality=90&ttype=jpg,66837,990,"[기아] 모닝 어반 1.0 가솔린 프레스티지",A/T,2023,"현대 경매장",KNAB2518BPT121276,A/7
"[기아] 신형 K5 2.0 가솔린 프레스티지 MX",1249,07조0663,흰색,휘발유,https://img-auction.autobell.co.kr/OBmZCjL58I?src=https%3A%2F%2Fauction.autobell.co.kr%2FFileUpDown%2F1100%2Fcarimg%2F2609%2FA260902770%2FA260902770_02_02.jpg%3F1790036522357&type=m&w=400&h=250&quality=90&ttype=jpg,156990,590,"[기아] 신형 K5 2.0 가솔린 프레스티지 MX",A/T,2016,"현대 경매장",KNAGX411BGA061039,A/1
"[기아] K8 하이브리드 HEV 시그니처",1250,156호5744,초록,하이브리드,https://img-auction.autobell.co.kr/OBmZCjL58I?src=https%3A%2F%2Fauction.autobell.co.kr%2FFileUpDown%2F1100%2Fcarimg%2F2610%2FA261000214%2FA261000214_02_02.jpg%3F1790901974058&type=m&w=400&h=250&quality=90&ttype=jpg,112423,2290,"[기아] K8 하이브리드 HEV 시그니처",A/T,2022,"현대 경매장",KNAM6411BNA004136,B/5
"[현대] 더 뉴아반떼(CN7) 가솔린 1.6 스마트",1251,156허2063,흰색,휘발유,https://img-auction.autobell.co.kr/OBmZCjL58I?src=https%3A%2F%2Fauction.autobell.co.kr%2FFileUpDown%2F1100%2Fcarimg%2F2610%2FA261000183%2FA261000183_02_02.jpg%3F1790926181547&type=m&w=400&h=250&quality=90&ttype=jpg,104441,960,"[현대] 더 뉴아반떼(CN7) 가솔린 1.6 스마트",A/T,2024,"현대 경매장",KMHLM41EERU566053,A/4
"[기아] 더 뉴기아 레이 1.0 가솔린 프레스티지",1252,194하7918,흰색,휘발유,https://img-auction.autobell.co.kr/OBmZCjL58I?src=https%3A%2F%2Fauction.autobell.co.kr%2FFileUpDown%2F1100%2Fcarimg%2F2610%2FA261000155%2FA261000155_02_02.jpg%3F1790923975328&type=m&w=400&h=250&quality=90&ttype=jpg,110046,1010,"[기아] 더 뉴기아 레이 1.0 가솔린 프레스티지",A/T,2023,"현대 경매장",KNACG811BPT347031,A/6
"[현대] 디 올뉴그랜저 하이브리드 1.6 HEV 익스클루시브",1253,196하8088,검정,하이브리드,https://img-auction.autobell.co.kr/OBmZCjL58I?src=https%3A%2F%2Fauction.autobell.co.kr%2FFileUpDown%2F1100%2Fcarimg%2F2610%2FA261000212%2FA261000212_02_02.jpg%3F1790901721574&type=m&w=400&h=250&quality=90&ttype=jpg,14272,4020,"[현대] 디 올뉴그랜저 하이브리드 1.6 HEV 익스클루시브",A/T,2024,"현대 경매장",KMHN2411BRA080020,A/6
"[제네시스] 더 올뉴G80 가솔린 3.5 AWD 기본형",1254,156호5714,검정,휘발유,https://img-auction.autobell.co.kr/OBmZCjL58I?src=https%3A%2F%2Fauction.autobell.co.kr%2FFileUpDown%2F1100%2Fcarimg%2F2610%2FA261000208%2FA261000208_02_02.jpg%3F1790901253087&type=m&w=400&h=250&quality=90&ttype=jpg,99886,2740,"[제네시스] 더 올뉴G80 가솔린 3.5 AWD 기본형",A/T,2022,"현대 경매장",KMTGC41DDNU093092,A/4
"[현대] 더 뉴아반떼(CN7) 가솔린 1.6 스마트",1255,194하7672,흰색,휘발유,https://img-auction.autobell.co.kr/OBmZCjL58I?src=https%3A%2F%2Fauction.autobell.co.kr%2FFileUpDown%2F1100%2Fcarimg%2F2610%2FA261000173%2FA261000173_02_02.jpg%3F1790924637913&type=m&w=400&h=250&quality=90&ttype=jpg,104558,1105,"[현대] 더 뉴아반떼(CN7) 가솔린 1.6 스마트",A/T,2024,"현대 경매장",KMHLM41EERU554962,A/5
"[현대] 더 뉴그랜저IG 하이브리드 2.4 HEV 르블랑",1256,156호6435,회색,하이브리드,https://img-auction.autobell.co.kr/OBmZCjL58I?src=https%3A%2F%2Fauction.autobell.co.kr%2FFileUpDown%2F1100%2Fcarimg%2F2610%2FA261000211%2FA261000211_02_02.jpg%3F1790902700772&type=m&w=400&h=250&quality=90&ttype=jpg,66923,1980,"[현대] 더 뉴그랜저IG 하이브리드 2.4 HEV 르블랑",A/T,2022,"현대 경매장",KMHF1413BNA128046,B/1
"[현대] 제네시스 BH 330 럭셔리 VIP팩",1257,40구0852,회색,휘발유,https://img-auction.autobell.co.kr/OBmZCjL58I?src=https%3A%2F%2Fauction.autobell.co.kr%2FFileUpDown%2F1100%2Fcarimg%2F2609%2FA260902532%2FA260902532_02_02.jpg%3F1789949110442&type=m&w=400&h=250&quality=90&ttype=jpg,104533,310,"[현대] 제네시스 BH 330 럭셔리 VIP팩",A/T,2011,"현대 경매장",KMHGE41ABBU117004,A/1
"[기아] 더 뉴기아 레이 1.0 가솔린 프레스티지",1258,194하7909,흰색,휘발유,https://img-auction.autobell.co.kr/OBmZCjL58I?src=https%3A%2F%2Fauction.autobell.co.kr%2FFileUpDown%2F1100%2Fcarimg%2F2610%2FA261000154%2FA261000154_02_02.jpg%3F1790923321163&type=m&w=400&h=250&quality=90&ttype=jpg,87828,1060,"[기아] 더 뉴기아 레이 1.0 가솔린 프레스티지",A/T,2023,"현대 경매장",KNACG811BPT346084,A/2
"[기아] 신형 K5(DL3) 2.0 가솔린 프레스티지",1259,154호1325,검정,휘발유,https://img-auction.autobell.co.kr/OBmZCjL58I?src=https%3A%2F%2Fauction.autobell.co.kr%2FFileUpDown%2F1100%2Fcarimg%2F2609%2FA260902383%2FA260902383_02_02.jpg%3F1789714795297&type=m&w=400&h=250&quality=90&ttype=jpg,107826,1050,"[기아] 신형 K5(DL3) 2.0 가솔린 프레스티지",A/T,2022,"현대 경매장",KNAG241ABNA170257,B/1
"[기아] 모닝 어반 1.0 가솔린 프레스티지",1260,195호4795,흰색,휘발유,https://img-auction.autobell.co.kr/OBmZCjL58I?src=https%3A%2F%2Fauction.autobell.co.kr%2FFileUpDown%2F1100%2Fcarimg%2F2610%2FA261000152%2FA261000152_02_02.jpg%3F1790927312928&type=m&w=400&h=250&quality=90&ttype=jpg,93513,830,"[기아] 모닝 어반 1.0 가솔린 프레스티지",A/T,2023,"현대 경매장",KNAB2518BPT125321,A/4
"[현대] 아반떼MD M16 GDi 럭셔리",1209,19두2085,흰색,휘발유,https://img-auction.autobell.co.kr/OBmZCjL58I?src=https%3A%2F%2Fauction.autobell.co.kr%2FFileUpDown%2F1100%2Fcarimg%2F2609%2FA260903146%2FA260903146_02_02.jpg%3F1790667295965&type=m&w=400&h=250&quality=90&ttype=jpg,132902,205,"[현대] 아반떼MD M16 GDi 럭셔리",A/T,2011,"현대 경매장",KMHDG41DBBU021243,A/1
"[르노(삼성)] SM6 2.0 GDe LE",1210,38부0113,흰색,휘발유,https://img-auction.autobell.co.kr/OBmZCjL58I?src=https%3A%2F%2Fauction.autobell.co.kr%2FFileUpDown%2F1100%2Fcarimg%2F2609%2FA260903256%2FA260903256_02_02.jpg%3F1790820352052&type=m&w=400&h=250&quality=90&ttype=jpg,100701,375,"[르노(삼성)] SM6 2.0 GDe LE",A/T,2016,"현대 경매장",KNMA4C2BMGP033992,A/6
"[기아] 더 뉴레이 밴 프레스티지",1211,374거1058,흰색,휘발유,https://img-auction.autobell.co.kr/OBmZCjL58I?src=https%3A%2F%2Fauction.autobell.co.kr%2FFileUpDown%2F1100%2Fcarimg%2F2609%2FA260903279%2FA260903279_02_02.jpg%3F1790816491878&type=m&w=400&h=250&quality=90&ttype=jpg,37295,650,"[기아] 더 뉴레이 밴 프레스티지",A/T,2022,"현대 경매장",KNACF911BNT317519,A/4
"[현대] LF쏘나타 2.0 CVVL 스마트",1212,33어7637,흰색,휘발유,https://img-auction.autobell.co.kr/OBmZCjL58I?src=https%3A%2F%2Fauction.autobell.co.kr%2FFileUpDown%2F1100%2Fcarimg%2F2609%2FA260902959%2FA260902959_02_02.jpg%3F1790820757421&type=m&w=400&h=250&quality=90&ttype=jpg,84929,725,"[현대] LF쏘나타 2.0 CVVL 스마트",A/T,2015,"현대 경매장",KMHE341CBFA059904,A/5
"[쉐보레(대우)] 더 넥스트 스파크 LTZ",1213,51보1781,미색,휘발유,https://img-auction.autobell.co.kr/OBmZCjL58I?src=https%3A%2F%2Fauction.autobell.co.kr%2FFileUpDown%2F1100%2Fcarimg%2F2609%2FA260903493%2FA260903493_02_02.jpg%3F1790830654804&type=m&w=400&h=250&quality=90&ttype=jpg,81800,415,"[쉐보레(대우)] 더 넥스트 스파크 LTZ",A/T,2017,"현대 경매장",KLYDC487DHC230474,A/6
"[현대] 아반떼MD M16 GDi 탑",1214,57주8073,회색,휘발유,https://img-auction.autobell.co.kr/OBmZCjL58I?src=https%3A%2F%2Fauction.autobell.co.kr%2FFileUpDown%2F1100%2Fcarimg%2F2609%2FA260903415%2FA260903415_02_02.jpg%3F1790821735854&type=m&w=400&h=250&quality=90&ttype=jpg,105642,245,"[현대] 아반떼MD M16 GDi 탑",A/T,2011,"현대 경매장",KMHDH41DBBU064357,A/1
"[현대] 그랜저HG HG 240 모던",1215,53거1107,흰색,휘발유,https://img-auction.autobell.co.kr/OBmZCjL58I?src=https%3A%2F%2Fauction.autobell.co.kr%2FFileUpDown%2F1100%2Fcarimg%2F2609%2FA260903182%2FA260903182_02_02.jpg%3F1790814973188&type=m&w=400&h=250&quality=90&ttype=jpg,134592,320,"[현대] 그랜저HG HG 240 모던",A/T,2013,"현대 경매장",KMHFF41CBDA252091,A/4
"[기아] 로체 LEX20 기본형",1216,11가8602,회색,휘발유,https://img-auction.autobell.co.kr/OBmZCjL58I?src=https%3A%2F%2Fauction.autobell.co.kr%2FFileUpDown%2F1100%2Fcarimg%2F2609%2FA260903573%2FA260903573_02_02.jpg%3F1790831131103&type=m&w=400&h=250&quality=90&ttype=jpg,128235,160,"[기아] 로체 LEX20 기본형",A/T,2007,"현대 경매장",KNAGE22237A105723,A/1
"[현대] 쏘나타(DN8) G2.0 프리미엄 플러스",1217,101호7914,흰색,휘발유,https://img-auction.autobell.co.kr/OBmZCjL58I?src=https%3A%2F%2Fauction.autobell.co.kr%2FFileUpDown%2F1100%2Fcarimg%2F2609%2FA260903650%2FA260903650_02_02.jpg%3F1790832293158&type=m&w=400&h=250&quality=90&ttype=jpg,121249,1150,"[현대] 쏘나타(DN8) G2.0 프리미엄 플러스",A/T,2022,"현대 경매장",KMHL141EBNA201793,A/6
"[현대] 더 뉴그랜저IG 가솔린 2.5 캘리그래피",1218,165하5878,검정,휘발유,https://img-auction.autobell.co.kr/OBmZCjL58I?src=https%3A%2F%2Fauction.autobell.co.kr%2FFileUpDown%2F1100%2Fcarimg%2F2609%2FA260903067%2FA260903067_02_02.jpg%3F1790138457074&type=m&w=400&h=250&quality=90&ttype=jpg,88544,1310,"[현대] 더 뉴그랜저IG 가솔린 2.5 캘리그래피",A/T,2023,"현대 경매장",KMHF341DBPA512665,F/1
"[현대] 아반떼HD 1.6 VVT X16 프리미어 블랙",1219,15저8374,회색,휘발유,https://img-auction.autobell.co.kr/OBmZCjL58I?src=https%3A%2F%2Fauction.autobell.co.kr%2FFileUpDown%2F1100%2Fcarimg%2F2609%2FA260903492%2FA260903492_02_02.jpg%3F1790900464567&type=m&w=400&h=250&quality=90&ttype=jpg,94919,265,"[현대] 아반떼HD 1.6 VVT X16 프리미어 블랙",A/T,2010,"현대 경매장",KMHDU41BBAU962626,A/5
"[현대] 아반떼(CN7) 1.6 가솔린 인스퍼레이션",1220,153허1353,회색,휘발유,https://img-auction.autobell.co.kr/OBmZCjL58I?src=https%3A%2F%2Fauction.autobell.co.kr%2FFileUpDown%2F1100%2Fcarimg%2F2610%2FA261000095%2FA261000095_02_02.jpg%3F1790833069429&type=m&w=400&h=250&quality=90&ttype=jpg,91101,990,"[현대] 아반떼(CN7) 1.6 가솔린 인스퍼레이션",A/T,2021,"현대 경매장",KMHLR41EEMU083939,A/4
"[기아] K5 LPI 렌터카 럭셔리",1221,08나5153,흰색,LPG,https://img-auction.autobell.co.kr/OBmZCjL58I?src=https%3A%2F%2Fauction.autobell.co.kr%2FFileUpDown%2F1100%2Fcarimg%2F2609%2FA260903634%2FA260903634_02_02.jpg%3F1790833155650&type=m&w=400&h=250&quality=90&ttype=jpg,193076,215,"[기아] K5 LPI 렌터카 럭셔리",A/T,2011,"현대 경매장",KNAGN415BBA082296,A/2
"[기아] K3 1.6 GDI 럭셔리",1222,20라0355,흰색,휘발유,https://img-auction.autobell.co.kr/OBmZCjL58I?src=https%3A%2F%2Fauction.autobell.co.kr%2FFileUpDown%2F1100%2Fcarimg%2F2609%2FA260903074%2FA260903074_02_02.jpg%3F1790840811730&type=m&w=400&h=250&quality=90&ttype=jpg,148272,380,"[기아] K3 1.6 GDI 럭셔리",A/T,2015,"현대 경매장",KNAFK412BFA509378,A/2
"[현대] 더 뉴아반떼MD 1.6 VGT 모던",1223,60오9697,흰색,경유,https://img-auction.autobell.co.kr/OBmZCjL58I?src=https%3A%2F%2Fauction.autobell.co.kr%2FFileUpDown%2F1100%2Fcarimg%2F2609%2FA260902982%2FA260902982_02_02.jpg%3F1790833574048&type=m&w=400&h=250&quality=90&ttype=jpg,219449,140,"[현대] 더 뉴아반떼MD 1.6 VGT 모던",A/T,2014,"현대 경매장",KMHDG41UBEU987135,B/1
"[제네시스] 더 올뉴G80 가솔린 2.5 2WD 기본형",1224,140호7017,검정,휘발유,https://img-auction.autobell.co.kr/OBmZCjL58I?src=https%3A%2F%2Fauction.autobell.co.kr%2FFileUpDown%2F1100%2Fcarimg%2F2609%2FA260902099%2FA260902099_02_02.jpg%3F1789968606383&type=m&w=400&h=250&quality=90&ttype=jpg,113324,1780,"[제네시스] 더 올뉴G80 가솔린 2.5 2WD 기본형",A/T,2021,"현대 경매장",KMTGB41CBMU015940,C/1
"[현대] 쏘나타(DN8) L2.0 렌터카 스마트",1225,154호9813,흰색,LPG,https://img-auction.autobell.co.kr/OBmZCjL58I?src=https%3A%2F%2Fauction.autobell.co.kr%2FFileUpDown%2F1100%2Fcarimg%2F2609%2FA260903652%2FA260903652_02_02.jpg%3F1790838048202&type=m&w=400&h=250&quality=90&ttype=jpg,143114,850,"[현대] 쏘나타(DN8) L2.0 렌터카 스마트",A/T,2021,"현대 경매장",KMHL341DBMA108645,A/6
"[현대] 아반떼MD M16 GDi 디럭스",1226,27거0484,회색,휘발유,https://img-auction.autobell.co.kr/OBmZCjL58I?src=https%3A%2F%2Fauction.autobell.co.kr%2FFileUpDown%2F1100%2Fcarimg%2F2609%2FA260903580%2FA260903580_02_02.jpg%3F1790840328495&type=m&w=400&h=250&quality=90&ttype=jpg,184350,175,"[현대] 아반떼MD M16 GDi 디럭스",A/T,2012,"현대 경매장",KMHDG41DBCU567077,A/5
"[현대] 신형 i30 1.6 VGT PYL",1227,13나9629,회색,경유,https://img-auction.autobell.co.kr/OBmZCjL58I?src=https%3A%2F%2Fauction.autobell.co.kr%2FFileUpDown%2F1100%2Fcarimg%2F2609%2FA260903571%2FA260903571_02_02.jpg%3F1790836804792&type=m&w=400&h=250&quality=90&ttype=jpg,261694,215,"[현대] 신형 i30 1.6 VGT PYL",A/T,2015,"현대 경매장",KMHD251UBFU213836,A/1
"[쉐보레(대우)] 더 넥스트 스파크 에코 LT 플러스",1228,58모0803,회색,휘발유,https://img-auction.autobell.co.kr/OBmZCjL58I?src=https%3A%2F%2Fauction.autobell.co.kr%2FFileUpDown%2F1100%2Fcarimg%2F2609%2FA260903624%2FA260903624_02_02.jpg%3F1790837619507&type=m&w=400&h=250&quality=90&ttype=jpg,143055,220,"[쉐보레(대우)] 더 넥스트 스파크 에코 LT 플러스",A/T,2016,"현대 경매장",KLYDC487DGC029364,A/3
"[기아] K5 2.0 CVVT 프레스티지",1229,49누1600,흰색,휘발유,https://img-auction.autobell.co.kr/OBmZCjL58I?src=https%3A%2F%2Fauction.autobell.co.kr%2FFileUpDown%2F1100%2Fcarimg%2F2609%2FA260903577%2FA260903577_02_02.jpg%3F1790833441603&type=m&w=400&h=250&quality=90&ttype=jpg,174625,320,"[기아] K5 2.0 CVVT 프레스티지",A/T,2011,"현대 경매장",KNAGN411BBA012430,A/4
"[기아] 뉴모닝 LX 기본형 블랙프리미엄",1230,66보1017,파랑,휘발유,https://img-auction.autobell.co.kr/OBmZCjL58I?src=https%3A%2F%2Fauction.autobell.co.kr%2FFileUpDown%2F1100%2Fcarimg%2F2609%2FA260903631%2FA260903631_02_02.jpg%3F1790834166128&type=m&w=400&h=250&quality=90&ttype=jpg,154423,130,"[기아] 뉴모닝 LX 기본형 블랙프리미엄",A/T,2011,"현대 경매장",KNABK514BBT005371,B/1
"[기아] 뉴 신형K5 2.0 가솔린 프레스티지",1231,13무1824,흰색,휘발유,https://img-auction.autobell.co.kr/OBmZCjL58I?src=https%3A%2F%2Fauction.autobell.co.kr%2FFileUpDown%2F1100%2Fcarimg%2F2609%2FA260903612%2FA260903612_02_02.jpg%3F1790840589898&type=m&w=400&h=250&quality=90&ttype=jpg,54683,1170,"[기아] 뉴 신형K5 2.0 가솔린 프레스티지",A/T,2019,"현대 경매장",KNAGT411BKA290568,A/5
"[기아] 신형 K5(DL3) 2.0 가솔린 프레스티지",1232,133하6757,검정,휘발유,https://img-auction.autobell.co.kr/OBmZCjL58I?src=https%3A%2F%2Fauction.autobell.co.kr%2FFileUpDown%2F1100%2Fcarimg%2F2610%2FA261000089%2FA261000089_02_02.jpg%3F1790838431793&type=m&w=400&h=250&quality=90&ttype=jpg,80527,2100,"[기아] 신형 K5(DL3) 2.0 가솔린 프레스티지",A/T,2023,"현대 경매장",KNAG241ABPA238267,A/7
"[현대] 그랜저HG 디젤 HG 220 모던",1233,54보8395,검정,경유,https://img-auction.autobell.co.kr/OBmZCjL58I?src=https%3A%2F%2Fauction.autobell.co.kr%2FFileUpDown%2F1100%2Fcarimg%2F2609%2FA260903019%2FA260903019_02_02.jpg%3F1790558599303&type=m&w=400&h=250&quality=90&ttype=jpg,172954,270,"[현대] 그랜저HG 디젤 HG 220 모던",A/T,2015,"현대 경매장",KMHFF41RBFA443165,C/1
"[현대] 신형 i30 1.6 VGT PYL",1234,42모7801,흰색,경유,https://img-auction.autobell.co.kr/OBmZCjL58I?src=https%3A%2F%2Fauction.autobell.co.kr%2FFileUpDown%2F1100%2Fcarimg%2F2609%2FA260903245%2FA260903245_02_02.jpg%3F1790657165936&type=m&w=400&h=250&quality=90&ttype=jpg,204410,285,"[현대] 신형 i30 1.6 VGT PYL",A/T,2014,"현대 경매장",KMHD251UBEU132684,B/1
"[현대] YF쏘나타 Y20 프리미어",1198,23부9985,검정,휘발유,https://img-auction.autobell.co.kr/OBmZCjL58I?src=https%3A%2F%2Fauction.autobell.co.kr%2FFileUpDown%2F1100%2Fcarimg%2F2609%2FA260903212%2FA260903212_02_02.jpg%3F1790814821086&type=m&w=400&h=250&quality=90&ttype=jpg,159085,265,"[현대] YF쏘나타 Y20 프리미어",A/T,2011,"현대 경매장",KMHEC41BBBA271255,A/1
"[제네시스] EQ900 3.3 터보 AWD 프리미엄 럭셔리",1199,45구0996,검정,휘발유,https://img-auction.autobell.co.kr/OBmZCjL58I?src=https%3A%2F%2Fauction.autobell.co.kr%2FFileUpDown%2F1100%2Fcarimg%2F2608%2FA260803352%2FA260803352_02_02.jpg%3F1788174928033&type=m&w=400&h=250&quality=90&ttype=jpg,204444,820,"[제네시스] EQ900 3.3 터보 AWD 프리미엄 럭셔리",A/T,2016,"현대 경매장",KMHG241ADGU008612,A/5
"[현대] 더 뉴아반떼AD 1.6 가솔린 스마트 초이스",1200,03허7077,흰색,휘발유,https://img-auction.autobell.co.kr/OBmZCjL58I?src=https%3A%2F%2Fauction.autobell.co.kr%2FFileUpDown%2F1100%2Fcarimg%2F2609%2FA260902544%2FA260902544_02_02.jpg%3F1789967223270&type=m&w=400&h=250&quality=90&ttype=jpg,100657,550,"[현대] 더 뉴아반떼AD 1.6 가솔린 스마트 초이스",A/T,2020,"현대 경매장",KMHD641EELU961304,F/1
"[현대] 쏘나타(DN8) L2.0 렌터카 스타일",1201,386거3755,흰색,LPG,https://img-auction.autobell.co.kr/OBmZCjL58I?src=https%3A%2F%2Fauction.autobell.co.kr%2FFileUpDown%2F1100%2Fcarimg%2F2609%2FA260903500%2FA260903500_02_02.jpg%3F1790819813689&type=m&w=400&h=250&quality=90&ttype=jpg,179127,820,"[현대] 쏘나타(DN8) L2.0 렌터카 스타일",A/T,2020,"현대 경매장",KMHL341DBLA011562,A/2
"[기아] 올 뉴K7 3.0 LPI 렌터카 럭셔리",1202,20하8579,회색,LPG,https://img-auction.autobell.co.kr/OBmZCjL58I?src=https%3A%2F%2Fauction.autobell.co.kr%2FFileUpDown%2F1100%2Fcarimg%2F2610%2FA261000044%2FA261000044_02_02.jpg%3F1790819855433&type=m&w=400&h=250&quality=90&ttype=jpg,196320,510,"[기아] 올 뉴K7 3.0 LPI 렌터카 럭셔리",A/T,2017,"현대 경매장",KNALC418BHA110011,A/3
"[기아] 올 뉴프라이드 4도어 1.6 GDI 프레스티지",1203,30무7895,회색,휘발유,https://img-auction.autobell.co.kr/OBmZCjL58I?src=https%3A%2F%2Fauction.autobell.co.kr%2FFileUpDown%2F1100%2Fcarimg%2F2609%2FA260903565%2FA260903565_02_02.jpg%3F1790818770180&type=m&w=400&h=250&quality=90&ttype=jpg,71647,290,"[기아] 올 뉴프라이드 4도어 1.6 GDI 프레스티지",A/T,2012,"현대 경매장",KNADR413BCS091159,A/5
"[현대] 제네시스 BH 330 럭셔리",1204,12어2028,회색,휘발유,https://img-auction.autobell.co.kr/OBmZCjL58I?src=https%3A%2F%2Fauction.autobell.co.kr%2FFileUpDown%2F1100%2Fcarimg%2F2609%2FA260903150%2FA260903150_02_02.jpg%3F1790818193244&type=m&w=400&h=250&quality=90&ttype=jpg,368161,245,"[현대] 제네시스 BH 330 럭셔리",A/T,2010,"현대 경매장",KMHGB41ABAU085261,B/1
"[기아] 더 뉴기아 레이 1.0 가솔린 프레스티지",1205,329도5599,흰색,휘발유,https://img-auction.autobell.co.kr/OBmZCjL58I?src=https%3A%2F%2Fauction.autobell.co.kr%2FFileUpDown%2F1100%2Fcarimg%2F2609%2FA260903513%2FA260903513_02_02.jpg%3F1790817288048&type=m&w=400&h=250&quality=90&ttype=jpg,59098,1065,"[기아] 더 뉴기아 레이 1.0 가솔린 프레스티지",A/T,2025,"현대 경매장",KNACG811BST416136,A/4
"[현대] LF쏘나타 뉴라이즈 LPi 택시 스타일",1206,398가3167,회색,LPG,https://img-auction.autobell.co.kr/OBmZCjL58I?src=https%3A%2F%2Fauction.autobell.co.kr%2FFileUpDown%2F1100%2Fcarimg%2F2609%2FA260903516%2FA260903516_02_02.jpg%3F1790820225542&type=m&w=400&h=250&quality=90&ttype=jpg,467309,375,"[현대] LF쏘나타 뉴라이즈 LPi 택시 스타일",A/T,2020,"현대 경매장",KMHE341DBLA573526,A/3
"[제네시스] G70 2.0T 어드밴스드",1207,144다5004,회색,휘발유,https://img-auction.autobell.co.kr/OBmZCjL58I?src=https%3A%2F%2Fauction.autobell.co.kr%2FFileUpDown%2F1100%2Fcarimg%2F2609%2FA260903527%2FA260903527_02_02.jpg%3F1790816628904&type=m&w=400&h=250&quality=90&ttype=jpg,128179,1035,"[제네시스] G70 2.0T 어드밴스드",A/T,2018,"현대 경매장",KMTG241ABJU007345,A/1
"[기아] 올 뉴K7 2.4 GDi 리미티드",1208,36다7428,검정,휘발유,https://img-auction.autobell.co.kr/OBmZCjL58I?src=https%3A%2F%2Fauction.autobell.co.kr%2FFileUpDown%2F1100%2Fcarimg%2F2609%2FA260903351%2FA260903351_02_02.jpg%3F1790818436368&type=m&w=400&h=250&quality=90&ttype=jpg,53567,1115,"[기아] 올 뉴K7 2.4 GDi 리미티드",A/T,2018,"현대 경매장",KNALB415BJA124125,A/6
"[기아] 올 뉴모닝 가솔린 디럭스 트렌디",1183,14마6660,미색,휘발유,https://img-auction.autobell.co.kr/OBmZCjL58I?src=https%3A%2F%2Fauction.autobell.co.kr%2FFileUpDown%2F1100%2Fcarimg%2F2609%2FA260902659%2FA260902659_02_02.jpg%3F1790574430366&type=m&w=400&h=250&quality=90&ttype=jpg,109912,240,"[기아] 올 뉴모닝 가솔린 디럭스 트렌디",A/T,2014,"현대 경매장",KNABX511BET746682,A/3
"[현대] 쏘나타 더 브릴리언트 CVVL 어트렉션",1184,57루6709,회색,휘발유,https://img-auction.autobell.co.kr/OBmZCjL58I?src=https%3A%2F%2Fauction.autobell.co.kr%2FFileUpDown%2F1100%2Fcarimg%2F2609%2FA260903099%2FA260903099_02_02.jpg%3F1790813970058&type=m&w=400&h=250&quality=90&ttype=jpg,148730,255,"[현대] 쏘나타 더 브릴리언트 CVVL 어트렉션",A/T,2014,"현대 경매장",KMHEC41ABEA581078,A/3
"[기아] 더 뉴모닝(JA) 1.0 가솔린 프레스티지",1185,303소6555,미색,휘발유,https://img-auction.autobell.co.kr/OBmZCjL58I?src=https%3A%2F%2Fauction.autobell.co.kr%2FFileUpDown%2F1100%2Fcarimg%2F2609%2FA260903165%2FA260903165_02_02.jpg%3F1790840795733&type=m&w=400&h=250&quality=90&ttype=jpg,25319,1245,"[기아] 더 뉴모닝(JA) 1.0 가솔린 프레스티지",A/T,2024,"현대 경매장",KNAB2518BRT262623,A/6
"[현대] 그랜저HG HG 240 모던 컬렉션",1186,67너3092,검정,휘발유,https://img-auction.autobell.co.kr/OBmZCjL58I?src=https%3A%2F%2Fauction.autobell.co.kr%2FFileUpDown%2F1100%2Fcarimg%2F2609%2FA260903441%2FA260903441_02_02.jpg%3F1790756602712&type=m&w=400&h=250&quality=90&ttype=jpg,175915,385,"[현대] 그랜저HG HG 240 모던 컬렉션",A/T,2017,"현대 경매장",KMHFF41CBHA571990,A/6
"[기아] 더 뉴K5(DL3) 2.0 가솔린 프레스티지",1187,385로1168,검정,휘발유,https://img-auction.autobell.co.kr/OBmZCjL58I?src=https%3A%2F%2Fauction.autobell.co.kr%2FFileUpDown%2F1100%2Fcarimg%2F2609%2FA260902605%2FA260902605_02_02.jpg%3F1790557675489&type=m&w=400&h=250&quality=90&ttype=jpg,33526,2005,"[기아] 더 뉴K5(DL3) 2.0 가솔린 프레스티지",A/T,2024,"현대 경매장",KNAG241ABRA256353,A/5
"[현대] 그랜저IG 2.2 디젤 프리미엄",1188,240오6281,검정,경유,https://img-auction.autobell.co.kr/OBmZCjL58I?src=https%3A%2F%2Fauction.autobell.co.kr%2FFileUpDown%2F1100%2Fcarimg%2F2609%2FA260902053%2FA260902053_02_02.jpg%3F1789617755684&type=m&w=400&h=250&quality=90&ttype=jpg,110022,1000,"[현대] 그랜저IG 2.2 디젤 프리미엄",A/T,2017,"현대 경매장",KMHF141RBHA017946,A/4
"[현대] LF쏘나타 뉴라이즈 2.0 CVVL 스마트",1189,08무7785,검정,휘발유,https://img-auction.autobell.co.kr/OBmZCjL58I?src=https%3A%2F%2Fauction.autobell.co.kr%2FFileUpDown%2F1100%2Fcarimg%2F2609%2FA260901845%2FA260901845_02_02.jpg%3F1790052283551&type=m&w=400&h=250&quality=90&ttype=jpg,81179,670,"[현대] LF쏘나타 뉴라이즈 2.0 CVVL 스마트",A/T,2018,"현대 경매장",KMHE241CBJA385127,F/1
"[현대] 그랜저IG 3.0 GDi 익스클루시브",1190,332부2647,흰색,휘발유,https://img-auction.autobell.co.kr/OBmZCjL58I?src=https%3A%2F%2Fauction.autobell.co.kr%2FFileUpDown%2F1100%2Fcarimg%2F2609%2FA260901784%2FA260901784_02_02.jpg%3F1790138187704&type=m&w=400&h=250&quality=90&ttype=jpg,177965,745,"[현대] 그랜저IG 3.0 GDi 익스클루시브",A/T,2017,"현대 경매장",KMHF241EBHA006454,A/5
"[현대] LF쏘나타 2.0 CVVL 프리미엄",1191,25두5851,회색,휘발유,https://img-auction.autobell.co.kr/OBmZCjL58I?src=https%3A%2F%2Fauction.autobell.co.kr%2FFileUpDown%2F1100%2Fcarimg%2F2609%2FA260903632%2FA260903632_02_02.jpg%3F1790900544990&type=m&w=400&h=250&quality=90&ttype=jpg,221241,465,"[현대] LF쏘나타 2.0 CVVL 프리미엄",A/T,2015,"현대 경매장",KMHE341CBFA009574,A/7
"[현대] 그랜저IG 3.0 GDi 익스클루시브 스페셜",1192,36부4558,회색,휘발유,https://img-auction.autobell.co.kr/OBmZCjL58I?src=https%3A%2F%2Fauction.autobell.co.kr%2FFileUpDown%2F1100%2Fcarimg%2F2609%2FA260901863%2FA260901863_02_02.jpg%3F1790571088989&type=m&w=400&h=250&quality=90&ttype=jpg,164211,905,"[현대] 그랜저IG 3.0 GDi 익스클루시브 스페셜",A/T,2019,"현대 경매장",KMHF341EBKA249769,A/3
"[기아] 모닝 어반 1.0 가솔린 프레스티지",1193,231주9079,회색,휘발유,https://img-auction.autobell.co.kr/OBmZCjL58I?src=https%3A%2F%2Fauction.autobell.co.kr%2FFileUpDown%2F1100%2Fcarimg%2F2609%2FA260903548%2FA260903548_02_02.jpg%3F1790815704113&type=m&w=400&h=250&quality=90&ttype=jpg,49074,630,"[기아] 모닝 어반 1.0 가솔린 프레스티지",A/T,2021,"현대 경매장",KNAB6518BMT801360,C/2
"[현대] 그랜저IG 3.0 GDi 익스클루시브 스페셜",1194,64무1975,흰색,휘발유,https://img-auction.autobell.co.kr/OBmZCjL58I?src=https%3A%2F%2Fauction.autobell.co.kr%2FFileUpDown%2F1100%2Fcarimg%2F2609%2FA260901337%2FA260901337_02_02.jpg%3F1789953748322&type=m&w=400&h=250&quality=90&ttype=jpg,104630,1375,"[현대] 그랜저IG 3.0 GDi 익스클루시브 스페셜",A/T,2018,"현대 경매장",KMHF341EBJA091219,A/3
"[현대] 신형 i30 1.6 GDi 익스트림",1195,20노1448,회색,휘발유,https://img-auction.autobell.co.kr/OBmZCjL58I?src=https%3A%2F%2Fauction.autobell.co.kr%2FFileUpDown%2F1100%2Fcarimg%2F2609%2FA260903509%2FA260903509_02_02.jpg%3F1790815035716&type=m&w=400&h=250&quality=90&ttype=jpg,187077,305,"[현대] 신형 i30 1.6 GDi 익스트림",A/T,2012,"현대 경매장",KMHD351CBCU046190,A/2
"[현대] 더 뉴아반떼MD 1.6 GDi 스마트",1196,49버2066,회색,휘발유,https://img-auction.autobell.co.kr/OBmZCjL58I?src=https%3A%2F%2Fauction.autobell.co.kr%2FFileUpDown%2F1100%2Fcarimg%2F2609%2FA260902204%2FA260902204_02_02.jpg%3F1790813154073&type=m&w=400&h=250&quality=90&ttype=jpg,88240,340,"[현대] 더 뉴아반떼MD 1.6 GDi 스마트",A/T,2014,"현대 경매장",KMHDG41DBEU021450,A/3
"[제네시스] 신형 G90 3.5 터보 AWD 기본형",1197,180가9807,갈색,휘발유,https://img-auction.autobell.co.kr/OBmZCjL58I?src=https%3A%2F%2Fauction.autobell.co.kr%2FFileUpDown%2F1100%2Fcarimg%2F2609%2FA260902967%2FA260902967_02_02.jpg%3F1790815502901&type=m&w=400&h=250&quality=90&ttype=jpg,148808,4330,"[제네시스] 신형 G90 3.5 터보 AWD 기본형",A/T,2022,"현대 경매장",KMTFA41DDNU010902,A/6
"[현대] 더 뉴그랜저IG 가솔린 2.5 익스클루시브",1156,181라5508,흰색,휘발유,https://img-auction.autobell.co.kr/OBmZCjL58I?src=https%3A%2F%2Fauction.autobell.co.kr%2FFileUpDown%2F1100%2Fcarimg%2F2609%2FA260902970%2FA260902970_02_02.jpg%3F1790746419657&type=m&w=400&h=250&quality=90&ttype=jpg,111926,1540,"[현대] 더 뉴그랜저IG 가솔린 2.5 익스클루시브",A/T,2022,"현대 경매장",KMHF241DBNA474786,A/3
"[현대] 아반떼MD M16 GDi 럭셔리",1157,57소5903,흰색,휘발유,https://img-auction.autobell.co.kr/OBmZCjL58I?src=https%3A%2F%2Fauction.autobell.co.kr%2FFileUpDown%2F1100%2Fcarimg%2F2609%2FA260902997%2FA260902997_02_02.jpg%3F1790562276122&type=m&w=400&h=250&quality=90&ttype=jpg,54975,315,"[현대] 아반떼MD M16 GDi 럭셔리",A/T,2012,"현대 경매장",KMHDG41DBCU411805,A/5
"[현대] 그랜저HG HG 300 프라임",1158,35우5368,검정,휘발유,https://img-auction.autobell.co.kr/OBmZCjL58I?src=https%3A%2F%2Fauction.autobell.co.kr%2FFileUpDown%2F1100%2Fcarimg%2F2609%2FA260901213%2FA260901213_02_02.jpg%3F1790135978863&type=m&w=400&h=250&quality=90&ttype=jpg,195686,220,"[현대] 그랜저HG HG 300 프라임",A/T,2011,"현대 경매장",KMHFF41EBBA085418,A/4
"[현대] 디 올뉴그랜저 LPi 3.5 영업용 고급형",1159,133모2148,흰색,LPG,https://img-auction.autobell.co.kr/OBmZCjL58I?src=https%3A%2F%2Fauction.autobell.co.kr%2FFileUpDown%2F1100%2Fcarimg%2F2609%2FA260902165%2FA260902165_02_02.jpg%3F1790576540581&type=m&w=400&h=250&quality=90&ttype=jpg,100221,2090,"[현대] 디 올뉴그랜저 LPi 3.5 영업용 고급형",A/T,2025,"현대 경매장",KMHN341FBSA112157,A/6
"[기아] K5 2.0 CVVT 프레스티지",1160,48서5557,검정,휘발유,https://img-auction.autobell.co.kr/OBmZCjL58I?src=https%3A%2F%2Fauction.autobell.co.kr%2FFileUpDown%2F1100%2Fcarimg%2F2609%2FA260902028%2FA260902028_02_02.jpg%3F1789624764969&type=m&w=400&h=250&quality=90&ttype=jpg,129301,360,"[기아] K5 2.0 CVVT 프레스티지",A/T,2011,"현대 경매장",KNAGN411BBA147805,A/6
"[현대] 그랜저IG 하이브리드 2.4 HEV 익스클루시브 스페셜",1161,41고3273,회색,하이브리드,https://img-auction.autobell.co.kr/OBmZCjL58I?src=https%3A%2F%2Fauction.autobell.co.kr%2FFileUpDown%2F1100%2Fcarimg%2F2609%2FA260903450%2FA260903450_02_02.jpg%3F1790747646971&type=m&w=400&h=250&quality=90&ttype=jpg,311054,445,"[현대] 그랜저IG 하이브리드 2.4 HEV 익스클루시브 스페셜",A/T,2018,"현대 경매장",KMHF2413BJA020996,A/1
"[기아] 더 뉴기아 레이 1.0 가솔린 프레스티지",1162,100주5332,흰색,휘발유,https://img-auction.autobell.co.kr/OBmZCjL58I?src=https%3A%2F%2Fauction.autobell.co.kr%2FFileUpDown%2F1100%2Fcarimg%2F2609%2FA260903474%2FA260903474_02_02.jpg%3F1790732753593&type=m&w=400&h=250&quality=90&ttype=jpg,100761,960,"[기아] 더 뉴기아 레이 1.0 가솔린 프레스티지",A/T,2023,"현대 경매장",KNACG811BPT342805,A/2
"[현대] 더 뉴그랜저IG LPi 3.0 영업용 고급형",1163,324수2811,회색,LPG,https://img-auction.autobell.co.kr/OBmZCjL58I?src=https%3A%2F%2Fauction.autobell.co.kr%2FFileUpDown%2F1100%2Fcarimg%2F2609%2FA260902136%2FA260902136_02_02.jpg%3F1789605918085&type=m&w=400&h=250&quality=90&ttype=jpg,301323,850,"[현대] 더 뉴그랜저IG LPi 3.0 영업용 고급형",A/T,2020,"현대 경매장",KMHF341NBLA308380,A/3
"[현대] 그랜저 뉴 럭셔리 Q270 럭셔리",1164,22구6060,검정,휘발유,https://img-auction.autobell.co.kr/OBmZCjL58I?src=https%3A%2F%2Fauction.autobell.co.kr%2FFileUpDown%2F1100%2Fcarimg%2F2609%2FA260903221%2FA260903221_02_02.jpg%3F1790666834799&type=m&w=400&h=250&quality=90&ttype=jpg,157803,235,"[현대] 그랜저 뉴 럭셔리 Q270 럭셔리",A/T,2010,"현대 경매장",KMHFB41BBAA462229,A/3
"[현대] 아반떼(CN7) 1.6 가솔린 인스퍼레이션",1165,172허2837,흰색,휘발유,https://img-auction.autobell.co.kr/OBmZCjL58I?src=https%3A%2F%2Fauction.autobell.co.kr%2FFileUpDown%2F1100%2Fcarimg%2F2609%2FA260902385%2FA260902385_02_02.jpg%3F1789712224685&type=m&w=400&h=250&quality=90&ttype=jpg,107758,1050,"[현대] 아반떼(CN7) 1.6 가솔린 인스퍼레이션",A/T,2023,"현대 경매장",KMHLR41EEPU408615,C/1
"[르노(삼성)] 올 뉴 SM7 2.5 LE",1166,57소6795,흰색,휘발유,https://img-auction.autobell.co.kr/OBmZCjL58I?src=https%3A%2F%2Fauction.autobell.co.kr%2FFileUpDown%2F1100%2Fcarimg%2F2609%2FA260902922%2FA260902922_02_02.jpg%3F1790556967487&type=m&w=400&h=250&quality=90&ttype=jpg,91144,140,"[르노(삼성)] 올 뉴 SM7 2.5 LE",A/T,2012,"현대 경매장",KNMG4D2EMCP009427,A/2
"[쉐보레(대우)] 더 뉴스파크 프리미어",1167,178소9954,파랑,휘발유,https://img-auction.autobell.co.kr/OBmZCjL58I?src=https%3A%2F%2Fauction.autobell.co.kr%2FFileUpDown%2F1100%2Fcarimg%2F2609%2FA260901724%2FA260901724_02_02.jpg%3F1789627980546&type=m&w=400&h=250&quality=90&ttype=jpg,53902,620,"[쉐보레(대우)] 더 뉴스파크 프리미어",A/T,2021,"현대 경매장",KLYDC487DMC738017,A/4
"[현대] 디 올뉴그랜저 LPi 3.5 영업용 고급형",1168,100주5360,흰색,LPG,https://img-auction.autobell.co.kr/OBmZCjL58I?src=https%3A%2F%2Fauction.autobell.co.kr%2FFileUpDown%2F1100%2Fcarimg%2F2609%2FA260902042%2FA260902042_02_02.jpg%3F1789609866386&type=m&w=400&h=250&quality=90&ttype=jpg,36482,2430,"[현대] 디 올뉴그랜저 LPi 3.5 영업용 고급형",A/T,2024,"현대 경매장",KMHN341FBRA063281,A/8
"[기아] 레이 밴 고급형",1169,56고2629,흰색,휘발유,https://img-auction.autobell.co.kr/OBmZCjL58I?src=https%3A%2F%2Fauction.autobell.co.kr%2FFileUpDown%2F1100%2Fcarimg%2F2609%2FA260902083%2FA260902083_02_02.jpg%3F1789631965501&type=m&w=400&h=250&quality=90&ttype=jpg,202407,150,"[기아] 레이 밴 고급형",A/T,2013,"현대 경매장",KNACF911BDT063092,A/1
"[기아] 올 뉴모닝 가솔린 디럭스 트렌디",1170,13로1584,미색,휘발유,https://img-auction.autobell.co.kr/OBmZCjL58I?src=https%3A%2F%2Fauction.autobell.co.kr%2FFileUpDown%2F1100%2Fcarimg%2F2609%2FA260902245%2FA260902245_02_02.jpg%3F1789630036011&type=m&w=400&h=250&quality=90&ttype=jpg,129333,220,"[기아] 올 뉴모닝 가솔린 디럭스 트렌디",A/T,2015,"현대 경매장",KNABX511BFT948656,A/1
"[기아] 뉴모닝 LX 기본형 블랙프리미엄",1171,41무8103,빨강,휘발유,https://img-auction.autobell.co.kr/OBmZCjL58I?src=https%3A%2F%2Fauction.autobell.co.kr%2FFileUpDown%2F1100%2Fcarimg%2F2609%2FA260902776%2FA260902776_02_02.jpg%3F1790138388926&type=m&w=400&h=250&quality=90&ttype=jpg,146930,80,"[기아] 뉴모닝 LX 기본형 블랙프리미엄",A/T,2008,"현대 경매장",KNABA24438T576795,B/1
"[현대] 더 뉴그랜저IG 하이브리드 2.4 HEV 익스클루시브",1172,154저4645,검정,하이브리드,https://img-auction.autobell.co.kr/OBmZCjL58I?src=https%3A%2F%2Fauction.autobell.co.kr%2FFileUpDown%2F1100%2Fcarimg%2F2609%2FA260901631%2FA260901631_02_02.jpg%3F1789629074133&type=m&w=400&h=250&quality=90&ttype=jpg,124002,1710,"[현대] 더 뉴그랜저IG 하이브리드 2.4 HEV 익스클루시브",A/T,2020,"현대 경매장",KMHF2413BLA091511,A/6
"[현대] YF쏘나타 Y20 프라임",1173,13로5649,흰색,휘발유,https://img-auction.autobell.co.kr/OBmZCjL58I?src=https%3A%2F%2Fauction.autobell.co.kr%2FFileUpDown%2F1100%2Fcarimg%2F2609%2FA260903168%2FA260903168_02_02.jpg%3F1790665319863&type=m&w=400&h=250&quality=90&ttype=jpg,130050,235,"[현대] YF쏘나타 Y20 프라임",A/T,2012,"현대 경매장",KMHEB41BBCA357704,B/1
"[현대] 그랜저HG HG 240 모던 컬렉션",1174,04거0879,검정,휘발유,https://img-auction.autobell.co.kr/OBmZCjL58I?src=https%3A%2F%2Fauction.autobell.co.kr%2FFileUpDown%2F1100%2Fcarimg%2F2609%2FA260903184%2FA260903184_02_02.jpg%3F1790671694722&type=m&w=400&h=250&quality=90&ttype=jpg,163116,355,"[현대] 그랜저HG HG 240 모던 컬렉션",A/T,2016,"현대 경매장",KMHFF41CBGA558518,A/4
"[제네시스] G80 3.3 GDi 럭셔리",1175,170루5955,갈색,휘발유,https://img-auction.autobell.co.kr/OBmZCjL58I?src=https%3A%2F%2Fauction.autobell.co.kr%2FFileUpDown%2F1100%2Fcarimg%2F2609%2FA260902856%2FA260902856_02_02.jpg%3F1790567282428&type=m&w=400&h=250&quality=90&ttype=jpg,151433,840,"[제네시스] G80 3.3 GDi 럭셔리",A/T,2018,"현대 경매장",KMHGL41DBJU262036,A/4
"[기아] 더 뉴 K3 1.6 가솔린 프레스티지",1176,350어1013,회색,휘발유,https://img-auction.autobell.co.kr/OBmZCjL58I?src=https%3A%2F%2Fauction.autobell.co.kr%2FFileUpDown%2F1100%2Fcarimg%2F2609%2FA260902540%2FA260902540_02_02.jpg%3F1789717170675&type=m&w=400&h=250&quality=90&ttype=jpg,91179,940,"[기아] 더 뉴 K3 1.6 가솔린 프레스티지",A/T,2022,"현대 경매장",KNAF241BENA126690,B/3
"[현대] 그랜저 뉴 럭셔리 Q270 디럭스",1177,13어3537,검정,휘발유,https://img-auction.autobell.co.kr/OBmZCjL58I?src=https%3A%2F%2Fauction.autobell.co.kr%2FFileUpDown%2F1100%2Fcarimg%2F2609%2FA260903090%2FA260903090_02_02.jpg%3F1790654724086&type=m&w=400&h=250&quality=90&ttype=jpg,131083,255,"[현대] 그랜저 뉴 럭셔리 Q270 디럭스",A/T,2010,"현대 경매장",KMHFA41BBAA490075,A/3
"[기아] 더 뉴레이 1.0 가솔린 시그니처",1178,263라7782,회색,휘발유,https://img-auction.autobell.co.kr/OBmZCjL58I?src=https%3A%2F%2Fauction.autobell.co.kr%2FFileUpDown%2F1100%2Fcarimg%2F2609%2FA260903144%2FA260903144_02_02.jpg%3F1790579925909&type=m&w=400&h=250&quality=90&ttype=jpg,123600,770,"[기아] 더 뉴레이 1.0 가솔린 시그니처",A/T,2021,"현대 경매장",KNACK811BMT264303,A/4
"[기아] 레이 가솔린 터보 프레스티지",1179,28주5651,흰색,휘발유,https://img-auction.autobell.co.kr/OBmZCjL58I?src=https%3A%2F%2Fauction.autobell.co.kr%2FFileUpDown%2F1100%2Fcarimg%2F2609%2FA260902741%2FA260902741_02_02.jpg%3F1790141160020&type=m&w=400&h=250&quality=90&ttype=jpg,141725,390,"[기아] 레이 가솔린 터보 프레스티지",A/T,2015,"현대 경매장",KNACK813EFT103737,A/3
"[현대] 더 뉴 i40 살룬 1.7 VGT 유니크",1180,55서8733,검정,경유,https://img-auction.autobell.co.kr/OBmZCjL58I?src=https%3A%2F%2Fauction.autobell.co.kr%2FFileUpDown%2F1100%2Fcarimg%2F2609%2FA260901007%2FA260901007_02_02.jpg%3F1789543268563&type=m&w=400&h=250&quality=90&ttype=jpg,48767,540,"[현대] 더 뉴 i40 살룬 1.7 VGT 유니크",A/T,2016,"현대 경매장",KMHLA41UGGU072357,A/1
"[현대] LF쏘나타 2.0 CVVL 프리미엄",1181,69보4994,검정,휘발유,https://img-auction.autobell.co.kr/OBmZCjL58I?src=https%3A%2F%2Fauction.autobell.co.kr%2FFileUpDown%2F1100%2Fcarimg%2F2609%2FA260903008%2FA260903008_02_02.jpg%3F1790656733905&type=m&w=400&h=250&quality=90&ttype=jpg,243625,315,"[현대] LF쏘나타 2.0 CVVL 프리미엄",A/T,2017,"현대 경매장",KMHE341CBHA260203,F/1
"[현대] 쏘나타(DN8) 하이브리드 2.0 HEV 모던",1182,350어1029,회색,하이브리드,https://img-auction.autobell.co.kr/OBmZCjL58I?src=https%3A%2F%2Fauction.autobell.co.kr%2FFileUpDown%2F1100%2Fcarimg%2F2609%2FA260902537%2FA260902537_02_02.jpg%3F1789715866773&type=m&w=400&h=250&quality=90&ttype=jpg,119576,1290,"[현대] 쏘나타(DN8) 하이브리드 2.0 HEV 모던",A/T,2022,"현대 경매장",KMHL241JBNA050768,A/4
"[제네시스] G90 5.0 AWD 프레스티지",1130,100주5346,회색,휘발유,https://img-auction.autobell.co.kr/OBmZCjL58I?src=https%3A%2F%2Fauction.autobell.co.kr%2FFileUpDown%2F1100%2Fcarimg%2F2609%2FA260903278%2FA260903278_02_02.jpg%3F1790669242935&type=m&w=400&h=250&quality=90&ttype=jpg,129684,2280,"[제네시스] G90 5.0 AWD 프레스티지",A/T,2021,"현대 경매장",KMHG341HDMU092148,A/5
"[현대] 더 뉴 i40 1.7 VGT PYL",1131,22루0924,검정,경유,https://img-auction.autobell.co.kr/OBmZCjL58I?src=https%3A%2F%2Fauction.autobell.co.kr%2FFileUpDown%2F1100%2Fcarimg%2F2609%2FA260903451%2FA260903451_02_02.jpg%3F1790670412527&type=m&w=400&h=250&quality=90&ttype=jpg,242758,335,"[현대] 더 뉴 i40 1.7 VGT PYL",A/T,2016,"현대 경매장",KMHLB81UGGU108938,A/3
"[현대] NF쏘나타 트랜스폼 LPI 렌터카 프리미어",1132,64거3571,검정,LPG,https://img-auction.autobell.co.kr/OBmZCjL58I?src=https%3A%2F%2Fauction.autobell.co.kr%2FFileUpDown%2F1100%2Fcarimg%2F2609%2FA260902598%2FA260902598_02_02.jpg%3F1790054361934&type=m&w=400&h=250&quality=90&ttype=jpg,149176,215,"[현대] NF쏘나타 트랜스폼 LPI 렌터카 프리미어",A/T,2008,"현대 경매장",KMHEU41MP8A490592,A/3
"[현대] 아반떼AD 1.6 디젤 스마트 스페셜",1133,51라0789,회색,경유,https://img-auction.autobell.co.kr/OBmZCjL58I?src=https%3A%2F%2Fauction.autobell.co.kr%2FFileUpDown%2F1100%2Fcarimg%2F2609%2FA260901305%2FA260901305_02_02.jpg%3F1789693486903&type=m&w=400&h=250&quality=90&ttype=jpg,176548,290,"[현대] 아반떼AD 1.6 디젤 스마트 스페셜",A/T,2016,"현대 경매장",KMHD841UGGU018840,A/4
"[현대] 그랜저IG 2.4 GDi 프리미엄",1134,48노3335,회색,휘발유,https://img-auction.autobell.co.kr/OBmZCjL58I?src=https%3A%2F%2Fauction.autobell.co.kr%2FFileUpDown%2F1100%2Fcarimg%2F2609%2FA260903108%2FA260903108_02_02.jpg%3F1790656811323&type=m&w=400&h=250&quality=90&ttype=jpg,118965,970,"[현대] 그랜저IG 2.4 GDi 프리미엄",A/T,2019,"현대 경매장",KMHF141CBKA179289,A/6
"[기아] K5 2.0 CVVT 스마트",1135,47거4784,검정,휘발유,https://img-auction.autobell.co.kr/OBmZCjL58I?src=https%3A%2F%2Fauction.autobell.co.kr%2FFileUpDown%2F1100%2Fcarimg%2F2609%2FA260902809%2FA260902809_02_02.jpg%3F1790142956082&type=m&w=400&h=250&quality=90&ttype=jpg,178018,210,"[기아] K5 2.0 CVVT 스마트",A/T,2011,"현대 경매장",KNAGM411BBA139862,A/1
"[현대] 디 올뉴그랜저 가솔린 3.5 2WD 익스클루시브",1136,180하7954,검정,휘발유,https://img-auction.autobell.co.kr/OBmZCjL58I?src=https%3A%2F%2Fauction.autobell.co.kr%2FFileUpDown%2F1100%2Fcarimg%2F2609%2FA260902966%2FA260902966_02_02.jpg%3F1790747117893&type=m&w=400&h=250&quality=90&ttype=jpg,58406,2330,"[현대] 디 올뉴그랜저 가솔린 3.5 2WD 익스클루시브",A/T,2023,"현대 경매장",KMHN241EBPA042373,A/7
"[현대] 디 올뉴그랜저 하이브리드 1.6 HEV 익스클루시브",1137,329두6290,회색,하이브리드,https://img-auction.autobell.co.kr/OBmZCjL58I?src=https%3A%2F%2Fauction.autobell.co.kr%2FFileUpDown%2F1100%2Fcarimg%2F2609%2FA260902636%2FA260902636_02_02.jpg%3F1790056459959&type=m&w=400&h=250&quality=90&ttype=jpg,31304,2940,"[현대] 디 올뉴그랜저 하이브리드 1.6 HEV 익스클루시브",A/T,2023,"현대 경매장",KMHN2411BPA037070,A/5
"[쉐보레(대우)] 알페온 EL240 프리미엄",1138,50루8473,회색,휘발유,https://img-auction.autobell.co.kr/OBmZCjL58I?src=https%3A%2F%2Fauction.autobell.co.kr%2FFileUpDown%2F1100%2Fcarimg%2F2609%2FA260903138%2FA260903138_02_02.jpg%3F1790668437800&type=m&w=400&h=250&quality=90&ttype=jpg,148033,160,"[쉐보레(대우)] 알페온 EL240 프리미엄",A/T,2014,"현대 경매장",KLAPA69JDEB039220,B/1
"[현대] YF쏘나타 하이브리드 스마트",1139,20러8820,회색,하이브리드,https://img-auction.autobell.co.kr/OBmZCjL58I?src=https%3A%2F%2Fauction.autobell.co.kr%2FFileUpDown%2F1100%2Fcarimg%2F2609%2FA260901070%2FA260901070_02_02.jpg%3F1789542401716&type=m&w=400&h=250&quality=90&ttype=jpg,130911,230,"[현대] YF쏘나타 하이브리드 스마트",A/T,2014,"현대 경매장",KMHEA415BEA072105,A/1
"[기아] 올 뉴모닝 가솔린 디럭스 트렌디",1140,47나6029,미색,휘발유,https://img-auction.autobell.co.kr/OBmZCjL58I?src=https%3A%2F%2Fauction.autobell.co.kr%2FFileUpDown%2F1100%2Fcarimg%2F2609%2FA260903224%2FA260903224_02_02.jpg%3F1790671332227&type=m&w=400&h=250&quality=90&ttype=jpg,72787,310,"[기아] 올 뉴모닝 가솔린 디럭스 트렌디",A/T,2015,"현대 경매장",KNABX511BFT891042,C/1
"[현대] 디 올뉴그랜저 가솔린 3.5 2WD 익스클루시브",1141,133모2156,검정,휘발유,https://img-auction.autobell.co.kr/OBmZCjL58I?src=https%3A%2F%2Fauction.autobell.co.kr%2FFileUpDown%2F1100%2Fcarimg%2F2609%2FA260902972%2FA260902972_02_02.jpg%3F1790666299932&type=m&w=400&h=250&quality=90&ttype=jpg,41434,2380,"[현대] 디 올뉴그랜저 가솔린 3.5 2WD 익스클루시브",A/T,2023,"현대 경매장",KMHN241EBPA042569,A/4
"[기아] 올 뉴모닝(JA) 가솔린 럭셔리",1142,150러5450,미색,휘발유,https://img-auction.autobell.co.kr/OBmZCjL58I?src=https%3A%2F%2Fauction.autobell.co.kr%2FFileUpDown%2F1100%2Fcarimg%2F2609%2FA260903147%2FA260903147_02_02.jpg%3F1790660568888&type=m&w=400&h=250&quality=90&ttype=jpg,75720,675,"[기아] 올 뉴모닝(JA) 가솔린 럭셔리",A/T,2020,"현대 경매장",KNAB3511BLT678256,A/2
"[기아] 뉴모닝 LX 기본형 블랙프리미엄",1143,12조7398,회색,휘발유,https://img-auction.autobell.co.kr/OBmZCjL58I?src=https%3A%2F%2Fauction.autobell.co.kr%2FFileUpDown%2F1100%2Fcarimg%2F2609%2FA260902995%2FA260902995_02_02.jpg%3F1790561453033&type=m&w=400&h=250&quality=90&ttype=jpg,127708,120,"[기아] 뉴모닝 LX 기본형 블랙프리미엄",A/T,2010,"현대 경매장",KNABK514BAT839236,A/4
"[현대] 더 뉴그랜저IG 가솔린 2.5 프리미엄",1144,300고5524,회색,휘발유,https://img-auction.autobell.co.kr/OBmZCjL58I?src=https%3A%2F%2Fauction.autobell.co.kr%2FFileUpDown%2F1100%2Fcarimg%2F2609%2FA260901599%2FA260901599_02_02.jpg%3F1789459889014&type=m&w=400&h=250&quality=90&ttype=jpg,203594,975,"[현대] 더 뉴그랜저IG 가솔린 2.5 프리미엄",A/T,2021,"현대 경매장",KMHF141DBMA430743,C/1
"[현대] 캐스퍼 가솔린 1.0 터보 인스퍼레이션",1145,367구9418,흰색,휘발유,https://img-auction.autobell.co.kr/OBmZCjL58I?src=https%3A%2F%2Fauction.autobell.co.kr%2FFileUpDown%2F1100%2Fcarimg%2F2609%2FA260903505%2FA260903505_02_02.jpg%3F1790750263289&type=m&w=400&h=250&quality=90&ttype=jpg,64555,1345,"[현대] 캐스퍼 가솔린 1.0 터보 인스퍼레이션",A/T,2023,"현대 경매장",KMHB5516BPW037268,A/7
"[르노(삼성)] SM5 노바 디젤 1.5 D 프리미엄",1146,55두4563,흰색,경유,https://img-auction.autobell.co.kr/OBmZCjL58I?src=https%3A%2F%2Fauction.autobell.co.kr%2FFileUpDown%2F1100%2Fcarimg%2F2609%2FA260902821%2FA260902821_02_02.jpg%3F1790122631481&type=m&w=400&h=250&quality=90&ttype=jpg,120047,190,"[르노(삼성)] SM5 노바 디젤 1.5 D 프리미엄",A/T,2015,"현대 경매장",KNMA4B2LMFP008219,A/1
"[현대] 디 올뉴그랜저 하이브리드 1.6 HEV 프리미엄",1147,236저7025,파랑,하이브리드,https://img-auction.autobell.co.kr/OBmZCjL58I?src=https%3A%2F%2Fauction.autobell.co.kr%2FFileUpDown%2F1100%2Fcarimg%2F2609%2FA260903053%2FA260903053_02_02.jpg%3F1790660868168&type=m&w=400&h=250&quality=90&ttype=jpg,39269,3180,"[현대] 디 올뉴그랜저 하이브리드 1.6 HEV 프리미엄",A/T,2023,"현대 경매장",KMHN1411BPA015275,A/8
"[현대] 캐스퍼 가솔린 1.0 터보 디 에센셜",1148,263고7961,미색,휘발유,https://img-auction.autobell.co.kr/OBmZCjL58I?src=https%3A%2F%2Fauction.autobell.co.kr%2FFileUpDown%2F1100%2Fcarimg%2F2609%2FA260902964%2FA260902964_02_02.jpg%3F1790570128334&type=m&w=400&h=250&quality=90&ttype=jpg,34439,890,"[현대] 캐스퍼 가솔린 1.0 터보 디 에센셜",A/T,2024,"현대 경매장",KMHB3516BRW090072,F/1
"[기아] 올 뉴K3 1.6 가솔린 럭셔리",1149,171수8279,흰색,휘발유,https://img-auction.autobell.co.kr/OBmZCjL58I?src=https%3A%2F%2Fauction.autobell.co.kr%2FFileUpDown%2F1100%2Fcarimg%2F2609%2FA260902980%2FA260902980_02_02.jpg%3F1790570059357&type=m&w=400&h=250&quality=90&ttype=jpg,21635,955,"[기아] 올 뉴K3 1.6 가솔린 럭셔리",A/T,2020,"현대 경매장",KNAF241BELA898478,B/1
"[현대] 쏘나타(DN8) G2.0 프리미엄 패밀리",1150,311저9260,흰색,휘발유,https://img-auction.autobell.co.kr/OBmZCjL58I?src=https%3A%2F%2Fauction.autobell.co.kr%2FFileUpDown%2F1100%2Fcarimg%2F2609%2FA260903319%2FA260903319_02_02.jpg%3F1790753363669&type=m&w=400&h=250&quality=90&ttype=jpg,23493,1565,"[현대] 쏘나타(DN8) G2.0 프리미엄 패밀리",A/T,2020,"현대 경매장",KMHL141EBLA092685,A/3
"[현대] 디 올뉴그랜저 가솔린 3.5 2WD 익스클루시브",1151,133모2126,검정,휘발유,https://img-auction.autobell.co.kr/OBmZCjL58I?src=https%3A%2F%2Fauction.autobell.co.kr%2FFileUpDown%2F1100%2Fcarimg%2F2609%2FA260902969%2FA260902969_02_02.jpg%3F1790660634716&type=m&w=400&h=250&quality=90&ttype=jpg,59621,2230,"[현대] 디 올뉴그랜저 가솔린 3.5 2WD 익스클루시브",A/T,2023,"현대 경매장",KMHN241EBPA042834,A/3
"[현대] 아반떼AD 1.6 GDi 밸류 플러스",1152,39마8031,검정,휘발유,https://img-auction.autobell.co.kr/OBmZCjL58I?src=https%3A%2F%2Fauction.autobell.co.kr%2FFileUpDown%2F1100%2Fcarimg%2F2609%2FA260903160%2FA260903160_02_02.jpg%3F1790658091990&type=m&w=400&h=250&quality=90&ttype=jpg,103917,725,"[현대] 아반떼AD 1.6 GDi 밸류 플러스",A/T,2018,"현대 경매장",KMHD641DBJU469977,A/4
"[현대] 쏘나타(DN8) L2.0 렌터카 스마트",1153,140루3416,파랑,LPG,https://img-auction.autobell.co.kr/OBmZCjL58I?src=https%3A%2F%2Fauction.autobell.co.kr%2FFileUpDown%2F1100%2Fcarimg%2F2609%2FA260903183%2FA260903183_02_02.jpg%3F1790746683393&type=m&w=400&h=250&quality=90&ttype=jpg,143172,1040,"[현대] 쏘나타(DN8) L2.0 렌터카 스마트",A/T,2020,"현대 경매장",KMHL341DBLA048042,A/1
"[현대] 더 뉴아반떼AD 1.6 가솔린 스마트",1154,102구9555,흰색,휘발유,https://img-auction.autobell.co.kr/OBmZCjL58I?src=https%3A%2F%2Fauction.autobell.co.kr%2FFileUpDown%2F1100%2Fcarimg%2F2609%2FA260902097%2FA260902097_02_02.jpg%3F1790038134196&type=m&w=400&h=250&quality=90&ttype=jpg,90114,795,"[현대] 더 뉴아반떼AD 1.6 가솔린 스마트",A/T,2020,"현대 경매장",KMHD741EELU040316,C/1
"[기아] 올 뉴모닝 가솔린 럭셔리",1155,55더6619,회색,휘발유,https://img-auction.autobell.co.kr/OBmZCjL58I?src=https%3A%2F%2Fauction.autobell.co.kr%2FFileUpDown%2F1100%2Fcarimg%2F2609%2FA260902562%2FA260902562_02_02.jpg%3F1790039033714&type=m&w=400&h=250&quality=90&ttype=jpg,128084,340,"[기아] 올 뉴모닝 가솔린 럭셔리",A/T,2015,"현대 경매장",KNABZ511BFT985741,A/4
"[현대] YF쏘나타 하이브리드 프리미어",1104,56구8465,흰색,하이브리드,https://img-auction.autobell.co.kr/OBmZCjL58I?src=https%3A%2F%2Fauction.autobell.co.kr%2FFileUpDown%2F1100%2Fcarimg%2F2609%2FA260902953%2FA260902953_02_02.jpg%3F1790656358880&type=m&w=400&h=250&quality=90&ttype=jpg,179399,185,"[현대] YF쏘나타 하이브리드 프리미어",A/T,2012,"현대 경매장",KMHEB415BCA021200,B/1
"[현대] 신형 i30 1.6 VGT PYL",1105,17마0704,흰색,경유,https://img-auction.autobell.co.kr/OBmZCjL58I?src=https%3A%2F%2Fauction.autobell.co.kr%2FFileUpDown%2F1100%2Fcarimg%2F2609%2FA260902958%2FA260902958_02_02.jpg%3F1790658285217&type=m&w=400&h=250&quality=90&ttype=jpg,277109,320,"[현대] 신형 i30 1.6 VGT PYL",A/T,2014,"현대 경매장",KMHD251UBEU122691,A/5
"[현대] YF쏘나타 Y20 탑",1106,32누9383,흰색,휘발유,https://img-auction.autobell.co.kr/OBmZCjL58I?src=https%3A%2F%2Fauction.autobell.co.kr%2FFileUpDown%2F1100%2Fcarimg%2F2609%2FA260902006%2FA260902006_02_02.jpg%3F1789617131967&type=m&w=400&h=250&quality=90&ttype=jpg,128786,300,"[현대] YF쏘나타 Y20 탑",A/T,2011,"현대 경매장",KMHEC41BBBA213489,A/3
"[현대] 디 올뉴그랜저 하이브리드 1.6 HEV 캘리그래피",1107,154더3363,흰색,하이브리드,https://img-auction.autobell.co.kr/OBmZCjL58I?src=https%3A%2F%2Fauction.autobell.co.kr%2FFileUpDown%2F1100%2Fcarimg%2F2609%2FA260902442%2FA260902442_02_02.jpg%3F1790037135886&type=m&w=400&h=250&quality=90&ttype=jpg,82687,3200,"[현대] 디 올뉴그랜저 하이브리드 1.6 HEV 캘리그래피",A/T,2024,"현대 경매장",KMHN3411BRA063503,A/7
"[쉐보레(대우)] 스파크 가솔린 스페셜 에디션 시티팝",1108,11누9779,검정,휘발유,https://img-auction.autobell.co.kr/OBmZCjL58I?src=https%3A%2F%2Fauction.autobell.co.kr%2FFileUpDown%2F1100%2Fcarimg%2F2609%2FA260902788%2FA260902788_02_02.jpg%3F1790579179758&type=m&w=400&h=250&quality=90&ttype=jpg,143646,170,"[쉐보레(대우)] 스파크 가솔린 스페셜 에디션 시티팝",A/T,2015,"현대 경매장",KLYMC48VDFC790625,A/5
"[르노(삼성)] 뉴 SM3 1.6 XE",1109,68서3743,흰색,휘발유,https://img-auction.autobell.co.kr/OBmZCjL58I?src=https%3A%2F%2Fauction.autobell.co.kr%2FFileUpDown%2F1100%2Fcarimg%2F2609%2FA260903023%2FA260903023_02_02.jpg%3F1790656659203&type=m&w=400&h=250&quality=90&ttype=jpg,97692,140,"[르노(삼성)] 뉴 SM3 1.6 XE",A/T,2014,"현대 경매장",KNMC4C2HMEP145968,A/3
"[기아] 올 뉴모닝(JA) 가솔린 럭셔리",1110,328보8297,흰색,휘발유,https://img-auction.autobell.co.kr/OBmZCjL58I?src=https%3A%2F%2Fauction.autobell.co.kr%2FFileUpDown%2F1100%2Fcarimg%2F2609%2FA260900235%2FA260900235_02_02.jpg%3F1789458826952&type=m&w=400&h=250&quality=90&ttype=jpg,77902,675,"[기아] 올 뉴모닝(JA) 가솔린 럭셔리",A/T,2020,"현대 경매장",KNAB3511BLT592946,A/2
"[기아] 포르테 1.6 CVVT Si",1111,22더8024,흰색,휘발유,https://img-auction.autobell.co.kr/OBmZCjL58I?src=https%3A%2F%2Fauction.autobell.co.kr%2FFileUpDown%2F1100%2Fcarimg%2F2609%2FA260903388%2FA260903388_02_02.jpg%3F1790756373602&type=m&w=400&h=250&quality=90&ttype=jpg,136933,235,"[기아] 포르테 1.6 CVVT Si",A/T,2010,"현대 경매장",KNAFU411BAA092960,A/1
"[기아] 신형 K5 하이브리드(DL3) 2.0 HEV 시그니처",1112,231머3191,파랑,하이브리드,https://img-auction.autobell.co.kr/OBmZCjL58I?src=https%3A%2F%2Fauction.autobell.co.kr%2FFileUpDown%2F1100%2Fcarimg%2F2609%2FA260902285%2FA260902285_02_02.jpg%3F1789711160872&type=m&w=400&h=250&quality=90&ttype=jpg,87662,1715,"[기아] 신형 K5 하이브리드(DL3) 2.0 HEV 시그니처",A/T,2020,"현대 경매장",KNAG541JBLA001758,A/5
"[현대] 아반떼MD M16 GDi 럭셔리",1113,30로9623,흰색,휘발유,https://img-auction.autobell.co.kr/OBmZCjL58I?src=https%3A%2F%2Fauction.autobell.co.kr%2FFileUpDown%2F1100%2Fcarimg%2F2609%2FA260903273%2FA260903273_02_02.jpg%3F1790756442588&type=m&w=400&h=250&quality=90&ttype=jpg,168749,220,"[현대] 아반떼MD M16 GDi 럭셔리",A/T,2012,"현대 경매장",KMHDG41DBCU620254,B/1
"[르노(삼성)] SM6 2.0 GDe LE",1114,11러3299,회색,휘발유,https://img-auction.autobell.co.kr/OBmZCjL58I?src=https%3A%2F%2Fauction.autobell.co.kr%2FFileUpDown%2F1100%2Fcarimg%2F2609%2FA260901066%2FA260901066_02_02.jpg%3F1789974021283&type=m&w=400&h=250&quality=90&ttype=jpg,130320,370,"[르노(삼성)] SM6 2.0 GDe LE",A/T,2019,"현대 경매장",KNMA4C2BMKP066358,A/4
"[기아] 신형 K5(DL3) 2.0 LPI 렌터카 스탠다드",1115,119가5357,회색,LPG,https://img-auction.autobell.co.kr/OBmZCjL58I?src=https%3A%2F%2Fauction.autobell.co.kr%2FFileUpDown%2F1100%2Fcarimg%2F2609%2FA260903052%2FA260903052_02_02.jpg%3F1790554827488&type=m&w=400&h=250&quality=90&ttype=jpg,116418,1350,"[기아] 신형 K5(DL3) 2.0 LPI 렌터카 스탠다드",A/T,2023,"현대 경매장",KNAG541BBPA214760,A/2
"[현대] 쏘나타 더 브릴리언트 LPi 렌터카 스마트",1116,17수1194,회색,LPG,https://img-auction.autobell.co.kr/OBmZCjL58I?src=https%3A%2F%2Fauction.autobell.co.kr%2FFileUpDown%2F1100%2Fcarimg%2F2609%2FA260902564%2FA260902564_02_02.jpg%3F1790055287622&type=m&w=400&h=250&quality=90&ttype=jpg,89869,265,"[현대] 쏘나타 더 브릴리언트 LPi 렌터카 스마트",A/T,2014,"현대 경매장",KMHEC41LBEA629086,A/3
"[현대] 그랜저HG HG 240 럭셔리",1117,32무3054,검정,휘발유,https://img-auction.autobell.co.kr/OBmZCjL58I?src=https%3A%2F%2Fauction.autobell.co.kr%2FFileUpDown%2F1100%2Fcarimg%2F2609%2FA260902012%2FA260902012_02_02.jpg%3F1789620648671&type=m&w=400&h=250&quality=90&ttype=jpg,215254,190,"[현대] 그랜저HG HG 240 럭셔리",A/T,2012,"현대 경매장",KMHFF41CBCA205111,A/4
"[현대] LF쏘나타 뉴라이즈 2.0 CVVL 모던",1118,01부2724,검정,휘발유,https://img-auction.autobell.co.kr/OBmZCjL58I?src=https%3A%2F%2Fauction.autobell.co.kr%2FFileUpDown%2F1100%2Fcarimg%2F2609%2FA260901625%2FA260901625_02_02.jpg%3F1790667020596&type=m&w=400&h=250&quality=90&ttype=jpg,133948,715,"[현대] LF쏘나타 뉴라이즈 2.0 CVVL 모던",A/T,2018,"현대 경매장",KMHE341CBJA395646,C/1
"[기아] K8 하이브리드 HEV 노블레스",1119,144도8014,회색,하이브리드,https://img-auction.autobell.co.kr/OBmZCjL58I?src=https%3A%2F%2Fauction.autobell.co.kr%2FFileUpDown%2F1100%2Fcarimg%2F2609%2FA260902974%2FA260902974_02_02.jpg%3F1790667910777&type=m&w=400&h=250&quality=90&ttype=jpg,94957,1680,"[기아] K8 하이브리드 HEV 노블레스",A/T,2022,"현대 경매장",KNAM2411BNA015214,C/1
"[현대] 더 뉴아반떼MD 1.6 GDi 모던",1120,67나6419,흰색,휘발유,https://img-auction.autobell.co.kr/OBmZCjL58I?src=https%3A%2F%2Fauction.autobell.co.kr%2FFileUpDown%2F1100%2Fcarimg%2F2609%2FA260902872%2FA260902872_02_02.jpg%3F1790566818469&type=m&w=400&h=250&quality=90&ttype=jpg,158967,385,"[현대] 더 뉴아반떼MD 1.6 GDi 모던",A/T,2015,"현대 경매장",KMHDG41DBFU465095,A/2
"[기아] 더 K9(RJ) 3.8 GDI AWD 플래티넘Ⅲ",1121,151주7556,검정,휘발유,https://img-auction.autobell.co.kr/OBmZCjL58I?src=https%3A%2F%2Fauction.autobell.co.kr%2FFileUpDown%2F1100%2Fcarimg%2F2609%2FA260903122%2FA260903122_02_02.jpg%3F1790660419257&type=m&w=400&h=250&quality=90&ttype=jpg,102764,1930,"[기아] 더 K9(RJ) 3.8 GDI AWD 플래티넘Ⅲ",A/T,2019,"현대 경매장",KNAS3418DKS000473,A/2
"[현대] 아반떼(CN7) 1.6 터보 N라인 스포츠",1122,251구2102,파랑,휘발유,https://img-auction.autobell.co.kr/OBmZCjL58I?src=https%3A%2F%2Fauction.autobell.co.kr%2FFileUpDown%2F1100%2Fcarimg%2F2609%2FA260903169%2FA260903169_02_02.jpg%3F1790657514274&type=m&w=400&h=250&quality=90&ttype=jpg,125907,1055,"[현대] 아반떼(CN7) 1.6 터보 N라인 스포츠",A/T,2021,"현대 경매장",KMHLT41FGMU103914,A/3
"[현대] 그랜저IG 3.0 GDi 익스클루시브",1123,07나6711,검정,휘발유,https://img-auction.autobell.co.kr/OBmZCjL58I?src=https%3A%2F%2Fauction.autobell.co.kr%2FFileUpDown%2F1100%2Fcarimg%2F2609%2FA260902765%2FA260902765_02_02.jpg%3F1790051396890&type=m&w=400&h=250&quality=90&ttype=jpg,160793,745,"[현대] 그랜저IG 3.0 GDi 익스클루시브",A/T,2018,"현대 경매장",KMHF241EBJA152574,B/3
"[기아] 더 뉴레이 밴 프레스티지",1124,374거1094,흰색,휘발유,https://img-auction.autobell.co.kr/OBmZCjL58I?src=https%3A%2F%2Fauction.autobell.co.kr%2FFileUpDown%2F1100%2Fcarimg%2F2609%2FA260902968%2FA260902968_02_02.jpg%3F1790745340953&type=m&w=400&h=250&quality=90&ttype=jpg,31530,650,"[기아] 더 뉴레이 밴 프레스티지",A/T,2022,"현대 경매장",KNACF911BNT312062,A/5
"[현대] 더 뉴아반떼MD 1.6 GDi 스마트",1125,23루7199,흰색,휘발유,https://img-auction.autobell.co.kr/OBmZCjL58I?src=https%3A%2F%2Fauction.autobell.co.kr%2FFileUpDown%2F1100%2Fcarimg%2F2609%2FA260903098%2FA260903098_02_02.jpg%3F1790669193931&type=m&w=400&h=250&quality=90&ttype=jpg,231432,265,"[현대] 더 뉴아반떼MD 1.6 GDi 스마트",A/T,2014,"현대 경매장",KMHDG41DBEU026698,A/1
"[현대] 그랜저IG 3.0 GDi 익스클루시브 스페셜",1126,28조5059,회색,휘발유,https://img-auction.autobell.co.kr/OBmZCjL58I?src=https%3A%2F%2Fauction.autobell.co.kr%2FFileUpDown%2F1100%2Fcarimg%2F2609%2FA260901059%2FA260901059_02_02.jpg%3F1789003101919&type=m&w=400&h=250&quality=90&ttype=jpg,100118,950,"[현대] 그랜저IG 3.0 GDi 익스클루시브 스페셜",A/T,2018,"현대 경매장",KMHF341EBJA128855,A/5
"[현대] 더 뉴그랜저IG 가솔린 2.5 캘리그래피",1127,332가2461,흰색,휘발유,https://img-auction.autobell.co.kr/OBmZCjL58I?src=https%3A%2F%2Fauction.autobell.co.kr%2FFileUpDown%2F1100%2Fcarimg%2F2609%2FA260901542%2FA260901542_02_02.jpg%3F1789455240524&type=m&w=400&h=250&quality=90&ttype=jpg,172095,1465,"[현대] 더 뉴그랜저IG 가솔린 2.5 캘리그래피",A/T,2020,"현대 경매장",KMHF341DBLA371657,A/3
"[기아] 더 뉴 K3 1.6 가솔린 트렌디",1128,374거1016,흰색,휘발유,https://img-auction.autobell.co.kr/OBmZCjL58I?src=https%3A%2F%2Fauction.autobell.co.kr%2FFileUpDown%2F1100%2Fcarimg%2F2609%2FA260903477%2FA260903477_02_02.jpg%3F1790732894764&type=m&w=400&h=250&quality=90&ttype=jpg,100965,815,"[기아] 더 뉴 K3 1.6 가솔린 트렌디",A/T,2023,"현대 경매장",KNAF141BEPA958461,D/1
"[현대] 아슬란 G300 모던",1129,53고3769,검정,휘발유,https://img-auction.autobell.co.kr/OBmZCjL58I?src=https%3A%2F%2Fauction.autobell.co.kr%2FFileUpDown%2F1100%2Fcarimg%2F2608%2FA260803153%2FA260803153_02_02.jpg%3F1788182666290&type=m&w=400&h=250&quality=90&ttype=jpg,168184,450,"[현대] 아슬란 G300 모던",A/T,2015,"현대 경매장",KMHFM411BFA006733,A/5
"[기아] 더 뉴 K3 1.6 가솔린 프레스티지",1078,350어1056,검정,휘발유,https://img-auction.autobell.co.kr/OBmZCjL58I?src=https%3A%2F%2Fauction.autobell.co.kr%2FFileUpDown%2F1100%2Fcarimg%2F2609%2FA260902538%2FA260902538_02_02.jpg%3F1789715614081&type=m&w=400&h=250&quality=90&ttype=jpg,64810,1280,"[기아] 더 뉴 K3 1.6 가솔린 프레스티지",A/T,2022,"현대 경매장",KNAF241BENA927489,A/3
"[현대] 그랜저IG 3.0 GDi 익스클루시브 스페셜",1079,53러5869,회색,휘발유,https://img-auction.autobell.co.kr/OBmZCjL58I?src=https%3A%2F%2Fauction.autobell.co.kr%2FFileUpDown%2F1100%2Fcarimg%2F2609%2FA260902554%2FA260902554_02_02.jpg%3F1790134673072&type=m&w=400&h=250&quality=90&ttype=jpg,241591,500,"[현대] 그랜저IG 3.0 GDi 익스클루시브 스페셜",A/T,2018,"현대 경매장",KMHF341EBJA107183,C/2
"[현대] 아반떼(CN7) 1.6 가솔린 모던",1080,153하7191,흰색,휘발유,https://img-auction.autobell.co.kr/OBmZCjL58I?src=https%3A%2F%2Fauction.autobell.co.kr%2FFileUpDown%2F1100%2Fcarimg%2F2609%2FA260902296%2FA260902296_02_02.jpg%3F1789951017288&type=m&w=400&h=250&quality=90&ttype=jpg,86653,990,"[현대] 아반떼(CN7) 1.6 가솔린 모던",A/T,2021,"현대 경매장",KMHLM41EEMU056704,D/1
"[현대] 아이오닉 6 롱레인지 2WD 익스클루시브 플러스",1081,27어8769,흰색,전기,https://img-auction.autobell.co.kr/OBmZCjL58I?src=https%3A%2F%2Fauction.autobell.co.kr%2FFileUpDown%2F1100%2Fcarimg%2F2609%2FA260903430%2FA260903430_02_02.jpg%3F1790743358996&type=m&w=400&h=250&quality=90&ttype=jpg,190962,1970,"[현대] 아이오닉 6 롱레인지 2WD 익스클루시브 플러스",A/T,2023,"현대 경매장",KMHM341AFPA007318,A/4
"[기아] 더 뉴기아 레이 1.0 가솔린 프레스티지",1082,148머1978,흰색,휘발유,https://img-auction.autobell.co.kr/OBmZCjL58I?src=https%3A%2F%2Fauction.autobell.co.kr%2FFileUpDown%2F1100%2Fcarimg%2F2609%2FA260902929%2FA260902929_02_02.jpg%3F1790147009318&type=m&w=400&h=250&quality=90&ttype=jpg,125766,960,"[기아] 더 뉴기아 레이 1.0 가솔린 프레스티지",A/T,2023,"현대 경매장",KNACG811BPT324354,A/2
"[현대] LF쏘나타 LPi 장애인 스마트",1083,55다8497,검정,LPG,https://img-auction.autobell.co.kr/OBmZCjL58I?src=https%3A%2F%2Fauction.autobell.co.kr%2FFileUpDown%2F1100%2Fcarimg%2F2609%2FA260901777%2FA260901777_02_02.jpg%3F1790052582690&type=m&w=400&h=250&quality=90&ttype=jpg,278915,320,"[현대] LF쏘나타 LPi 장애인 스마트",A/T,2015,"현대 경매장",KMHE341DBFA025683,A/1
"[현대] 아반떼HD 1.6 VVT E16 디럭스",1084,12라6557,회색,휘발유,https://img-auction.autobell.co.kr/OBmZCjL58I?src=https%3A%2F%2Fauction.autobell.co.kr%2FFileUpDown%2F1100%2Fcarimg%2F2609%2FA260903316%2FA260903316_02_02.jpg%3F1790746514444&type=m&w=400&h=250&quality=90&ttype=jpg,117446,225,"[현대] 아반떼HD 1.6 VVT E16 디럭스",A/T,2009,"현대 경매장",KMHDT41BP9U679770,A/1
"[제네시스] EQ900 3.3 터보 AWD 프리미엄 럭셔리",1085,181구8008,검정,휘발유,https://img-auction.autobell.co.kr/OBmZCjL58I?src=https%3A%2F%2Fauction.autobell.co.kr%2FFileUpDown%2F1100%2Fcarimg%2F2609%2FA260903454%2FA260903454_02_02.jpg%3F1790753634497&type=m&w=400&h=250&quality=90&ttype=jpg,190618,1320,"[제네시스] EQ900 3.3 터보 AWD 프리미엄 럭셔리",A/T,2018,"현대 경매장",KMHG241ADJU046289,A/5
"[르노(삼성)] SM6 2.0 LPe 일반인 LE",1086,309러9286,회색,LPG,https://img-auction.autobell.co.kr/OBmZCjL58I?src=https%3A%2F%2Fauction.autobell.co.kr%2FFileUpDown%2F1100%2Fcarimg%2F2609%2FA260901180%2FA260901180_02_02.jpg%3F1789110577630&type=m&w=400&h=250&quality=90&ttype=jpg,115894,550,"[르노(삼성)] SM6 2.0 LPe 일반인 LE",A/T,2020,"현대 경매장",KNMA4C2CMLP033200,A/5
"[쉐보레(대우)] 더 뉴말리부 1.6 디젤 LT 프리미엄",1087,185주8473,회색,경유,https://img-auction.autobell.co.kr/OBmZCjL58I?src=https%3A%2F%2Fauction.autobell.co.kr%2FFileUpDown%2F1100%2Fcarimg%2F2609%2FA260902859%2FA260902859_02_02.jpg%3F1790657434337&type=m&w=400&h=250&quality=90&ttype=jpg,145673,470,"[쉐보레(대우)] 더 뉴말리부 1.6 디젤 LT 프리미엄",A/T,2019,"현대 경매장",KLAZA69CDKB120080,A/2
"[기아] 더 뉴모닝 가솔린 디럭스",1088,60나0874,미색,휘발유,https://img-auction.autobell.co.kr/OBmZCjL58I?src=https%3A%2F%2Fauction.autobell.co.kr%2FFileUpDown%2F1100%2Fcarimg%2F2609%2FA260902634%2FA260902634_02_02.jpg%3F1790138536577&type=m&w=400&h=250&quality=90&ttype=jpg,57089,415,"[기아] 더 뉴모닝 가솔린 디럭스",A/T,2016,"현대 경매장",KNABE511BGT127530,A/6
"[제네시스] G80 3.3 GDi AWD 프리미엄 럭셔리",1089,63주0288,검정,휘발유,https://img-auction.autobell.co.kr/OBmZCjL58I?src=https%3A%2F%2Fauction.autobell.co.kr%2FFileUpDown%2F1100%2Fcarimg%2F2609%2FA260902758%2FA260902758_02_02.jpg%3F1790042582642&type=m&w=400&h=250&quality=90&ttype=jpg,181514,650,"[제네시스] G80 3.3 GDi AWD 프리미엄 럭셔리",A/T,2017,"현대 경매장",KMHGM41DDHU193566,B/1
"[기아] 올 뉴모닝 가솔린 디럭스 스페셜",1090,56가8626,회색,휘발유,https://img-auction.autobell.co.kr/OBmZCjL58I?src=https%3A%2F%2Fauction.autobell.co.kr%2FFileUpDown%2F1100%2Fcarimg%2F2609%2FA260902137%2FA260902137_02_02.jpg%3F1790146227645&type=m&w=400&h=250&quality=90&ttype=jpg,133635,210,"[기아] 올 뉴모닝 가솔린 디럭스 스페셜",A/T,2012,"현대 경매장",KNABX511BCT152809,A/1
"[현대] 그랜저IG 2.4 GDi 프리미엄",1091,348마8940,검정,휘발유,https://img-auction.autobell.co.kr/OBmZCjL58I?src=https%3A%2F%2Fauction.autobell.co.kr%2FFileUpDown%2F1100%2Fcarimg%2F2608%2FA260803715%2FA260803715_02_02.jpg%3F1789349885904&type=m&w=400&h=250&quality=90&ttype=jpg,168651,725,"[현대] 그랜저IG 2.4 GDi 프리미엄",A/T,2018,"현대 경매장",KMHF141CBJA149757,A/3
"[현대] 쏘나타(DN8) 하이브리드 2.0 HEV 프리미엄 패밀리",1092,350어1076,흰색,하이브리드,https://img-auction.autobell.co.kr/OBmZCjL58I?src=https%3A%2F%2Fauction.autobell.co.kr%2FFileUpDown%2F1100%2Fcarimg%2F2609%2FA260902539%2FA260902539_02_02.jpg%3F1789720648060&type=m&w=400&h=250&quality=90&ttype=jpg,107286,1310,"[현대] 쏘나타(DN8) 하이브리드 2.0 HEV 프리미엄 패밀리",A/T,2021,"현대 경매장",KMHL241JBMA029256,B/4
"[제네시스] G70 2.0T 스포츠 패키지",1093,43다6208,파랑,휘발유,https://img-auction.autobell.co.kr/OBmZCjL58I?src=https%3A%2F%2Fauction.autobell.co.kr%2FFileUpDown%2F1100%2Fcarimg%2F2609%2FA260901821%2FA260901821_02_02.jpg%3F1789608963193&type=m&w=400&h=250&quality=90&ttype=jpg,83753,1465,"[제네시스] G70 2.0T 스포츠 패키지",A/T,2019,"현대 경매장",KMTG341ABKU045730,A/5
"[현대] 아반떼AD 1.6 GDi 밸류 플러스",1094,52루0264,흰색,휘발유,https://img-auction.autobell.co.kr/OBmZCjL58I?src=https%3A%2F%2Fauction.autobell.co.kr%2FFileUpDown%2F1100%2Fcarimg%2F2609%2FA260902421%2FA260902421_02_02.jpg%3F1789956445510&type=m&w=400&h=250&quality=90&ttype=jpg,90198,660,"[현대] 아반떼AD 1.6 GDi 밸류 플러스",A/T,2017,"현대 경매장",KMHD641DBHU305553,A/1
"[기아] 올 뉴모닝(JA) 가솔린 럭셔리",1095,53러2328,미색,휘발유,https://img-auction.autobell.co.kr/OBmZCjL58I?src=https%3A%2F%2Fauction.autobell.co.kr%2FFileUpDown%2F1100%2Fcarimg%2F2609%2FA260903162%2FA260903162_02_02.jpg%3F1790654068802&type=m&w=400&h=250&quality=90&ttype=jpg,125354,500,"[기아] 올 뉴모닝(JA) 가솔린 럭셔리",A/T,2017,"현대 경매장",KNAB3511BHT002179,A/3
"[현대] 아반떼MD M16 GDi 모던",1096,32저3579,회색,휘발유,https://img-auction.autobell.co.kr/OBmZCjL58I?src=https%3A%2F%2Fauction.autobell.co.kr%2FFileUpDown%2F1100%2Fcarimg%2F2609%2FA260903216%2FA260903216_02_02.jpg%3F1790658842423&type=m&w=400&h=250&quality=90&ttype=jpg,200399,285,"[현대] 아반떼MD M16 GDi 모던",A/T,2014,"현대 경매장",KMHDH41DBEU870670,A/3
"[기아] 신형 K5(DL3) 2.0 가솔린 시그니처",1097,397로4040,검정,휘발유,https://img-auction.autobell.co.kr/OBmZCjL58I?src=https%3A%2F%2Fauction.autobell.co.kr%2FFileUpDown%2F1100%2Fcarimg%2F2609%2FA260903000%2FA260903000_02_02.jpg%3F1790568859212&type=m&w=400&h=250&quality=90&ttype=jpg,31152,1680,"[기아] 신형 K5(DL3) 2.0 가솔린 시그니처",A/T,2023,"현대 경매장",KNAG541ABPA242289,C/1
"[기아] 신형 K5(DL3) 2.0 가솔린 시그니처",1098,177거4937,검정,휘발유,https://img-auction.autobell.co.kr/OBmZCjL58I?src=https%3A%2F%2Fauction.autobell.co.kr%2FFileUpDown%2F1100%2Fcarimg%2F2609%2FA260903308%2FA260903308_02_02.jpg%3F1790664593752&type=m&w=400&h=250&quality=90&ttype=jpg,23063,2545,"[기아] 신형 K5(DL3) 2.0 가솔린 시그니처",A/T,2023,"현대 경매장",KNAG541ABPA237172,A/7
"[현대] 그랜저IG 2.4 GDi 프리미엄",1099,245로4256,검정,휘발유,https://img-auction.autobell.co.kr/OBmZCjL58I?src=https%3A%2F%2Fauction.autobell.co.kr%2FFileUpDown%2F1100%2Fcarimg%2F2609%2FA260902930%2FA260902930_02_02.jpg%3F1790135507577&type=m&w=400&h=250&quality=90&ttype=jpg,41122,1420,"[현대] 그랜저IG 2.4 GDi 프리미엄",A/T,2019,"현대 경매장",KMHF141CBKA248126,A/5
"[기아] 더 뉴K5 LPI 렌터카 디럭스",1100,113조3641,흰색,LPG,https://img-auction.autobell.co.kr/OBmZCjL58I?src=https%3A%2F%2Fauction.autobell.co.kr%2FFileUpDown%2F1100%2Fcarimg%2F2609%2FA260902976%2FA260902976_02_02.jpg%3F1790660673166&type=m&w=400&h=250&quality=90&ttype=jpg,249647,220,"[기아] 더 뉴K5 LPI 렌터카 디럭스",A/T,2015,"현대 경매장",KNAGN418BFA540702,A/1
"[쉐보레(대우)] 스파크 가솔린 L",1101,55더7183,회색,휘발유,https://img-auction.autobell.co.kr/OBmZCjL58I?src=https%3A%2F%2Fauction.autobell.co.kr%2FFileUpDown%2F1100%2Fcarimg%2F2609%2FA260903412%2FA260903412_02_02.jpg%3F1790754478346&type=m&w=400&h=250&quality=90&ttype=jpg,121720,110,"[쉐보레(대우)] 스파크 가솔린 L",A/T,2015,"현대 경매장",KLYMC48VDFC799848,A/1
"[현대] 아반떼HD 1.6 VVT S16 럭셔리",1102,35소3820,회색,휘발유,https://img-auction.autobell.co.kr/OBmZCjL58I?src=https%3A%2F%2Fauction.autobell.co.kr%2FFileUpDown%2F1100%2Fcarimg%2F2609%2FA260903208%2FA260903208_02_02.jpg%3F1790671120788&type=m&w=400&h=250&quality=90&ttype=jpg,137521,235,"[현대] 아반떼HD 1.6 VVT S16 럭셔리",A/T,2008,"현대 경매장",KMHDU41BP8U529363,A/2
"[기아] K3 1.6 GDI 노블레스",1103,28두5339,흰색,휘발유,https://img-auction.autobell.co.kr/OBmZCjL58I?src=https%3A%2F%2Fauction.autobell.co.kr%2FFileUpDown%2F1100%2Fcarimg%2F2609%2FA260903317%2FA260903317_02_02.jpg%3F1790746346762&type=m&w=400&h=250&quality=90&ttype=jpg,199503,275,"[기아] K3 1.6 GDI 노블레스",A/T,2013,"현대 경매장",KNAFZ412BDA005568,A/4
"[현대] 그랜저IG 2.4 GDi 프리미엄",1051,372모9559,검정,휘발유,https://img-auction.autobell.co.kr/OBmZCjL58I?src=https%3A%2F%2Fauction.autobell.co.kr%2FFileUpDown%2F5100%2Fcarimg%2F2609%2FD260902124%2FD260902124_02_02.jpg%3F1790145187198&type=m&w=400&h=250&quality=90&ttype=jpg,126274,935,"[현대] 그랜저IG 2.4 GDi 프리미엄",A/T,2018,"현대 경매장",KMHF141CBJA094457,A/2
"[현대] 제네시스DH G330 AWD 모던",1052,150수3263,검정,휘발유,https://img-auction.autobell.co.kr/OBmZCjL58I?src=https%3A%2F%2Fauction.autobell.co.kr%2FFileUpDown%2F5100%2Fcarimg%2F2609%2FD260902274%2FD260902274_02_02.jpg%3F1790145264953&type=m&w=400&h=250&quality=90&ttype=jpg,246988,420,"[현대] 제네시스DH G330 AWD 모던",A/T,2016,"현대 경매장",KMHGL41DDGU116683,B/3
"[기아] 모닝 LX 고급형",1053,60다9045,회색,휘발유,https://img-auction.autobell.co.kr/OBmZCjL58I?src=https%3A%2F%2Fauction.autobell.co.kr%2FFileUpDown%2F5100%2Fcarimg%2F2609%2FD260901386%2FD260901386_02_02.jpg%3F1789610235753&type=m&w=400&h=250&quality=90&ttype=jpg,105930,80,"[기아] 모닝 LX 고급형",A/T,2008,"현대 경매장",KNABA24438T516678,A/2
"[현대] 제네시스DH G380 AWD 파이니스트 에디션",1054,11수0990,자주,휘발유,https://img-auction.autobell.co.kr/OBmZCjL58I?src=https%3A%2F%2Fauction.autobell.co.kr%2FFileUpDown%2F5100%2Fcarimg%2F2609%2FD260900473%2FD260900473_02_02.jpg%3F1789003981654&type=m&w=400&h=250&quality=90&ttype=jpg,170746,690,"[현대] 제네시스DH G380 AWD 파이니스트 에디션",A/T,2016,"현대 경매장",KMHGR41EDGU114184,A/4
"[현대] 아반떼MD M16 GDi 스마트",1055,12라2638,회색,휘발유,https://img-auction.autobell.co.kr/OBmZCjL58I?src=https%3A%2F%2Fauction.autobell.co.kr%2FFileUpDown%2F5100%2Fcarimg%2F2609%2FD260901272%2FD260901272_02_02.jpg%3F1789635782921&type=m&w=400&h=250&quality=90&ttype=jpg,136344,270,"[현대] 아반떼MD M16 GDi 스마트",A/T,2013,"현대 경매장",KMHDG41DBDU733399,A/4
"[기아] 올 뉴모닝 가솔린 럭셔리",1056,47누7563,검정,휘발유,https://img-auction.autobell.co.kr/OBmZCjL58I?src=https%3A%2F%2Fauction.autobell.co.kr%2FFileUpDown%2F5100%2Fcarimg%2F2609%2FD260900638%2FD260900638_02_02.jpg%3F1788853980008&type=m&w=400&h=250&quality=90&ttype=jpg,108102,220,"[기아] 올 뉴모닝 가솔린 럭셔리",A/T,2012,"현대 경매장",KNABZ511BCT155341,A/1
"[현대] 그랜저IG 2.4 GDi 프리미엄",1057,348루4114,회색,휘발유,https://img-auction.autobell.co.kr/OBmZCjL58I?src=https%3A%2F%2Fauction.autobell.co.kr%2FFileUpDown%2F5100%2Fcarimg%2F2609%2FD260901618%2FD260901618_02_02.jpg%3F1789635411479&type=m&w=400&h=250&quality=90&ttype=jpg,169662,750,"[현대] 그랜저IG 2.4 GDi 프리미엄",A/T,2018,"현대 경매장",KMHF141CBJA090015,A/4
"[현대] 아반떼MD M16 GDi 럭셔리",1058,54두3016,흰색,휘발유,https://img-auction.autobell.co.kr/OBmZCjL58I?src=https%3A%2F%2Fauction.autobell.co.kr%2FFileUpDown%2F5100%2Fcarimg%2F2609%2FD260902366%2FD260902366_02_02.jpg%3F1790555370488&type=m&w=400&h=250&quality=90&ttype=jpg,137272,230,"[현대] 아반떼MD M16 GDi 럭셔리",A/T,2012,"현대 경매장",KMHDG41DBCU526783,D/1
"[기아] 더 뉴레이 1.0 가솔린 프레스티지",1059,272버8735,검정,휘발유,https://img-auction.autobell.co.kr/OBmZCjL58I?src=https%3A%2F%2Fauction.autobell.co.kr%2FFileUpDown%2F5100%2Fcarimg%2F2609%2FD260901270%2FD260901270_02_02.jpg%3F1789635726126&type=m&w=400&h=250&quality=90&ttype=jpg,73238,860,"[기아] 더 뉴레이 1.0 가솔린 프레스티지",A/T,2021,"현대 경매장",KNACJ811BMT242518,A/4
"[현대] 아반떼MD M16 GDi 탑",1060,29저9195,흰색,휘발유,https://img-auction.autobell.co.kr/OBmZCjL58I?src=https%3A%2F%2Fauction.autobell.co.kr%2FFileUpDown%2F5100%2Fcarimg%2F2609%2FD260902367%2FD260902367_02_02.jpg%3F1790559917845&type=m&w=400&h=250&quality=90&ttype=jpg,104277,240,"[현대] 아반떼MD M16 GDi 탑",A/T,2011,"현대 경매장",KMHDH41DBBU024048,B/1
"[현대] LF쏘나타 2.0 CVVL 스마트",1061,65오7504,검정,휘발유,https://img-auction.autobell.co.kr/OBmZCjL58I?src=https%3A%2F%2Fauction.autobell.co.kr%2FFileUpDown%2F5100%2Fcarimg%2F2609%2FD260902131%2FD260902131_02_02.jpg%3F1790146582511&type=m&w=400&h=250&quality=90&ttype=jpg,185736,395,"[현대] LF쏘나타 2.0 CVVL 스마트",A/T,2015,"현대 경매장",KMHE341CBFA019755,A/3
"[기아] 더 뉴레이 1.0 가솔린 프레스티지",1062,18모4108,검정,휘발유,https://img-auction.autobell.co.kr/OBmZCjL58I?src=https%3A%2F%2Fauction.autobell.co.kr%2FFileUpDown%2F5100%2Fcarimg%2F2609%2FD260900952%2FD260900952_02_02.jpg%3F1789024874610&type=m&w=400&h=250&quality=90&ttype=jpg,80868,790,"[기아] 더 뉴레이 1.0 가솔린 프레스티지",A/T,2018,"현대 경매장",KNACK811BJT190628,A/1
"[기아] 올 뉴모닝 가솔린 럭셔리",1063,55마1835,회색,휘발유,https://img-auction.autobell.co.kr/OBmZCjL58I?src=https%3A%2F%2Fauction.autobell.co.kr%2FFileUpDown%2F5100%2Fcarimg%2F2609%2FD260901204%2FD260901204_02_02.jpg%3F1789635911886&type=m&w=400&h=250&quality=90&ttype=jpg,58045,350,"[기아] 올 뉴모닝 가솔린 럭셔리",A/T,2014,"현대 경매장",KNABZ511BET732091,A/5
"[현대] 아반떼AD 1.6 GDi 밸류 플러스",1064,139러9458,회색,휘발유,https://img-auction.autobell.co.kr/OBmZCjL58I?src=https%3A%2F%2Fauction.autobell.co.kr%2FFileUpDown%2F5100%2Fcarimg%2F2609%2FD260902794%2FD260902794_02_02.jpg%3F1790907197766&type=m&w=400&h=250&quality=90&ttype=jpg,111553,575,"[현대] 아반떼AD 1.6 GDi 밸류 플러스",A/T,2017,"현대 경매장",KMHD641DBHU348353,A/3
"[기아] K7 프레스티지 LPI 렌터카 프레스티지",1065,14버1668,검정,LPG,https://img-auction.autobell.co.kr/OBmZCjL58I?src=https%3A%2F%2Fauction.autobell.co.kr%2FFileUpDown%2F1100%2Fcarimg%2F2610%2FA261000250%2FA261000250_02_02.jpg%3F1790923517392&type=m&w=400&h=250&quality=90&ttype=jpg,327963,140,"[기아] K7 프레스티지 LPI 렌터카 프레스티지",A/T,2012,"현대 경매장",KNALM418BCA082329,A/2
"[기아] 올 뉴모닝 가솔린 디럭스 스페셜",1066,12다1198,미색,휘발유,https://img-auction.autobell.co.kr/OBmZCjL58I?src=https%3A%2F%2Fauction.autobell.co.kr%2FFileUpDown%2F1100%2Fcarimg%2F2609%2FA260902140%2FA260902140_02_02.jpg%3F1789697776326&type=m&w=400&h=250&quality=90&ttype=jpg,105677,200,"[기아] 올 뉴모닝 가솔린 디럭스 스페셜",A/T,2012,"현대 경매장",KNABX511BCT092074,A/1
"[기아] 레이 가솔린 럭셔리",1067,330어6326,흰색,휘발유,https://img-auction.autobell.co.kr/OBmZCjL58I?src=https%3A%2F%2Fauction.autobell.co.kr%2FFileUpDown%2F1100%2Fcarimg%2F2609%2FA260902879%2FA260902879_02_02.jpg%3F1790062013319&type=m&w=400&h=250&quality=90&ttype=jpg,124196,450,"[기아] 레이 가솔린 럭셔리",A/T,2016,"현대 경매장",KNACJ811BGT142868,A/1
"[기아] 신형 K5 2.0 LPI 렌터카 프레스티지 MX",1068,05저5256,회색,LPG,https://img-auction.autobell.co.kr/OBmZCjL58I?src=https%3A%2F%2Fauction.autobell.co.kr%2FFileUpDown%2F1100%2Fcarimg%2F2609%2FA260901820%2FA260901820_02_02.jpg%3F1790750314136&type=m&w=400&h=250&quality=90&ttype=jpg,100789,740,"[기아] 신형 K5 2.0 LPI 렌터카 프레스티지 MX",A/T,2018,"현대 경매장",KNAGT416BJA210345,A/5
"[기아] 올 뉴모닝 가솔린 럭셔리",1069,28우7522,미색,휘발유,https://img-auction.autobell.co.kr/OBmZCjL58I?src=https%3A%2F%2Fauction.autobell.co.kr%2FFileUpDown%2F1100%2Fcarimg%2F2609%2FA260902436%2FA260902436_02_02.jpg%3F1789963625733&type=m&w=400&h=250&quality=90&ttype=jpg,118952,340,"[기아] 올 뉴모닝 가솔린 럭셔리",A/T,2015,"현대 경매장",KNABZ511BFT861793,A/2
"[기아] 포르테 쿱 1.6 GDI 프레스티지",1070,12가4549,흰색,휘발유,https://img-auction.autobell.co.kr/OBmZCjL58I?src=https%3A%2F%2Fauction.autobell.co.kr%2FFileUpDown%2F1100%2Fcarimg%2F2609%2FA260901750%2FA260901750_02_02.jpg%3F1789720210168&type=m&w=400&h=250&quality=90&ttype=jpg,165229,180,"[기아] 포르테 쿱 1.6 GDI 프레스티지",A/T,2011,"현대 경매장",KNAFU615BBA386079,A/1
"[기아] 올 뉴K3 1.6 가솔린 럭셔리",1071,46도3693,흰색,휘발유,https://img-auction.autobell.co.kr/OBmZCjL58I?src=https%3A%2F%2Fauction.autobell.co.kr%2FFileUpDown%2F1100%2Fcarimg%2F2609%2FA260903026%2FA260903026_02_02.jpg%3F1790555758654&type=m&w=400&h=250&quality=90&ttype=jpg,99020,745,"[기아] 올 뉴K3 1.6 가솔린 럭셔리",A/T,2019,"현대 경매장",KNAF241BEKA862077,A/4
"[현대] 쏘나타 더 브릴리언트 CVVL 스마트",1072,50도3464,회색,휘발유,https://img-auction.autobell.co.kr/OBmZCjL58I?src=https%3A%2F%2Fauction.autobell.co.kr%2FFileUpDown%2F1100%2Fcarimg%2F2609%2FA260902988%2FA260902988_02_02.jpg%3F1790667859437&type=m&w=400&h=250&quality=90&ttype=jpg,184686,185,"[현대] 쏘나타 더 브릴리언트 CVVL 스마트",A/T,2014,"현대 경매장",KMHEC41ABEA606021,B/1
"[기아] K7 프리미어 2.5 GDi X에디션",1073,137너4531,회색,휘발유,https://img-auction.autobell.co.kr/OBmZCjL58I?src=https%3A%2F%2Fauction.autobell.co.kr%2FFileUpDown%2F1100%2Fcarimg%2F2609%2FA260902586%2FA260902586_02_02.jpg%3F1790060918625&type=m&w=400&h=250&quality=90&ttype=jpg,159853,1205,"[기아] K7 프리미어 2.5 GDi X에디션",A/T,2020,"현대 경매장",KNALC41BBLA217636,A/7
"[기아] 올 뉴모닝 가솔린 럭셔리",1074,61저9363,미색,휘발유,https://img-auction.autobell.co.kr/OBmZCjL58I?src=https%3A%2F%2Fauction.autobell.co.kr%2FFileUpDown%2F1100%2Fcarimg%2F2609%2FA260902076%2FA260902076_02_02.jpg%3F1789718880060&type=m&w=400&h=250&quality=90&ttype=jpg,100402,200,"[기아] 올 뉴모닝 가솔린 럭셔리",A/T,2012,"현대 경매장",KNABZ511BCT133808,F/1
"[현대] 더 뉴그랜저IG 가솔린 2.5 프리미엄",1075,254서5068,검정,휘발유,https://img-auction.autobell.co.kr/OBmZCjL58I?src=https%3A%2F%2Fauction.autobell.co.kr%2FFileUpDown%2F1100%2Fcarimg%2F2609%2FA260902971%2FA260902971_02_02.jpg%3F1790658747206&type=m&w=400&h=250&quality=90&ttype=jpg,102935,1300,"[현대] 더 뉴그랜저IG 가솔린 2.5 프리미엄",A/T,2022,"현대 경매장",KMHF141DBNA466775,A/5
"[쉐보레(대우)] 더 뉴말리부 2.0 가솔린 퍼펙트 블랙",1076,158모2490,검정,휘발유,https://img-auction.autobell.co.kr/OBmZCjL58I?src=https%3A%2F%2Fauction.autobell.co.kr%2FFileUpDown%2F1100%2Fcarimg%2F2609%2FA260902251%2FA260902251_02_02.jpg%3F1789703401957&type=m&w=400&h=250&quality=90&ttype=jpg,169238,545,"[쉐보레(대우)] 더 뉴말리부 2.0 가솔린 퍼펙트 블랙",A/T,2019,"현대 경매장",KLAZA69XDKB119167,A/3
"[현대] 쏘나타 더 브릴리언트 CVVL 스마트",1077,12수3504,회색,휘발유,https://img-auction.autobell.co.kr/OBmZCjL58I?src=https%3A%2F%2Fauction.autobell.co.kr%2FFileUpDown%2F1100%2Fcarimg%2F2609%2FA260902986%2FA260902986_02_02.jpg%3F1790568593557&type=m&w=400&h=250&quality=90&ttype=jpg,91770,220,"[현대] 쏘나타 더 브릴리언트 CVVL 스마트",A/T,2013,"현대 경매장",KMHEC41ABDA507296,A/3
"[현대] 아반떼MD M16 GDi 프리미어",1024,14수5699,흰색,휘발유,https://img-auction.autobell.co.kr/OBmZCjL58I?src=https%3A%2F%2Fauction.autobell.co.kr%2FFileUpDown%2F5100%2Fcarimg%2F2609%2FD260902916%2FD260902916_02_02.jpg%3F1790841142882&type=m&w=400&h=250&quality=90&ttype=jpg,199740,265,"[현대] 아반떼MD M16 GDi 프리미어",A/T,2011,"현대 경매장",KMHDH41DBBU110805,B/1
"[쉐보레(대우)] 더 뉴스파크 LT",1025,240너1247,회색,휘발유,https://img-auction.autobell.co.kr/OBmZCjL58I?src=https%3A%2F%2Fauction.autobell.co.kr%2FFileUpDown%2F5100%2Fcarimg%2F2609%2FD260902918%2FD260902918_02_02.jpg%3F1790840746561&type=m&w=400&h=250&quality=90&ttype=jpg,53333,410,"[쉐보레(대우)] 더 뉴스파크 LT",A/T,2019,"현대 경매장",KLYDC487DKC200307,B/5
"[현대] 아반떼MD M16 GDi 탑",1026,15거7383,흰색,휘발유,https://img-auction.autobell.co.kr/OBmZCjL58I?src=https%3A%2F%2Fauction.autobell.co.kr%2FFileUpDown%2F5100%2Fcarimg%2F2609%2FD260902920%2FD260902920_02_02.jpg%3F1790833180603&type=m&w=400&h=250&quality=90&ttype=jpg,164348,290,"[현대] 아반떼MD M16 GDi 탑",A/T,2012,"현대 경매장",KMHDH41DBCU303525,B/3
"[현대] 아슬란 G300 모던",1027,261더8849,검정,휘발유,https://img-auction.autobell.co.kr/OBmZCjL58I?src=https%3A%2F%2Fauction.autobell.co.kr%2FFileUpDown%2F5100%2Fcarimg%2F2610%2FD261000018%2FD261000018_02_02.jpg%3F1790838338338&type=m&w=400&h=250&quality=90&ttype=jpg,200494,330,"[현대] 아슬란 G300 모던",A/T,2017,"현대 경매장",KMHFL411BHA012887,A/5
"[기아] 레이 가솔린 프레스티지",1028,69도9447,파랑,휘발유,https://img-auction.autobell.co.kr/OBmZCjL58I?src=https%3A%2F%2Fauction.autobell.co.kr%2FFileUpDown%2F5100%2Fcarimg%2F2610%2FD261000019%2FD261000019_02_02.jpg%3F1790838182938&type=m&w=400&h=250&quality=90&ttype=jpg,114746,395,"[기아] 레이 가솔린 프레스티지",A/T,2012,"현대 경매장",KNACK811BCT007015,A/3
"[현대] YF쏘나타 LPI 렌터카 탑",1029,68버1234,회색,LPG,https://img-auction.autobell.co.kr/OBmZCjL58I?src=https%3A%2F%2Fauction.autobell.co.kr%2FFileUpDown%2F5100%2Fcarimg%2F2610%2FD261000020%2FD261000020_02_02.jpg%3F1790840708332&type=m&w=400&h=250&quality=90&ttype=jpg,196150,210,"[현대] YF쏘나타 LPI 렌터카 탑",A/T,2010,"현대 경매장",KMHEC41MBAA082474,A/3
"[기아] 올 뉴모닝 가솔린 디럭스 스페셜",1030,16두5962,회색,휘발유,https://img-auction.autobell.co.kr/OBmZCjL58I?src=https%3A%2F%2Fauction.autobell.co.kr%2FFileUpDown%2F5100%2Fcarimg%2F2610%2FD261000021%2FD261000021_02_02.jpg%3F1790913874944&type=m&w=400&h=250&quality=90&ttype=jpg,120004,190,"[기아] 올 뉴모닝 가솔린 디럭스 스페셜",A/T,2012,"현대 경매장",KNABX511BCT049566,A/3
"[기아] K7 LPI 렌터카 프레스티지",1031,59누2434,검정,LPG,https://img-auction.autobell.co.kr/OBmZCjL58I?src=https%3A%2F%2Fauction.autobell.co.kr%2FFileUpDown%2F5100%2Fcarimg%2F2610%2FD261000024%2FD261000024_02_02.jpg%3F1790829506771&type=m&w=400&h=250&quality=90&ttype=jpg,246807,205,"[기아] K7 LPI 렌터카 프레스티지",A/T,2011,"현대 경매장",KNALN413BBA042049,A/4
"[기아] 올 뉴모닝 가솔린 럭셔리",1032,55라3132,검정,휘발유,https://img-auction.autobell.co.kr/OBmZCjL58I?src=https%3A%2F%2Fauction.autobell.co.kr%2FFileUpDown%2F5100%2Fcarimg%2F2610%2FD261000025%2FD261000025_02_02.jpg%3F1790842710011&type=m&w=400&h=250&quality=90&ttype=jpg,105597,240,"[기아] 올 뉴모닝 가솔린 럭셔리",A/T,2012,"현대 경매장",KNABZ511BCT033221,A/1
"[기아] K5 LPI 렌터카 스마트",1033,40너1202,검정,LPG,https://img-auction.autobell.co.kr/OBmZCjL58I?src=https%3A%2F%2Fauction.autobell.co.kr%2FFileUpDown%2F5100%2Fcarimg%2F2610%2FD261000026%2FD261000026_02_02.jpg%3F1790839272301&type=m&w=400&h=250&quality=90&ttype=jpg,210805,180,"[기아] K5 LPI 렌터카 스마트",A/T,2011,"현대 경매장",KNAGN415BBA106358,A/5
"[기아] 올 뉴모닝 가솔린 럭셔리",1034,61모1545,미색,휘발유,https://img-auction.autobell.co.kr/OBmZCjL58I?src=https%3A%2F%2Fauction.autobell.co.kr%2FFileUpDown%2F5100%2Fcarimg%2F2609%2FD260900643%2FD260900643_02_02.jpg%3F1788854016011&type=m&w=400&h=250&quality=90&ttype=jpg,139470,210,"[기아] 올 뉴모닝 가솔린 럭셔리",A/T,2014,"현대 경매장",KNABZ511BET738139,A/1
"[기아] K5 2.4 GDI 노블레스",1035,50로7189,검정,휘발유,https://img-auction.autobell.co.kr/OBmZCjL58I?src=https%3A%2F%2Fauction.autobell.co.kr%2FFileUpDown%2F5100%2Fcarimg%2F2609%2FD260901753%2FD260901753_02_02.jpg%3F1789694798987&type=m&w=400&h=250&quality=90&ttype=jpg,88364,370,"[기아] K5 2.4 GDI 노블레스",A/T,2011,"현대 경매장",KNAGN417BBA146959,A/3
"[기아] 올 뉴모닝 가솔린 디럭스",1036,23주4830,회색,휘발유,https://img-auction.autobell.co.kr/OBmZCjL58I?src=https%3A%2F%2Fauction.autobell.co.kr%2FFileUpDown%2F5100%2Fcarimg%2F2609%2FD260902132%2FD260902132_02_02.jpg%3F1790141790636&type=m&w=400&h=250&quality=90&ttype=jpg,83687,240,"[기아] 올 뉴모닝 가솔린 디럭스",A/T,2015,"현대 경매장",KNABX511BFT886775,A/4
"[기아] 레이 가솔린 럭셔리",1037,284라4518,흰색,휘발유,https://img-auction.autobell.co.kr/OBmZCjL58I?src=https%3A%2F%2Fauction.autobell.co.kr%2FFileUpDown%2F5100%2Fcarimg%2F2609%2FD260902247%2FD260902247_02_02.jpg%3F1790147624496&type=m&w=400&h=250&quality=90&ttype=jpg,186940,305,"[기아] 레이 가솔린 럭셔리",A/T,2016,"현대 경매장",KNACJ811BGT136890,A/1
"[기아] 더 뉴모닝 가솔린 럭셔리",1038,41거0345,미색,휘발유,https://img-auction.autobell.co.kr/OBmZCjL58I?src=https%3A%2F%2Fauction.autobell.co.kr%2FFileUpDown%2F5100%2Fcarimg%2F2609%2FD260902272%2FD260902272_02_02.jpg%3F1790147542783&type=m&w=400&h=250&quality=90&ttype=jpg,99214,405,"[기아] 더 뉴모닝 가솔린 럭셔리",A/T,2016,"현대 경매장",KNABX511BGT384277,A/1
"[현대] LF쏘나타 2.0 CVVL 스마트",1039,24가6531,흰색,휘발유,https://img-auction.autobell.co.kr/OBmZCjL58I?src=https%3A%2F%2Fauction.autobell.co.kr%2FFileUpDown%2F5100%2Fcarimg%2F2609%2FD260902276%2FD260902276_02_02.jpg%3F1790142193942&type=m&w=400&h=250&quality=90&ttype=jpg,95740,520,"[현대] LF쏘나타 2.0 CVVL 스마트",A/T,2015,"현대 경매장",KMHE341CBFA056573,B/2
"[기아] 올 뉴모닝 바이퓨얼 디럭스",1040,18루4080,회색,겸용,https://img-auction.autobell.co.kr/OBmZCjL58I?src=https%3A%2F%2Fauction.autobell.co.kr%2FFileUpDown%2F5100%2Fcarimg%2F2609%2FD260900182%2FD260900182_02_02.jpg%3F1788480340858&type=m&w=400&h=250&quality=90&ttype=jpg,199944,130,"[기아] 올 뉴모닝 바이퓨얼 디럭스",A/T,2012,"현대 경매장",KNABX515BCT194434,A/3
"[현대] 아반떼MD M16 GDi 럭셔리",1041,12주7807,흰색,휘발유,https://img-auction.autobell.co.kr/OBmZCjL58I?src=https%3A%2F%2Fauction.autobell.co.kr%2FFileUpDown%2F5100%2Fcarimg%2F2609%2FD260901622%2FD260901622_02_02.jpg%3F1789635509738&type=m&w=400&h=250&quality=90&ttype=jpg,109220,270,"[현대] 아반떼MD M16 GDi 럭셔리",A/T,2012,"현대 경매장",KMHDG41DBCU299917,B/1
"[기아] K7 프리미어 3.0 LPi 일반인 노블레스",1042,200모4054,검정,LPG,https://img-auction.autobell.co.kr/OBmZCjL58I?src=https%3A%2F%2Fauction.autobell.co.kr%2FFileUpDown%2F5100%2Fcarimg%2F2609%2FD260901885%2FD260901885_02_02.jpg%3F1789948723995&type=m&w=400&h=250&quality=90&ttype=jpg,196125,1265,"[기아] K7 프리미어 3.0 LPi 일반인 노블레스",A/T,2020,"현대 경매장",KNALD418BLA176968,A/3
"[쉐보레(대우)] 크루즈 4도어 1.8 LT+ 레더팩",1043,42보8498,회색,휘발유,https://img-auction.autobell.co.kr/OBmZCjL58I?src=https%3A%2F%2Fauction.autobell.co.kr%2FFileUpDown%2F5100%2Fcarimg%2F2609%2FD260901883%2FD260901883_02_02.jpg%3F1789950968451&type=m&w=400&h=250&quality=90&ttype=jpg,140022,100,"[쉐보레(대우)] 크루즈 4도어 1.8 LT+ 레더팩",A/T,2014,"현대 경매장",KLAJA69SDEK577875,A/2
"[현대] 아반떼AD 1.6 GDi 밸류 플러스",1044,09러5592,흰색,휘발유,https://img-auction.autobell.co.kr/OBmZCjL58I?src=https%3A%2F%2Fauction.autobell.co.kr%2FFileUpDown%2F5100%2Fcarimg%2F2609%2FD260902126%2FD260902126_02_02.jpg%3F1790146285717&type=m&w=400&h=250&quality=90&ttype=jpg,100667,710,"[현대] 아반떼AD 1.6 GDi 밸류 플러스",A/T,2018,"현대 경매장",KMHD641DBJU470921,A/3
"[현대] 그랜저IG 2.4 GDi 모던",1045,389도9548,검정,휘발유,https://img-auction.autobell.co.kr/OBmZCjL58I?src=https%3A%2F%2Fauction.autobell.co.kr%2FFileUpDown%2F5100%2Fcarimg%2F2609%2FD260902244%2FD260902244_02_02.jpg%3F1790146878575&type=m&w=400&h=250&quality=90&ttype=jpg,174532,690,"[현대] 그랜저IG 2.4 GDi 모던",A/T,2019,"현대 경매장",KMHF141CBKA176741,A/4
"[현대] 아반떼AD 1.6 GDi 모던 스페셜",1046,35거0191,흰색,휘발유,https://img-auction.autobell.co.kr/OBmZCjL58I?src=https%3A%2F%2Fauction.autobell.co.kr%2FFileUpDown%2F5100%2Fcarimg%2F2609%2FD260901765%2FD260901765_02_02.jpg%3F1789689337194&type=m&w=400&h=250&quality=90&ttype=jpg,145933,490,"[현대] 아반떼AD 1.6 GDi 모던 스페셜",A/T,2016,"현대 경매장",KMHD841DBGU021822,A/3
"[현대] 그랜저HG HG 240 모던",1047,43모6301,검정,휘발유,https://img-auction.autobell.co.kr/OBmZCjL58I?src=https%3A%2F%2Fauction.autobell.co.kr%2FFileUpDown%2F5100%2Fcarimg%2F2609%2FD260901274%2FD260901274_02_02.jpg%3F1789635808623&type=m&w=400&h=250&quality=90&ttype=jpg,182115,210,"[현대] 그랜저HG HG 240 모던",A/T,2013,"현대 경매장",KMHFF41CBDA252352,A/7
"[현대] LF쏘나타 뉴라이즈 LPi 택시 스타일",1048,141도9796,회색,LPG,https://img-auction.autobell.co.kr/OBmZCjL58I?src=https%3A%2F%2Fauction.autobell.co.kr%2FFileUpDown%2F5100%2Fcarimg%2F2609%2FD260900754%2FD260900754_02_02.jpg%3F1789003971986&type=m&w=400&h=250&quality=90&ttype=jpg,187049,680,"[현대] LF쏘나타 뉴라이즈 LPi 택시 스타일",A/T,2020,"현대 경매장",KMHE341DBLA580116,A/6
"[현대] 아이오닉 하이브리드 N",1049,32도0187,흰색,하이브리드,https://img-auction.autobell.co.kr/OBmZCjL58I?src=https%3A%2F%2Fauction.autobell.co.kr%2FFileUpDown%2F5100%2Fcarimg%2F2609%2FD260900639%2FD260900639_02_02.jpg%3F1788853987661&type=m&w=400&h=250&quality=90&ttype=jpg,170469,520,"[현대] 아이오닉 하이브리드 N",A/T,2016,"현대 경매장",KMHC851CGGU002948,A/1
"[르노(삼성)] 뉴 SM5 플래티넘 LPLi 택시 고급형",1050,65로2085,회색,LPG,https://img-auction.autobell.co.kr/OBmZCjL58I?src=https%3A%2F%2Fauction.autobell.co.kr%2FFileUpDown%2F5100%2Fcarimg%2F2609%2FD260900616%2FD260900616_02_02.jpg%3F1789004018714&type=m&w=400&h=250&quality=90&ttype=jpg,164843,110,"[르노(삼성)] 뉴 SM5 플래티넘 LPLi 택시 고급형",A/T,2014,"현대 경매장",KNMA4C2CMEP051847,A/3
"[쉐보레(대우)] 더 넥스트 스파크 에코 LTZ",1001,32보0294,파랑,휘발유,https://img-auction.autobell.co.kr/OBmZCjL58I?src=https%3A%2F%2Fauction.autobell.co.kr%2FFileUpDown%2F5100%2Fcarimg%2F2609%2FD260902246%2FD260902246_02_02.jpg%3F1790915424023&type=m&w=400&h=250&quality=90&ttype=jpg,118173,260,"[쉐보레(대우)] 더 넥스트 스파크 에코 LTZ",A/T,2016,"현대 경매장",KLYDC487DGC041534,A/6
"[기아] K5 하이브리드 럭셔리",1002,27나9280,회색,하이브리드,https://img-auction.autobell.co.kr/OBmZCjL58I?src=https%3A%2F%2Fauction.autobell.co.kr%2FFileUpDown%2F5100%2Fcarimg%2F2610%2FD261000081%2FD261000081_02_02.jpg%3F1790833348157&type=m&w=400&h=250&quality=90&ttype=jpg,79115,275,"[기아] K5 하이브리드 럭셔리",A/T,2013,"현대 경매장",KNAGN41CBDA030975,A/5
"[기아] 레이 가솔린 럭셔리",1003,62도2742,파랑,휘발유,https://img-auction.autobell.co.kr/OBmZCjL58I?src=https%3A%2F%2Fauction.autobell.co.kr%2FFileUpDown%2F5100%2Fcarimg%2F2610%2FD261000082%2FD261000082_02_02.jpg%3F1790912462513&type=m&w=400&h=250&quality=90&ttype=jpg,101455,410,"[기아] 레이 가솔린 럭셔리",A/T,2014,"현대 경매장",KNACJ811BET072762,A/3
"[르노(삼성)] SM3 네오 SE",1004,60우0900,흰색,휘발유,https://img-auction.autobell.co.kr/OBmZCjL58I?src=https%3A%2F%2Fauction.autobell.co.kr%2FFileUpDown%2F5100%2Fcarimg%2F2610%2FD261000085%2FD261000085_02_02.jpg%3F1790915670847&type=m&w=400&h=250&quality=90&ttype=jpg,144889,150,"[르노(삼성)] SM3 네오 SE",A/T,2016,"현대 경매장",KNMC4C2HMGP190433,A/5
"[기아] 레이 가솔린 디럭스",1005,57고4152,흰색,휘발유,https://img-auction.autobell.co.kr/OBmZCjL58I?src=https%3A%2F%2Fauction.autobell.co.kr%2FFileUpDown%2F5100%2Fcarimg%2F2610%2FD261000092%2FD261000092_02_02.jpg%3F1790906214646&type=m&w=400&h=250&quality=90&ttype=jpg,124672,275,"[기아] 레이 가솔린 디럭스",A/T,2014,"현대 경매장",KNACG811BET085335,C/2
"[기아] 올 뉴모닝 가솔린 디럭스",1006,18도8753,미색,휘발유,https://img-auction.autobell.co.kr/OBmZCjL58I?src=https%3A%2F%2Fauction.autobell.co.kr%2FFileUpDown%2F5100%2Fcarimg%2F2610%2FD261000093%2FD261000093_02_02.jpg%3F1790907352541&type=m&w=400&h=250&quality=90&ttype=jpg,46221,280,"[기아] 올 뉴모닝 가솔린 디럭스",A/T,2014,"현대 경매장",KNABX511BET661390,A/5
"[기아] 레이 밴 고급형",1007,29부6547,회색,휘발유,https://img-auction.autobell.co.kr/OBmZCjL58I?src=https%3A%2F%2Fauction.autobell.co.kr%2FFileUpDown%2F5100%2Fcarimg%2F2610%2FD261000095%2FD261000095_02_02.jpg%3F1790905988672&type=m&w=400&h=250&quality=90&ttype=jpg,126751,200,"[기아] 레이 밴 고급형",A/T,2014,"현대 경매장",KNACF911BET078645,A/1
"[현대] 쏘나타(DN8) G2.0 프리미엄",1008,34보4183,회색,휘발유,https://img-auction.autobell.co.kr/OBmZCjL58I?src=https%3A%2F%2Fauction.autobell.co.kr%2FFileUpDown%2F5100%2Fcarimg%2F2609%2FD260902691%2FD260902691_02_02.jpg%3F1790831522191&type=m&w=400&h=250&quality=90&ttype=jpg,102075,1040,"[현대] 쏘나타(DN8) G2.0 프리미엄",A/T,2020,"현대 경매장",KMHL141EBLA033781,A/5
"[기아] 올 뉴모닝 가솔린 럭셔리",1009,45너7091,빨강,휘발유,https://img-auction.autobell.co.kr/OBmZCjL58I?src=https%3A%2F%2Fauction.autobell.co.kr%2FFileUpDown%2F5100%2Fcarimg%2F2610%2FD261000094%2FD261000094_02_02.jpg%3F1790914420562&type=m&w=400&h=250&quality=90&ttype=jpg,39417,245,"[기아] 올 뉴모닝 가솔린 럭셔리",A/T,2013,"현대 경매장",KNABZ511BDT423646,A/6
"[기아] 레이 가솔린 터보 프레스티지",1010,66루6577,회색,휘발유,https://img-auction.autobell.co.kr/OBmZCjL58I?src=https%3A%2F%2Fauction.autobell.co.kr%2FFileUpDown%2F5100%2Fcarimg%2F2610%2FD261000096%2FD261000096_02_02.jpg%3F1790904585677&type=m&w=400&h=250&quality=90&ttype=jpg,150555,350,"[기아] 레이 가솔린 터보 프레스티지",A/T,2014,"현대 경매장",KNACK813EET085349,A/5
"[쉐보레(대우)] 더 넥스트 스파크 LT 플러스",1011,15러6311,미색,휘발유,https://img-auction.autobell.co.kr/OBmZCjL58I?src=https%3A%2F%2Fauction.autobell.co.kr%2FFileUpDown%2F5100%2Fcarimg%2F2609%2FD260902688%2FD260902688_02_02.jpg%3F1790839189636&type=m&w=400&h=250&quality=90&ttype=jpg,84657,295,"[쉐보레(대우)] 더 넥스트 스파크 LT 플러스",A/T,2017,"현대 경매장",KLYDC487DHC231160,A/5
"[기아] 레이 가솔린 럭셔리",1012,42더0445,검정,휘발유,https://img-auction.autobell.co.kr/OBmZCjL58I?src=https%3A%2F%2Fauction.autobell.co.kr%2FFileUpDown%2F5100%2Fcarimg%2F2609%2FD260902690%2FD260902690_02_02.jpg%3F1790839185220&type=m&w=400&h=250&quality=90&ttype=jpg,152375,425,"[기아] 레이 가솔린 럭셔리",A/T,2016,"현대 경매장",KNACJ811BGT131643,A/6
"[현대] 그랜저HG HG 300 익스클루시브",1013,35오0703,검정,휘발유,https://img-auction.autobell.co.kr/OBmZCjL58I?src=https%3A%2F%2Fauction.autobell.co.kr%2FFileUpDown%2F5100%2Fcarimg%2F2609%2FD260902692%2FD260902692_02_02.jpg%3F1790756856419&type=m&w=400&h=250&quality=90&ttype=jpg,199621,310,"[현대] 그랜저HG HG 300 익스클루시브",A/T,2014,"현대 경매장",KMHFF41EBEA338190,A/3
"[현대] 아반떼MD M16 GDi 럭셔리",1014,29저9602,회색,휘발유,https://img-auction.autobell.co.kr/OBmZCjL58I?src=https%3A%2F%2Fauction.autobell.co.kr%2FFileUpDown%2F5100%2Fcarimg%2F2609%2FD260902694%2FD260902694_02_02.jpg%3F1790840529663&type=m&w=400&h=250&quality=90&ttype=jpg,128075,250,"[현대] 아반떼MD M16 GDi 럭셔리",A/T,2011,"현대 경매장",KMHDG41DBBU041271,A/1
"[기아] K3 1.6 GDI 럭셔리",1015,49라5326,회색,휘발유,https://img-auction.autobell.co.kr/OBmZCjL58I?src=https%3A%2F%2Fauction.autobell.co.kr%2FFileUpDown%2F5100%2Fcarimg%2F2609%2FD260902695%2FD260902695_02_02.jpg%3F1790748106039&type=m&w=400&h=250&quality=90&ttype=jpg,90126,350,"[기아] K3 1.6 GDI 럭셔리",A/T,2013,"현대 경매장",KNAFK412BDA837305,A/5
"[기아] K5 2.0 CVVT 프레스티지",1016,35어7018,검정,휘발유,https://img-auction.autobell.co.kr/OBmZCjL58I?src=https%3A%2F%2Fauction.autobell.co.kr%2FFileUpDown%2F5100%2Fcarimg%2F2610%2FD261000078%2FD261000078_02_02.jpg%3F1790905667386&type=m&w=400&h=250&quality=90&ttype=jpg,97853,380,"[기아] K5 2.0 CVVT 프레스티지",A/T,2011,"현대 경매장",KNAGN411BBA020191,A/5
"[현대] 더 뉴아반떼MD 1.6 GDi 스타일",1017,53고4503,흰색,휘발유,https://img-auction.autobell.co.kr/OBmZCjL58I?src=https%3A%2F%2Fauction.autobell.co.kr%2FFileUpDown%2F5100%2Fcarimg%2F2609%2FD260902795%2FD260902795_02_02.jpg%3F1790913126106&type=m&w=400&h=250&quality=90&ttype=jpg,104667,265,"[현대] 더 뉴아반떼MD 1.6 GDi 스타일",A/T,2014,"현대 경매장",KMHDG41DBEU182307,A/5
"[기아] 레이 가솔린 프레스티지",1018,35너3226,검정,휘발유,https://img-auction.autobell.co.kr/OBmZCjL58I?src=https%3A%2F%2Fauction.autobell.co.kr%2FFileUpDown%2F5100%2Fcarimg%2F2609%2FD260902911%2FD260902911_02_02.jpg%3F1790839850690&type=m&w=400&h=250&quality=90&ttype=jpg,268839,210,"[기아] 레이 가솔린 프레스티지",A/T,2015,"현대 경매장",KNACK811BFT099093,A/5
"[현대] 그랜저HG HG 300 익스클루시브",1019,07거5159,검정,휘발유,https://img-auction.autobell.co.kr/OBmZCjL58I?src=https%3A%2F%2Fauction.autobell.co.kr%2FFileUpDown%2F5100%2Fcarimg%2F2609%2FD260902912%2FD260902912_02_02.jpg%3F1790840181766&type=m&w=400&h=250&quality=90&ttype=jpg,103018,615,"[현대] 그랜저HG HG 300 익스클루시브",A/T,2017,"현대 경매장",KMHFG41EBHA575442,A/6
"[기아] K5 2.0 CVVT 프레스티지",1020,68우5965,흰색,휘발유,https://img-auction.autobell.co.kr/OBmZCjL58I?src=https%3A%2F%2Fauction.autobell.co.kr%2FFileUpDown%2F5100%2Fcarimg%2F2609%2FD260902913%2FD260902913_02_02.jpg%3F1790838412482&type=m&w=400&h=250&quality=90&ttype=jpg,120892,395,"[기아] K5 2.0 CVVT 프레스티지",A/T,2012,"현대 경매장",KNAGN411BCA212563,A/4
"[현대] 더 뉴아반떼MD 1.6 VGT 스마트",1021,31어6220,흰색,경유,https://img-auction.autobell.co.kr/OBmZCjL58I?src=https%3A%2F%2Fauction.autobell.co.kr%2FFileUpDown%2F5100%2Fcarimg%2F2609%2FD260902915%2FD260902915_02_02.jpg%3F1790839523708&type=m&w=400&h=250&quality=90&ttype=jpg,99057,330,"[현대] 더 뉴아반떼MD 1.6 VGT 스마트",A/T,2014,"현대 경매장",KMHDG41UBEU004700,A/4
"[현대] 그랜저HG HG 240 럭셔리",1022,64모2047,흰색,휘발유,https://img-auction.autobell.co.kr/OBmZCjL58I?src=https%3A%2F%2Fauction.autobell.co.kr%2FFileUpDown%2F5100%2Fcarimg%2F2609%2FD260902917%2FD260902917_02_02.jpg%3F1790839718060&type=m&w=400&h=250&quality=90&ttype=jpg,158954,330,"[현대] 그랜저HG HG 240 럭셔리",A/T,2012,"현대 경매장",KMHFF41CBCA189702,A/6
"[기아] 올 뉴모닝 가솔린 디럭스 스페셜",1023,24다7486,미색,휘발유,https://img-auction.autobell.co.kr/OBmZCjL58I?src=https%3A%2F%2Fauction.autobell.co.kr%2FFileUpDown%2F5100%2Fcarimg%2F2609%2FD260902919%2FD260902919_02_02.jpg%3F1790841027538&type=m&w=400&h=250&quality=90&ttype=jpg,85483,255,"[기아] 올 뉴모닝 가솔린 디럭스 스페셜",A/T,2012,"현대 경매장",KNABX511BCT327490,A/4
"기아 디 올뉴스포티지 1.6 가솔린 2WD 프레스티지",0855,191호3725,검정,가솔린,https://auction.skcarrental.com/uploadFiles/AU_CAR_IMG_ORG/202610/SR2026100007521.JPG,35391,1790,"기아 디 올뉴스포티지 1.6 가솔린 2WD 프레스티지",AT,2024,"SK 경매장",KNAPU81BGRK271933,A/D
"현대 쏘나타(DN8) G2.0 프리미엄 플러스",0828,191허5625,흰색,가솔린,https://auction.skcarrental.com/uploadFiles/AU_CAR_IMG_ORG/202610/SR2026100002621.JPG,72789,1400,"현대 쏘나타(DN8) G2.0 프리미엄 플러스",AT,2022,"SK 경매장",KMHL141EBNA239501,A/C
"현대 아반떼(CN7) 1.6 가솔린 법인전용",0829,191하6723,흰색,가솔린,https://auction.skcarrental.com/uploadFiles/AU_CAR_IMG_ORG/202610/SR2026100002721.JPG,109891,870,"현대 아반떼(CN7) 1.6 가솔린 법인전용",AT,2022,"SK 경매장",KMHLL41EENU305912,A/F
"현대 스타리아 2.2 디젤 투어러 11인승 2WD 스마트",0830,713호1047,기타,디젤,https://auction.skcarrental.com/uploadFiles/AU_CAR_IMG_ORG/202609/SR2026090203121.JPG,44637,2060,"현대 스타리아 2.2 디젤 투어러 11인승 2WD 스마트",AT,2023,"SK 경매장",KMJYA371BPU140481,A/C
"기아 신형 K5 하이브리드(DL3) 2.0 HEV 프레스티지",0831,191허8227,흰색,가솔린하이브리드,https://auction.skcarrental.com/uploadFiles/AU_CAR_IMG_ORG/202609/SR2026090177721.JPG,101094,1720,"기아 신형 K5 하이브리드(DL3) 2.0 HEV 프레스티지",AT,2023,"SK 경매장",KNAG241JBPA028703,A/B
"기아 K8 3.5 LPi 렌터카 트렌디",0832,191허7137,흰색,LPG,https://auction.skcarrental.com/uploadFiles/AU_CAR_IMG_ORG/202609/SR2026090206021.JPG,125492,1560,"기아 K8 3.5 LPi 렌터카 트렌디",AT,2023,"SK 경매장",KNAM241FBPA038148,A/C
"기아 셀토스 1.6 가솔린 2WD 트렌디",0833,191허2703,흰색,가솔린,https://auction.skcarrental.com/uploadFiles/AU_CAR_IMG_ORG/202610/SR2026100003921.JPG,73173,1350,"기아 셀토스 1.6 가솔린 2WD 트렌디",AT,2023,"SK 경매장",KNAEP812GPK349993,A/C
"기아 디 올뉴니로EV 에어",0834,36호8684,검정,전기,https://auction.skcarrental.com/uploadFiles/AU_CAR_IMG_ORG/202610/SR2026100005721.JPG,134713,1400,"기아 디 올뉴니로EV 에어 ",AT,2023,"SK 경매장",KNACP811FPA013732,A/C
"현대 쏘나타(DN8) G2.0 프리미엄 플러스",0835,191하3480,검정,가솔린,https://auction.skcarrental.com/uploadFiles/AU_CAR_IMG_ORG/202610/SR2026100005221.JPG,87559,1350,"현대 쏘나타(DN8) G2.0 프리미엄 플러스",AT,2023,"SK 경매장",KMHL141EBPA281539,A/C
"테슬라 모델 Y AWD 롱 레인지",0836,18허0463,기타,전기,https://auction.skcarrental.com/uploadFiles/AU_CAR_IMG_ORG/202610/SR2026100004421.JPG,57583,3810,"테슬라 모델 Y AWD 롱 레인지 ",AT,2022,"SK 경매장",7SAYGDEE0NF495404,A/B
"현대 아이오닉 5 EV AWD 롱레인지 익스클루시브",0837,34하3201,흰색,전기,https://auction.skcarrental.com/uploadFiles/AU_CAR_IMG_ORG/202610/SR2026100003121.JPG,52802,2260,"현대 아이오닉 5 EV AWD 롱레인지 익스클루시브",AT,2022,"SK 경매장",KMHKN81CPNU056507,A/C
"현대 더 올뉴투싼 2.0 디젤 2WD 모던",0838,190허6815,기타,디젤,https://auction.skcarrental.com/uploadFiles/AU_CAR_IMG_ORG/202610/SR2026100005921.JPG,105325,1270,"현대 더 올뉴투싼 2.0 디젤 2WD 모던",AT,2022,"SK 경매장",KMHJB81CBNU119516,F/F
"기아 K8 하이브리드 HEV 노블레스",0839,191호5786,검정,가솔린하이브리드,https://auction.skcarrental.com/uploadFiles/AU_CAR_IMG_ORG/202610/SR2026100004121.JPG,61245,2010,"기아 K8 하이브리드 HEV 노블레스",AT,2023,"SK 경매장",KNAM2411BPA037883,F/D
"기아 디 올뉴니로EV 에어",0840,17허7553,흰색,전기,https://auction.skcarrental.com/uploadFiles/AU_CAR_IMG_ORG/202610/SR2026100008321.JPG,51518,1870,"기아 디 올뉴니로EV 에어 ",AT,2023,"SK 경매장",KNACP811FPA012377,A/D
"기아 디 올뉴스포티지 2.0 디젤 2WD 프레스티지",0841,190허2917,검정,디젤,https://auction.skcarrental.com/uploadFiles/AU_CAR_IMG_ORG/202610/SR2026100006121.JPG,69585,1700,"기아 디 올뉴스포티지 2.0 디젤 2WD 프레스티지",AT,2022,"SK 경매장",KNAPV81CBNK013142,A/C
"현대 디 올뉴그랜저 하이브리드 1.6 하이브리드 프리미엄",0842,190하2387,기타,가솔린하이브리드,https://auction.skcarrental.com/uploadFiles/AU_CAR_IMG_ORG/202610/SR2026100006321.JPG,60294,2510,"현대 디 올뉴그랜저 하이브리드 1.6 하이브리드 프리미엄",AT,2023,"SK 경매장",KMHN1411BPA011498,A/C
"현대 더 올뉴투싼 2.0 디젤 2WD 모던",0843,190호5458,기타,디젤,https://auction.skcarrental.com/uploadFiles/AU_CAR_IMG_ORG/202610/SR2026100006921.JPG,54024,1400,"현대 더 올뉴투싼 2.0 디젤 2WD 모던",AT,2022,"SK 경매장",KMHJB81CBNU146559,A/D
"제네시스 eG80 EV AWD 기본형",0844,09하4111,검정,전기,https://auction.skcarrental.com/uploadFiles/AU_CAR_IMG_ORG/202610/SR2026100007021.JPG,81079,4510,"제네시스 eG80 EV AWD 기본형",AT,2022,"SK 경매장",KMTGE411PNU004952,A/D
"기아 신형 카니발(KA4) 9인승 가솔린 시그니처",0845,191허7460,검정,가솔린,https://auction.skcarrental.com/uploadFiles/AU_CAR_IMG_ORG/202610/SR2026100006221.JPG,82855,2160,"기아 신형 카니발(KA4) 9인승 가솔린 시그니처",AT,2023,"SK 경매장",KNANE813BPS233360,A/D
"현대 더 뉴그랜저IG 가솔린 2.5 르블랑",0846,148호3932,흰색,가솔린,https://auction.skcarrental.com/uploadFiles/AU_CAR_IMG_ORG/202610/SR2026100009421.JPG,67001,1650,"현대 더 뉴그랜저IG 가솔린 2.5 르블랑",AT,2022,"SK 경매장",KMHF141DBNA449484,A/D
"기아 모닝 어반 1.0 가솔린 특판용",0847,191하2197,기타,가솔린,https://auction.skcarrental.com/uploadFiles/AU_CAR_IMG_ORG/202610/SR2026100007321.JPG,45383,720,"기아 모닝 어반 1.0 가솔린 특판용",AT,2023,"SK 경매장",KNAB1518BPT998480,A/D
"현대 쏘나타 디 엣지 LPG 2.0 렌터카 비지니스 2",0848,192하8323,흰색,LPG,https://auction.skcarrental.com/uploadFiles/AU_CAR_IMG_ORG/202610/SR2026100006521.JPG,55140,1730,"현대 쏘나타 디 엣지 LPG 2.0 렌터카 비지니스 2",AT,2024,"SK 경매장",KMHL441DBRA334289,A/C
"기아 디 올뉴스포티지 1.6 가솔린 2WD 프레스티지",0849,191호3605,검정,가솔린,https://auction.skcarrental.com/uploadFiles/AU_CAR_IMG_ORG/202610/SR2026100007421.JPG,38283,1870,"기아 디 올뉴스포티지 1.6 가솔린 2WD 프레스티지",AT,2024,"SK 경매장",KNAPU81BGRK273809,A/C
"제네시스 eGV70 EV  AWD 기본형",0850,09하4014,흰색,전기,https://auction.skcarrental.com/uploadFiles/AU_CAR_IMG_ORG/202610/SR2026100007221.JPG,78714,3710,"제네시스 eGV70 EV  AWD 기본형",AT,2022,"SK 경매장",KMTMA811PNU002857,A/C
"기아 K8 하이브리드 HEV 노블레스",0851,190하4083,검정,가솔린하이브리드,https://auction.skcarrental.com/uploadFiles/AU_CAR_IMG_ORG/202610/SR2026100005821.JPG,93746,2110,"기아 K8 하이브리드 HEV 노블레스",AT,2023,"SK 경매장",KNAM2411BPA043441,A/C
"현대 디 올뉴그랜저 하이브리드 1.6 하이브리드 프리미엄",0852,190하9258,검정,가솔린하이브리드,https://auction.skcarrental.com/uploadFiles/AU_CAR_IMG_ORG/202610/SR2026100009721.JPG,55698,2710,"현대 디 올뉴그랜저 하이브리드 1.6 하이브리드 프리미엄",AT,2023,"SK 경매장",KMHN1411BPA023599,A/C
"기아 니로 EV 노블레스",0853,29하6210,기타,전기,https://auction.skcarrental.com/uploadFiles/AU_CAR_IMG_ORG/250001/SR2500010626121.JPG,39757,1550,"기아 니로 EV 노블레스 ",AT,2022,"SK 경매장",KNACB81GFNA126192,A/C
"현대 더 뉴그랜저IG 가솔린 2.5 르블랑",0854,191허5862,검정,가솔린,https://auction.skcarrental.com/uploadFiles/AU_CAR_IMG_ORG/202610/SR2026100002321.JPG,106487,1690,"현대 더 뉴그랜저IG 가솔린 2.5 르블랑",AT,2023,"SK 경매장",KMHF141DBPA507001,A/C
"현대 더 뉴아반떼 하이브리드(CN7) 1.6 HEV 모던",0804,192허7205,기타,가솔린하이브리드,https://auction.skcarrental.com/uploadFiles/AU_CAR_IMG_ORG/202609/SR2026090176721.JPG,13948,1960,"현대 더 뉴아반떼 하이브리드(CN7) 1.6 HEV 모던",AT,2024,"SK 경매장",KMHLN41JGRU086911,A/B
"현대 더 뉴그랜저IG 하이브리드 2.4 HEV 캘리그래피",0805,191하2885,검정,가솔린하이브리드,https://auction.skcarrental.com/uploadFiles/AU_CAR_IMG_ORG/202609/SR2026090185521.JPG,67543,2460,"현대 더 뉴그랜저IG 하이브리드 2.4 HEV 캘리그래피",AT,2023,"SK 경매장",KMHF3413BPA155134,A/B
"현대 아이오닉 5 EV 2WD 롱레인지 익스클루시브",0806,10하7109,검정,전기,https://auction.skcarrental.com/uploadFiles/AU_CAR_IMG_ORG/202609/SR2026090177521.JPG,109154,2060,"현대 아이오닉 5 EV 2WD 롱레인지 익스클루시브",AT,2023,"SK 경매장",KMHKN81EFPU128564,A/D
"기아 더 뉴 K3 1.6 가솔린 트렌디",0807,191하3249,흰색,가솔린,https://auction.skcarrental.com/uploadFiles/AU_CAR_IMG_ORG/202609/SR2026090183021.JPG,64861,920,"기아 더 뉴 K3 1.6 가솔린 트렌디",AT,2023,"SK 경매장",KNAF141BEPA952104,A/B
"KG모빌리티(쌍용) 뉴 티볼리 에어 1.5 가솔린 터보 렌터카",0808,190허2064,흰색,가솔린,https://auction.skcarrental.com/uploadFiles/AU_CAR_IMG_ORG/202609/SR2026090178721.JPG,49560,820,"KG모빌리티(쌍용) 뉴 티볼리 에어 1.5 가솔린 터보 렌터카",AT,2022,"SK 경매장",KPBXL3AT1NP371502,A/C
"현대 더 올뉴투싼 2.0 디젤  AWD 프리미엄",0809,191하3044,기타,디젤,https://auction.skcarrental.com/uploadFiles/AU_CAR_IMG_ORG/202609/SR2026090187221.JPG,84452,1580,"현대 더 올뉴투싼 2.0 디젤  AWD 프리미엄",AT,2023,"SK 경매장",KMHJC81CDPU188045,F/F
"제네시스 더 올뉴G80 가솔린 2.5 AWD 기본형",0810,173호5881,검정,가솔린,https://auction.skcarrental.com/uploadFiles/AU_CAR_IMG_ORG/202610/SR2026100000221.JPG,74926,2510,"제네시스 더 올뉴G80 가솔린 2.5 AWD 기본형",AT,2021,"SK 경매장",KMTGB41CDMU068268,A/C
"현대 아반떼(CN7) 1.6 가솔린 모던",0811,190허3516,흰색,가솔린,https://auction.skcarrental.com/uploadFiles/AU_CAR_IMG_ORG/202610/SR2026100006721.JPG,38999,1350,"현대 아반떼(CN7) 1.6 가솔린 모던",AT,2022,"SK 경매장",KMHLM41EENU313117,A/D
"기아 더 뉴모닝(JA) 1.0 가솔린 프레스티지",0812,223하6594,흰색,가솔린,https://auction.skcarrental.com/uploadFiles/AU_CAR_IMG_ORG/202609/SR2026090188921.JPG,23519,1070,"기아 더 뉴모닝(JA) 1.0 가솔린 프레스티지",AT,2024,"SK 경매장",KNAB2518BRT259997,A/C
"현대 더 뉴아반떼 하이브리드(CN7) 1.6 HEV 모던",0813,192허7233,기타,가솔린하이브리드,https://auction.skcarrental.com/uploadFiles/AU_CAR_IMG_ORG/202609/SR2026090184921.JPG,15644,1920,"현대 더 뉴아반떼 하이브리드(CN7) 1.6 HEV 모던",AT,2024,"SK 경매장",KMHLN41JGRU086740,A/B
"르노(삼성) 신형 QM6 퀘스트 2.0 LPe 비지니스",0814,814부5984,기타,LPG,https://auction.skcarrental.com/uploadFiles/AU_CAR_IMG_ORG/202606/SR2026060157921.JPG,122364,1590,"르노(삼성) 신형 QM6 퀘스트 2.0 LPe 비지니스",AT,2024,"SK 경매장",KNMN5C2C4RP102258,A/B
"현대 더 뉴아반떼 하이브리드(CN7) 1.6 HEV 모던",0815,192허7201,기타,가솔린하이브리드,https://auction.skcarrental.com/uploadFiles/AU_CAR_IMG_ORG/202609/SR2026090176221.JPG,9631,1870,"현대 더 뉴아반떼 하이브리드(CN7) 1.6 HEV 모던",AT,2024,"SK 경매장",KMHLN41JGRU086888,A/C
"기아 모닝 어반 1.0 가솔린 프레스티지",0816,191허4992,흰색,가솔린,https://auction.skcarrental.com/uploadFiles/AU_CAR_IMG_ORG/202609/SR2026090184521.JPG,63651,850,"기아 모닝 어반 1.0 가솔린 프레스티지",AT,2023,"SK 경매장",KNAB2518BPT983376,A/C
"현대 더 뉴아반떼 하이브리드(CN7) 1.6 HEV 모던",0817,192허7234,기타,가솔린하이브리드,https://auction.skcarrental.com/uploadFiles/AU_CAR_IMG_ORG/202609/SR2026090184421.JPG,23694,1920,"현대 더 뉴아반떼 하이브리드(CN7) 1.6 HEV 모던",AT,2024,"SK 경매장",KMHLN41JGRU086821,A/C
"현대 디 올뉴그랜저 가솔린 3.5 2WD 캘리그래피",0818,190하9210,기타,가솔린,https://auction.skcarrental.com/uploadFiles/AU_CAR_IMG_ORG/202607/SR2026070134821.JPG,29514,2810,"현대 디 올뉴그랜저 가솔린 3.5 2WD 캘리그래피",AT,2023,"SK 경매장",KMHN341EBPA033814,B/C
"현대 아반떼(CN7) 1.6 가솔린 모던",0819,191허9908,기타,가솔린,https://auction.skcarrental.com/uploadFiles/AU_CAR_IMG_ORG/250001/SR2500011453921.JPG,58637,1170,"현대 아반떼(CN7) 1.6 가솔린 모던",AT,2023,"SK 경매장",KMHLM41EEPU532296,A/F
"기아 신형쏘렌토(MQ4) 2.5 가솔린 2WD 프레스티지",0820,191허6421,흰색,가솔린,https://auction.skcarrental.com/uploadFiles/AU_CAR_IMG_ORG/202609/SR2026090046921.JPG,111687,1650,"기아 신형쏘렌토(MQ4) 2.5 가솔린 2WD 프레스티지",AT,2022,"SK 경매장",KNARH81FGNA170115,A/C
"테슬라 모델 Y AWD 롱 레인지",0821,33허0284,검정,전기,https://auction.skcarrental.com/uploadFiles/AU_CAR_IMG_ORG/202609/SR2026090053521.JPG,20496,4210,"테슬라 모델 Y AWD 롱 레인지 ",AT,2022,"SK 경매장",7SAYGDEE0NF415874,A/C
"기아 모닝 어반 1.0 가솔린 프레스티지",0822,190호6882,검정,가솔린,https://auction.skcarrental.com/uploadFiles/AU_CAR_IMG_ORG/202609/SR2026090034321.JPG,85641,720,"기아 모닝 어반 1.0 가솔린 프레스티지",AT,2023,"SK 경매장",KNAB2518BPT991897,B/C
"현대 더 뉴그랜저IG 가솔린 2.5 프리미엄",0823,191호9053,검정,가솔린,https://auction.skcarrental.com/uploadFiles/AU_CAR_IMG_ORG/202609/SR2026090172821.JPG,66105,1630,"현대 더 뉴그랜저IG 가솔린 2.5 프리미엄",AT,2023,"SK 경매장",KMHF141DBPA512678,A/C
"현대 쏘나타(DN8) L2.0 렌터카 스타일",0824,191호9759,기타,LPG,https://auction.skcarrental.com/uploadFiles/AU_CAR_IMG_ORG/202610/SR2026100001721.JPG,53708,1050,"현대 쏘나타(DN8) L2.0 렌터카 스타일",AT,2023,"SK 경매장",KMHL341DBPA271501,A/D
"현대 아반떼 하이브리드(CN7) HEV 스마트",0825,191하4146,기타,가솔린하이브리드,https://auction.skcarrental.com/uploadFiles/AU_CAR_IMG_ORG/202610/SR2026100004921.JPG,97731,1360,"현대 아반떼 하이브리드(CN7) HEV 스마트",AT,2023,"SK 경매장",KMHLL41JGPU043530,A/D
"기아 K8 하이브리드 HEV 시그니처",0826,192하6885,기타,가솔린하이브리드,https://auction.skcarrental.com/uploadFiles/AU_CAR_IMG_ORG/202609/SR2026090009721.JPG,34791,2610,"기아 K8 하이브리드 HEV 시그니처",AT,2023,"SK 경매장",KNAM6411BPA062545,F/C
"현대 디 올뉴그랜저 하이브리드 1.6 하이브리드 프리미엄",0827,190하1443,흰색,가솔린하이브리드,https://auction.skcarrental.com/uploadFiles/AU_CAR_IMG_ORG/202610/SR2026100002521.JPG,87417,2660,"현대 디 올뉴그랜저 하이브리드 1.6 하이브리드 프리미엄",AT,2023,"SK 경매장",KMHN1411BPA020134,A/B
"기아 K8 하이브리드 HEV 노블레스",0797,190하4089,검정,가솔린하이브리드,https://auction.skcarrental.com/uploadFiles/AU_CAR_IMG_ORG/202609/SR2026090191021.JPG,65133,2060,"기아 K8 하이브리드 HEV 노블레스",AT,2023,"SK 경매장",KNAM2411BPA043471,A/D
"기아 디 올뉴스포티지 2.0 LPG 2WD 프레스티지",0798,190하5117,기타,LPG,https://auction.skcarrental.com/uploadFiles/AU_CAR_IMG_ORG/202609/SR2026090195021.JPG,382569,1250,"기아 디 올뉴스포티지 2.0 LPG 2WD 프레스티지",AT,2023,"SK 경매장",KNAPU81JBPK132834,B/D
"제네시스 더 올뉴G80 가솔린 2.5 2WD 기본형",0799,190하5675,기타,가솔린,https://auction.skcarrental.com/uploadFiles/AU_CAR_IMG_ORG/202609/SR2026090187821.JPG,59574,2950,"제네시스 더 올뉴G80 가솔린 2.5 2WD 기본형",AT,2023,"SK 경매장",KMTGB41CBPU175877,A/B
"현대 아반떼(CN7) 1.6 가솔린 모던",0800,190하2066,기타,가솔린,https://auction.skcarrental.com/uploadFiles/AU_CAR_IMG_ORG/202609/SR2026090192921.JPG,32853,1300,"현대 아반떼(CN7) 1.6 가솔린 모던",AT,2023,"SK 경매장",KMHLM41EEPU532431,A/D
"제네시스 더 올뉴G80 가솔린 2.5 AWD 기본형",0801,190호7535,기타,가솔린,https://auction.skcarrental.com/uploadFiles/AU_CAR_IMG_ORG/202609/SR2026090187721.JPG,61707,2760,"제네시스 더 올뉴G80 가솔린 2.5 AWD 기본형",AT,2022,"SK 경매장",KMTGB41CDNU142082,A/B
"현대 아반떼(CN7) 1.6 가솔린 법인전용",0802,190허7323,흰색,가솔린,https://auction.skcarrental.com/uploadFiles/AU_CAR_IMG_ORG/202609/SR2026090186121.JPG,77070,920,"현대 아반떼(CN7) 1.6 가솔린 법인전용",AT,2022,"SK 경매장",KMHLL41EENU322750,B/B
"기아 디 올뉴니로EV 에어",0803,17허7584,흰색,전기,https://auction.skcarrental.com/uploadFiles/AU_CAR_IMG_ORG/202610/SR2026100000621.JPG,39583,1960,"기아 디 올뉴니로EV 에어 ",AT,2023,"SK 경매장",KNACP811FPA012577,A/B
"현대 더 뉴그랜저IG 가솔린 2.5 캘리그래피",0779,191허6274,기타,가솔린,https://auction.skcarrental.com/uploadFiles/AU_CAR_IMG_ORG/202609/SR2026090182521.JPG,115652,1980,"현대 더 뉴그랜저IG 가솔린 2.5 캘리그래피",AT,2023,"SK 경매장",KMHF341DBPA505995,A/D
"현대 아반떼(CN7) 1.6 가솔린 모던",0780,191허1405,흰색,가솔린,https://auction.skcarrental.com/uploadFiles/AU_CAR_IMG_ORG/202609/SR2026090195921.JPG,79237,1350,"현대 아반떼(CN7) 1.6 가솔린 모던",AT,2023,"SK 경매장",KMHLM41EEPU352559,A/C
"기아 디 올뉴스포티지 1.6 가솔린 2WD 프레스티지",0781,191호3994,검정,가솔린,https://auction.skcarrental.com/uploadFiles/AU_CAR_IMG_ORG/202609/SR2026090196221.JPG,59810,2110,"기아 디 올뉴스포티지 1.6 가솔린 2WD 프레스티지",AT,2024,"SK 경매장",KNAPU81BGRK273830,A/C
"기아 디 올뉴스포티지 2.0 디젤 4WD 프레스티지",0782,191하7493,기타,디젤,https://auction.skcarrental.com/uploadFiles/AU_CAR_IMG_ORG/202609/SR2026090199421.JPG,83911,1320,"기아 디 올뉴스포티지 2.0 디젤 4WD 프레스티지",AT,2023,"SK 경매장",KNAPV81CDPK128178,F/F
"기아 더 뉴쏘렌토 하이브리드(MQ4) 1.6 HEV 2WD 프레스티지",0783,192허6802,흰색,가솔린하이브리드,https://auction.skcarrental.com/uploadFiles/AU_CAR_IMG_ORG/202609/SR2026090196321.JPG,41977,2660,"기아 더 뉴쏘렌토 하이브리드(MQ4) 1.6 HEV 2WD 프레스티지",AT,2024,"SK 경매장",KNARG81GBRA245990,A/C
"현대 더 뉴아반떼 하이브리드(CN7) 1.6 HEV 모던",0784,192허7173,기타,가솔린하이브리드,https://auction.skcarrental.com/uploadFiles/AU_CAR_IMG_ORG/202609/SR2026090176821.JPG,13373,1960,"현대 더 뉴아반떼 하이브리드(CN7) 1.6 HEV 모던",AT,2024,"SK 경매장",KMHLN41JGRU086672,A/C
"현대 더 뉴그랜저IG 가솔린 2.5 르블랑",0785,191허5793,검정,가솔린,https://auction.skcarrental.com/uploadFiles/AU_CAR_IMG_ORG/202609/SR2026090196021.JPG,97569,1650,"현대 더 뉴그랜저IG 가솔린 2.5 르블랑",AT,2023,"SK 경매장",KMHF141DBPA506466,A/C
"현대 더 뉴아반떼 하이브리드(CN7) 1.6 HEV 모던",0786,192허7091,기타,가솔린하이브리드,https://auction.skcarrental.com/uploadFiles/AU_CAR_IMG_ORG/202609/SR2026090186621.JPG,28139,1850,"현대 더 뉴아반떼 하이브리드(CN7) 1.6 HEV 모던",AT,2024,"SK 경매장",KMHLN41JGRU086037,A/D
"현대 베뉴 1.6 가솔린 스마트",0787,128호2560,기타,가솔린,https://auction.skcarrental.com/uploadFiles/AU_CAR_IMG_ORG/202609/SR2026090195321.JPG,75682,670,"현대 베뉴 1.6 가솔린 스마트",AT,2020,"SK 경매장",KMHRA813ELU012869,A/C
"현대 더 뉴싼타페 디젤 2.2 2WD 프리미엄",0788,148호4808,기타,디젤,https://auction.skcarrental.com/uploadFiles/AU_CAR_IMG_ORG/202609/SR2026090195621.JPG,12653,1500,"현대 더 뉴싼타페 디젤 2.2 2WD 프리미엄",AT,2021,"SK 경매장",KMHS281HGMU389088,A/C
"현대 아반떼 하이브리드(CN7) HEV 법인전용",0789,190하2881,흰색,가솔린하이브리드,https://auction.skcarrental.com/uploadFiles/AU_CAR_IMG_ORG/202609/SR2026090186221.JPG,64698,1430,"현대 아반떼 하이브리드(CN7) HEV 법인전용",AT,2023,"SK 경매장",KMHLL41JGPU067905,B/C
"기아 스포티지 더 볼드 R2.0 디젤 4WD 트렌디",0790,166허8064,기타,디젤,https://auction.skcarrental.com/uploadFiles/AU_CAR_IMG_ORG/202609/SR2026090195821.JPG,130832,770,"기아 스포티지 더 볼드 R2.0 디젤 4WD 트렌디",AT,2021,"SK 경매장",KNAPM813DMK899033,B/D
"기아 모닝 어반 1.0 가솔린 특판용",0791,190허7053,기타,가솔린,https://auction.skcarrental.com/uploadFiles/AU_CAR_IMG_ORG/202609/SR2026090195721.JPG,216005,570,"기아 모닝 어반 1.0 가솔린 특판용",AT,2022,"SK 경매장",KNAB1518BNT929799,A/F
"쉐보레(대우) 더 뉴스파크 LS",0792,191하5201,흰색,가솔린,https://auction.skcarrental.com/uploadFiles/AU_CAR_IMG_ORG/202609/SR2026090195421.JPG,49293,470,"쉐보레(대우) 더 뉴스파크 LS ",AT,2022,"SK 경매장",KLYDC487DNC016497,F/F
"기아 더 뉴모닝(JA) 1.0 가솔린 프레스티지",0793,223하6584,기타,가솔린,https://auction.skcarrental.com/uploadFiles/AU_CAR_IMG_ORG/202609/SR2026090194721.JPG,34000,1020,"기아 더 뉴모닝(JA) 1.0 가솔린 프레스티지",AT,2024,"SK 경매장",KNAB2518BRT259970,A/C
"현대 더 뉴아반떼 하이브리드(CN7) 1.6 HEV 모던",0794,192허7190,기타,가솔린하이브리드,https://auction.skcarrental.com/uploadFiles/AU_CAR_IMG_ORG/202609/SR2026090175621.JPG,6007,2060,"현대 더 뉴아반떼 하이브리드(CN7) 1.6 HEV 모던",AT,2024,"SK 경매장",KMHLN41JGRU086778,A/C
"기아 디 올뉴스포티지 2.0 LPG 2WD 프레스티지",0795,190하3566,기타,LPG,https://auction.skcarrental.com/uploadFiles/AU_CAR_IMG_ORG/202609/SR2026090195121.JPG,284718,1520,"기아 디 올뉴스포티지 2.0 LPG 2WD 프레스티지",AT,2023,"SK 경매장",KNAPU81JBPK201899,F/F
"현대 더 뉴아반떼 하이브리드(CN7) 1.6 HEV 모던",0796,192허7090,기타,가솔린하이브리드,https://auction.skcarrental.com/uploadFiles/AU_CAR_IMG_ORG/202609/SR2026090186521.JPG,31060,1870,"현대 더 뉴아반떼 하이브리드(CN7) 1.6 HEV 모던",AT,2024,"SK 경매장",KMHLN41JGRU086017,A/D
"현대 디 올뉴그랜저 하이브리드 1.6 하이브리드 캘리그래피",0756,191하2250,검정,가솔린하이브리드,https://auction.skcarrental.com/uploadFiles/AU_CAR_IMG_ORG/202609/SR2026090196121.JPG,20079,3310,"현대 디 올뉴그랜저 하이브리드 1.6 하이브리드 캘리그래피",AT,2023,"SK 경매장",KMHN3411BPA027124,A/C
"현대 더 뉴아반떼 하이브리드(CN7) 1.6 HEV 모던",0757,192허7062,기타,가솔린하이브리드,https://auction.skcarrental.com/uploadFiles/AU_CAR_IMG_ORG/202609/SR2026090186821.JPG,44440,1820,"현대 더 뉴아반떼 하이브리드(CN7) 1.6 HEV 모던",AT,2024,"SK 경매장",KMHLN41JGRU086045,A/C
"기아 신형 카니발(KA4) 9인승 디젤 시그니처",0758,149호9566,검정,디젤,https://auction.skcarrental.com/uploadFiles/AU_CAR_IMG_ORG/202609/SR2026090198121.JPG,109137,1820,"기아 신형 카니발(KA4) 9인승 디젤 시그니처",AT,2021,"SK 경매장",KNANE81BBMS070943,A/C
"제네시스 더 올뉴G80 가솔린 2.5 AWD 기본형",0759,191호5256,검정,가솔린,https://auction.skcarrental.com/uploadFiles/AU_CAR_IMG_ORG/202609/SR2026090177621.JPG,76023,2940,"제네시스 더 올뉴G80 가솔린 2.5 AWD 기본형",AT,2022,"SK 경매장",KMTGB41CDNU159119,A/B
"현대 더 뉴아반떼(CN7) 가솔린 1.6 모던",0760,190하3121,기타,가솔린,https://auction.skcarrental.com/uploadFiles/AU_CAR_IMG_ORG/202609/SR2026090196921.JPG,43802,1600,"현대 더 뉴아반떼(CN7) 가솔린 1.6 모던",AT,2024,"SK 경매장",KMHLN41EERU605631,A/C
"현대 디 올뉴그랜저 가솔린 3.5 2WD 익스클루시브",0761,190하6363,기타,가솔린,https://auction.skcarrental.com/uploadFiles/AU_CAR_IMG_ORG/202609/SR2026090196721.JPG,50003,2380,"현대 디 올뉴그랜저 가솔린 3.5 2WD 익스클루시브",AT,2023,"SK 경매장",KMHN241EBPA013240,B/D
"기아 신형 카니발(KA4) 9인승 디젤 시그니처",0762,190하6365,기타,디젤,https://auction.skcarrental.com/uploadFiles/AU_CAR_IMG_ORG/202609/SR2026090197721.JPG,57144,2460,"기아 신형 카니발(KA4) 9인승 디젤 시그니처",AT,2023,"SK 경매장",KNANE81BBPS269864,A/D
"기아 신형쏘렌토(MQ4) 2.2 디젤 4WD 프레스티지",0763,192하6490,흰색,디젤,https://auction.skcarrental.com/uploadFiles/AU_CAR_IMG_ORG/202609/SR2026090197621.JPG,30370,2260,"기아 신형쏘렌토(MQ4) 2.2 디젤 4WD 프레스티지",AT,2023,"SK 경매장",KNARL81BHPA237890,A/C
"현대 더 뉴아반떼 하이브리드(CN7) 1.6 HEV 모던",0764,192허7169,기타,가솔린하이브리드,https://auction.skcarrental.com/uploadFiles/AU_CAR_IMG_ORG/202609/SR2026090177221.JPG,14080,1960,"현대 더 뉴아반떼 하이브리드(CN7) 1.6 HEV 모던",AT,2024,"SK 경매장",KMHLN41JGRU086962,A/C
"현대 캐스퍼 가솔린 1.0 디 에센셜 라이트",0765,192허7572,흰색,가솔린,https://auction.skcarrental.com/uploadFiles/AU_CAR_IMG_ORG/202609/SR2026090198221.JPG,74321,870,"현대 캐스퍼 가솔린 1.0 디 에센셜 라이트",AT,2024,"SK 경매장",KMHB3518BRW087856,A/D
"기아 K8 하이브리드 HEV 노블레스 라이트",0766,191호7558,기타,가솔린하이브리드,https://auction.skcarrental.com/uploadFiles/AU_CAR_IMG_ORG/202609/SR2026090196421.JPG,38146,2110,"기아 K8 하이브리드 HEV 노블레스 라이트",AT,2023,"SK 경매장",KNAM1411BPA058558,A/C
"기아 EV6 롱 레인지 2WD 에어",0767,41호9516,검정,전기,https://auction.skcarrental.com/uploadFiles/AU_CAR_IMG_ORG/202609/SR2026090201021.JPG,35046,2560,"기아 EV6 롱 레인지 2WD 에어",AT,2023,"SK 경매장",KNAC281AFPA105303,A/C
"테슬라 모델 Y RWD 스탠다드 레인지",0768,11호5909,검정,전기,https://auction.skcarrental.com/uploadFiles/AU_CAR_IMG_ORG/202609/SR2026090197921.JPG,84631,2660,"테슬라 모델 Y RWD 스탠다드 레인지 ",AT,2021,"SK 경매장",5YJYGDED2MF238862,A/D
"기아 신형쏘렌토 하이브리드(MQ4) 1.6 HEV 4WD 시그니처",0769,170하9979,흰색,가솔린하이브리드,https://auction.skcarrental.com/uploadFiles/AU_CAR_IMG_ORG/202609/SR2026090182621.JPG,134054,2140,"기아 신형쏘렌토 하이브리드(MQ4) 1.6 HEV 4WD 시그니처",AT,2022,"SK 경매장",KNARF81GDNA078598,A/C
"현대 더 뉴아반떼 하이브리드(CN7) 1.6 HEV 모던",0770,192하6920,기타,가솔린하이브리드,https://auction.skcarrental.com/uploadFiles/AU_CAR_IMG_ORG/202609/SR2026090197021.JPG,15317,1960,"현대 더 뉴아반떼 하이브리드(CN7) 1.6 HEV 모던",AT,2024,"SK 경매장",KMHLN41JGRU084775,A/C
"기아 신형쏘렌토(MQ4) 2.5 가솔린 2WD 프레스티지",0771,191허6420,흰색,가솔린,https://auction.skcarrental.com/uploadFiles/AU_CAR_IMG_ORG/202609/SR2026090197421.JPG,90971,1700,"기아 신형쏘렌토(MQ4) 2.5 가솔린 2WD 프레스티지",AT,2022,"SK 경매장",KNARH81FGNA170113,A/D
"현대 더 뉴아반떼 하이브리드(CN7) 1.6 HEV 모던",0772,192허7166,기타,가솔린하이브리드,https://auction.skcarrental.com/uploadFiles/AU_CAR_IMG_ORG/202609/SR2026090177121.JPG,15340,1960,"현대 더 뉴아반떼 하이브리드(CN7) 1.6 HEV 모던",AT,2024,"SK 경매장",KMHLN41JGRU086947,A/C
"현대 캐스퍼 가솔린 1.0 디 에센셜 라이트",0773,192허7597,흰색,가솔린,https://auction.skcarrental.com/uploadFiles/AU_CAR_IMG_ORG/202609/SR2026090198421.JPG,30543,1020,"현대 캐스퍼 가솔린 1.0 디 에센셜 라이트",AT,2024,"SK 경매장",KMHB3518BRW087717,A/C
"제네시스 더 올뉴G80 가솔린 2.5 AWD 기본형",0774,190호8203,검정,가솔린,https://auction.skcarrental.com/uploadFiles/AU_CAR_IMG_ORG/202609/SR2026090197321.JPG,78817,2610,"제네시스 더 올뉴G80 가솔린 2.5 AWD 기본형",AT,2022,"SK 경매장",KMTGB41CDNU148902,A/C
"현대 더 뉴아반떼 하이브리드(CN7) 1.6 HEV 모던",0775,192허7208,기타,가솔린하이브리드,https://auction.skcarrental.com/uploadFiles/AU_CAR_IMG_ORG/202609/SR2026090176921.JPG,19109,1870,"현대 더 뉴아반떼 하이브리드(CN7) 1.6 HEV 모던",AT,2024,"SK 경매장",KMHLN41JGRU086928,A/D
"제네시스 더 올뉴G80 가솔린 2.5 AWD 기본형",0776,190호8880,검정,가솔린,https://auction.skcarrental.com/uploadFiles/AU_CAR_IMG_ORG/202609/SR2026090197221.JPG,53874,2660,"제네시스 더 올뉴G80 가솔린 2.5 AWD 기본형",AT,2022,"SK 경매장",KMTGB41CDNU153168,A/C
"현대 더 뉴아반떼 하이브리드(CN7) 1.6 HEV 모던",0777,192허7061,기타,가솔린하이브리드,https://auction.skcarrental.com/uploadFiles/AU_CAR_IMG_ORG/202609/SR2026090186721.JPG,35422,1920,"현대 더 뉴아반떼 하이브리드(CN7) 1.6 HEV 모던",AT,2024,"SK 경매장",KMHLN41JGRU086039,B/D
"현대 아이오닉 6 롱레인지 AWD 프레스티지",0778,38허0708,검정,전기,https://auction.skcarrental.com/uploadFiles/AU_CAR_IMG_ORG/202609/SR2026090196621.JPG,78519,2660,"현대 아이오닉 6 롱레인지 AWD 프레스티지",AT,2023,"SK 경매장",KMHM541CPPA005700,A/C
"현대 더 뉴그랜저IG 가솔린 3.3 캘리그래피",0731,170허4953,기타,가솔린,https://auction.skcarrental.com/uploadFiles/AU_CAR_IMG_ORG/202609/SR2026090185221.JPG,84544,1650,"현대 더 뉴그랜저IG 가솔린 3.3 캘리그래피",AT,2021,"SK 경매장",KMHF341GBMA428071,A/C
"현대 더 뉴아반떼 하이브리드(CN7) 1.6 HEV 모던",0732,192허7070,기타,가솔린하이브리드,https://auction.skcarrental.com/uploadFiles/AU_CAR_IMG_ORG/202609/SR2026090187121.JPG,16001,1960,"현대 더 뉴아반떼 하이브리드(CN7) 1.6 HEV 모던",AT,2024,"SK 경매장",KMHLN41JGRU086130,A/C
"현대 쏘나타(DN8) 하이브리드 2.0 HEV 인스퍼레이션",0733,190하7586,기타,가솔린하이브리드,https://auction.skcarrental.com/uploadFiles/AU_CAR_IMG_ORG/202609/SR2026090194621.JPG,53982,1960,"현대 쏘나타(DN8) 하이브리드 2.0 HEV 인스퍼레이션",AT,2023,"SK 경매장",KMHL341JBPA065394,A/C
"제네시스 신형 G90 3.5 터보 AWD 기본형",0734,191호5623,검정,가솔린,https://auction.skcarrental.com/uploadFiles/AU_CAR_IMG_ORG/202609/SR2026090200321.JPG,58283,4360,"제네시스 신형 G90 3.5 터보 AWD 기본형",AT,2023,"SK 경매장",KMTFA41DDPU020697,A/B
"현대 더 뉴아반떼 하이브리드(CN7) 1.6 HEV 모던",0735,192허7163,기타,가솔린하이브리드,https://auction.skcarrental.com/uploadFiles/AU_CAR_IMG_ORG/202609/SR2026090176421.JPG,16694,1960,"현대 더 뉴아반떼 하이브리드(CN7) 1.6 HEV 모던",AT,2024,"SK 경매장",KMHLN41JGRU086896,A/D
"기아 디 올뉴스포티지 2.0 디젤 2WD 프레스티지",0736,190허9655,흰색,디젤,https://auction.skcarrental.com/uploadFiles/AU_CAR_IMG_ORG/202609/SR2026090201321.JPG,40847,1700,"기아 디 올뉴스포티지 2.0 디젤 2WD 프레스티지",AT,2023,"SK 경매장",KNAPV81CBPK117044,F/F
"기아 EV6 롱 레인지 2WD 에어",0737,34하3388,흰색,전기,https://auction.skcarrental.com/uploadFiles/AU_CAR_IMG_ORG/202609/SR2026090205121.JPG,58676,2290,"기아 EV6 롱 레인지 2WD 에어",AT,2022,"SK 경매장",KNAC281AFNA028658,A/C
"현대 캐스퍼 가솔린 1.0 법인전용",0738,191허2805,흰색,가솔린,https://auction.skcarrental.com/uploadFiles/AU_CAR_IMG_ORG/202609/SR2026090203321.JPG,82612,800,"현대 캐스퍼 가솔린 1.0 법인전용",AT,2023,"SK 경매장",KMHB1518BPW029163,A/C
"기아 디 올뉴스포티지 2.0 디젤 4WD 프레스티지",0739,191호7486,기타,디젤,https://auction.skcarrental.com/uploadFiles/AU_CAR_IMG_ORG/202609/SR2026090183721.JPG,72664,1890,"기아 디 올뉴스포티지 2.0 디젤 4WD 프레스티지",AT,2023,"SK 경매장",KNAPV81CDPK201533,B/C
"기아 K7 프리미어 3.0 GDi 시그니처",0740,155허7728,검정,가솔린,https://auction.skcarrental.com/uploadFiles/AU_CAR_IMG_ORG/202609/SR2026090208821.JPG,200134,1250,"기아 K7 프리미어 3.0 GDi 시그니처",AT,2020,"SK 경매장",KNALD416BLA214188,A/C
"현대 더 뉴아반떼 하이브리드(CN7) 1.6 HEV 모던",0741,192허7087,기타,가솔린하이브리드,https://auction.skcarrental.com/uploadFiles/AU_CAR_IMG_ORG/202609/SR2026090186421.JPG,46505,1820,"현대 더 뉴아반떼 하이브리드(CN7) 1.6 HEV 모던",AT,2024,"SK 경매장",KMHLN41JGRU085910,A/C
"기아 디 올뉴니로EV 에어",0742,34하4492,검정,전기,https://auction.skcarrental.com/uploadFiles/AU_CAR_IMG_ORG/202610/SR2026100001321.JPG,14550,2210,"기아 디 올뉴니로EV 에어 ",AT,2024,"SK 경매장",KNACP811FRA042555,A/B
"현대 더 뉴아반떼 하이브리드(CN7) 1.6 HEV 모던",0743,192허7213,기타,가솔린하이브리드,https://auction.skcarrental.com/uploadFiles/AU_CAR_IMG_ORG/202609/SR2026090177321.JPG,14747,1960,"현대 더 뉴아반떼 하이브리드(CN7) 1.6 HEV 모던",AT,2024,"SK 경매장",KMHLN41JGRU086744,A/B
"현대 더 올뉴투싼 2.0 디젤 2WD 모던",0744,191하4093,기타,디젤,https://auction.skcarrental.com/uploadFiles/AU_CAR_IMG_ORG/202609/SR2026090197121.JPG,95856,1400,"현대 더 올뉴투싼 2.0 디젤 2WD 모던",AT,2023,"SK 경매장",KMHJB81CBPU180404,A/C
"현대 더 뉴그랜저IG LPi 3.0 렌터카 모던",0745,191허1357,흰색,LPG,https://auction.skcarrental.com/uploadFiles/AU_CAR_IMG_ORG/202609/SR2026090199521.JPG,87164,1530,"현대 더 뉴그랜저IG LPi 3.0 렌터카 모던",AT,2022,"SK 경매장",KMHF241NBNA495088,A/C
"현대 더 뉴투싼 1.6 터보 2WD 모던",0746,192호6176,흰색,가솔린,https://auction.skcarrental.com/uploadFiles/AU_CAR_IMG_ORG/202609/SR2026090177421.JPG,27378,1920,"현대 더 뉴투싼 1.6 터보 2WD 모던",AT,2024,"SK 경매장",KMHJB81BGRU329634,A/B
"기아 신형 카니발(KA4) 9인승 가솔린 프레스티지",0747,190하5088,검정,가솔린,https://auction.skcarrental.com/uploadFiles/AU_CAR_IMG_ORG/202609/SR2026090199021.JPG,15669,1870,"기아 신형 카니발(KA4) 9인승 가솔린 프레스티지",AT,2023,"SK 경매장",KNANB813BPS261262,A/D
"기아 K8 3.5 LPi 렌터카 트렌디",0748,191허7193,흰색,LPG,https://auction.skcarrental.com/uploadFiles/AU_CAR_IMG_ORG/202609/SR2026090199221.JPG,72205,1600,"기아 K8 3.5 LPi 렌터카 트렌디",AT,2023,"SK 경매장",KNAM241FBPA038410,A/C
"현대 더 올뉴투싼 2.0 디젤 2WD 모던",0749,192하7550,기타,디젤,https://auction.skcarrental.com/uploadFiles/AU_CAR_IMG_ORG/202609/SR2026090207921.JPG,28352,1710,"현대 더 올뉴투싼 2.0 디젤 2WD 모던",AT,2023,"SK 경매장",KMHJB81CBPU278492,F/F
"현대 아반떼(CN7) 1.6 가솔린 모던",0750,191허3214,흰색,가솔린,https://auction.skcarrental.com/uploadFiles/AU_CAR_IMG_ORG/202609/SR2026090198321.JPG,55200,1350,"현대 아반떼(CN7) 1.6 가솔린 모던",AT,2023,"SK 경매장",KMHLM41EEPU374880,A/C
"제네시스 eGV70 EV  AWD 기본형",0751,24호4246,흰색,전기,https://auction.skcarrental.com/uploadFiles/AU_CAR_IMG_ORG/202609/SR2026090198821.JPG,127519,3660,"제네시스 eGV70 EV  AWD 기본형",AT,2022,"SK 경매장",KMTMA811PNU003107,A/B
"제네시스 더 올뉴G80 가솔린 2.5 AWD 기본형",0752,155호3107,기타,가솔린,https://auction.skcarrental.com/uploadFiles/AU_CAR_IMG_ORG/202609/SR2026090192621.JPG,95571,2560,"제네시스 더 올뉴G80 가솔린 2.5 AWD 기본형",AT,2022,"SK 경매장",KMTGB41CDNU102049,A/B
"현대 아이오닉 6 롱레인지 AWD 프레스티지",0753,10하7364,검정,전기,https://auction.skcarrental.com/uploadFiles/AU_CAR_IMG_ORG/202609/SR2026090200421.JPG,63941,2510,"현대 아이오닉 6 롱레인지 AWD 프레스티지",AT,2023,"SK 경매장",KMHM541CPPA001282,A/C
"기아 신형 K5(DL3) 2.0 LPI 렌터카 트렌디",0754,191허1919,흰색,LPG,https://auction.skcarrental.com/uploadFiles/AU_CAR_IMG_ORG/202609/SR2026090198721.JPG,116368,1250,"기아 신형 K5(DL3) 2.0 LPI 렌터카 트렌디",AT,2022,"SK 경매장",KNAG741BBNA191056,A/C
"현대 더 뉴아반떼 하이브리드(CN7) 1.6 HEV 모던",0755,192허7209,기타,가솔린하이브리드,https://auction.skcarrental.com/uploadFiles/AU_CAR_IMG_ORG/202609/SR2026090177021.JPG,10108,1960,"현대 더 뉴아반떼 하이브리드(CN7) 1.6 HEV 모던",AT,2024,"SK 경매장",KMHLN41JGRU086931,A/D
"기아 EV6 롱 레인지 2WD 에어",0705,09하4696,기타,전기,https://auction.skcarrental.com/uploadFiles/AU_CAR_IMG_ORG/202609/SR2026090204721.JPG,85140,2300,"기아 EV6 롱 레인지 2WD 에어",AT,2023,"SK 경매장",KNAC281AFPA105422,B/C
"현대 더 뉴싼타페 하이브리드 1.6 HEV AWD 익스클루시브",0706,191하2982,기타,가솔린하이브리드,https://auction.skcarrental.com/uploadFiles/AU_CAR_IMG_ORG/202609/SR2026090185721.JPG,18958,2110,"현대 더 뉴싼타페 하이브리드 1.6 HEV AWD 익스클루시브",AT,2022,"SK 경매장",KMHS2811DNU059744,F/F
"기아 더 뉴 K3 1.6 가솔린 프레스티지",0707,190허4321,흰색,가솔린,https://auction.skcarrental.com/uploadFiles/AU_CAR_IMG_ORG/202609/SR2026090205921.JPG,82065,1120,"기아 더 뉴 K3 1.6 가솔린 프레스티지",AT,2022,"SK 경매장",KNAF241BENA933249,A/D
"기아 디 올뉴스포티지 2.0 디젤 2WD 트렌디",0708,191하3774,기타,디젤,https://auction.skcarrental.com/uploadFiles/AU_CAR_IMG_ORG/202609/SR2026090204121.JPG,51404,1630,"기아 디 올뉴스포티지 2.0 디젤 2WD 트렌디",AT,2023,"SK 경매장",KNAPU81CBPK126865,A/D
"기아 더 뉴쏘렌토(MQ4) 2.2 디젤 4WD 프레스티지",0709,223허1176,기타,디젤,https://auction.skcarrental.com/uploadFiles/AU_CAR_IMG_ORG/202609/SR2026090180421.JPG,23398,2890,"기아 더 뉴쏘렌토(MQ4) 2.2 디젤 4WD 프레스티지",AT,2024,"SK 경매장",KNARG81BHRA291251,A/C
"기아 더 뉴모닝(JA) 1.0 가솔린 트렌디",0710,192호6089,기타,가솔린,https://auction.skcarrental.com/uploadFiles/AU_CAR_IMG_ORG/202609/SR2026090204021.JPG,16154,870,"기아 더 뉴모닝(JA) 1.0 가솔린 트렌디",AT,2024,"SK 경매장",KNAB1518BRT212722,A/F
"기아 디 올뉴스포티지 하이브리드 1.6 HEV 프레스티지",0711,191허9809,흰색,가솔린하이브리드,https://auction.skcarrental.com/uploadFiles/AU_CAR_IMG_ORG/202609/SR2026090205221.JPG,48936,2310,"기아 디 올뉴스포티지 하이브리드 1.6 HEV 프레스티지",AT,2023,"SK 경매장",KNAPV81GBPK063937,A/B
"현대 아이오닉 5 EV 2WD 롱레인지 익스클루시브",0712,33허0769,기타,전기,https://auction.skcarrental.com/uploadFiles/AU_CAR_IMG_ORG/202609/SR2026090187421.JPG,24729,2310,"현대 아이오닉 5 EV 2WD 롱레인지 익스클루시브",AT,2022,"SK 경매장",KMHKN81AFNU116152,A/B
"현대 더 뉴아반떼 하이브리드(CN7) 1.6 HEV 모던",0713,192하6899,기타,가솔린하이브리드,https://auction.skcarrental.com/uploadFiles/AU_CAR_IMG_ORG/202609/SR2026090202521.JPG,30038,1820,"현대 더 뉴아반떼 하이브리드(CN7) 1.6 HEV 모던",AT,2024,"SK 경매장",KMHLN41JGRU084766,A/D
"기아 신형 K5(DL3) 2.0 가솔린 프레스티지",0714,191하1394,기타,가솔린,https://auction.skcarrental.com/uploadFiles/AU_CAR_IMG_ORG/202609/SR2026090203521.JPG,20591,1550,"기아 신형 K5(DL3) 2.0 가솔린 프레스티지",AT,2022,"SK 경매장",KNAG241ABNA167896,A/C
"현대 더 뉴아반떼 하이브리드(CN7) 1.6 HEV 모던",0715,192허7096,기타,가솔린하이브리드,https://auction.skcarrental.com/uploadFiles/AU_CAR_IMG_ORG/202609/SR2026090179021.JPG,17680,1870,"현대 더 뉴아반떼 하이브리드(CN7) 1.6 HEV 모던",AT,2024,"SK 경매장",KMHLN41JGRU086160,A/B
"현대 아이오닉 5 EV 2WD 롱레인지 프레스티지",0716,24호3762,기타,전기,https://auction.skcarrental.com/uploadFiles/AU_CAR_IMG_ORG/202609/SR2026090202821.JPG,97171,2310,"현대 아이오닉 5 EV 2WD 롱레인지 프레스티지",AT,2023,"SK 경매장",KMHKR81EFPU119768,A/C
"현대 아반떼(CN7) 1.6 가솔린 모던",0717,190허1659,흰색,가솔린,https://auction.skcarrental.com/uploadFiles/AU_CAR_IMG_ORG/202609/SR2026090202321.JPG,114827,1000,"현대 아반떼(CN7) 1.6 가솔린 모던",AT,2021,"SK 경매장",KMHLM41EEMU241302,A/D
"현대 아이오닉 5 EV AWD 롱레인지 익스클루시브",0718,34하8428,기타,전기,https://auction.skcarrental.com/uploadFiles/AU_CAR_IMG_ORG/202609/SR2026090202721.JPG,45772,2510,"현대 아이오닉 5 EV AWD 롱레인지 익스클루시브",AT,2023,"SK 경매장",KMHKN81FPPU213030,A/B
"현대 쏘나타(DN8) 하이브리드 2.0 HEV 모던",0719,190하2563,검정,가솔린하이브리드,https://auction.skcarrental.com/uploadFiles/AU_CAR_IMG_ORG/202609/SR2026090206321.JPG,88911,1510,"현대 쏘나타(DN8) 하이브리드 2.0 HEV 모던",AT,2023,"SK 경매장",KMHL241JBPA066161,A/D
"현대 더 뉴아반떼 하이브리드(CN7) 1.6 HEV 모던",0720,192허7069,기타,가솔린하이브리드,https://auction.skcarrental.com/uploadFiles/AU_CAR_IMG_ORG/202609/SR2026090187021.JPG,16416,1960,"현대 더 뉴아반떼 하이브리드(CN7) 1.6 HEV 모던",AT,2024,"SK 경매장",KMHLN41JGRU086115,A/D
"제네시스 더 뉴G70 가솔린 2.0T AWD 스포츠 패키지",0721,155호3289,흰색,가솔린,https://auction.skcarrental.com/uploadFiles/AU_CAR_IMG_ORG/202609/SR2026090202921.JPG,56761,2410,"제네시스 더 뉴G70 가솔린 2.0T AWD 스포츠 패키지",AT,2021,"SK 경매장",KMTG141ADMU091432,A/C
"현대 아이오닉 5 EV 2WD 롱레인지 프레스티지",0722,52허0352,기타,전기,https://auction.skcarrental.com/uploadFiles/AU_CAR_IMG_ORG/202609/SR2026090202621.JPG,65303,2360,"현대 아이오닉 5 EV 2WD 롱레인지 프레스티지",AT,2022,"SK 경매장",KMHKR81AFNU105704,A/C
"현대 아반떼 하이브리드(CN7) HEV 법인전용",0723,190하2858,흰색,가솔린하이브리드,https://auction.skcarrental.com/uploadFiles/AU_CAR_IMG_ORG/202609/SR2026090123421.JPG,73093,1320,"현대 아반떼 하이브리드(CN7) HEV 법인전용",AT,2023,"SK 경매장",KMHLL41JGPU068405,A/C
"현대 쏘나타(DN8) 하이브리드 2.0 HEV 프리미엄 플러스",0724,191하4345,흰색,가솔린하이브리드,https://auction.skcarrental.com/uploadFiles/AU_CAR_IMG_ORG/202609/SR2026090202121.JPG,82511,1550,"현대 쏘나타(DN8) 하이브리드 2.0 HEV 프리미엄 플러스",AT,2023,"SK 경매장",KMHL241JBPA056699,A/C
"기아 디 올뉴니로EV 에어",0725,17허7523,흰색,전기,https://auction.skcarrental.com/uploadFiles/AU_CAR_IMG_ORG/202610/SR2026100001221.JPG,32670,1870,"기아 디 올뉴니로EV 에어 ",AT,2023,"SK 경매장",KNACP811FPA012310,A/C
"현대 아반떼 하이브리드(CN7) HEV 법인전용",0726,190하4386,흰색,가솔린하이브리드,https://auction.skcarrental.com/uploadFiles/AU_CAR_IMG_ORG/202609/SR2026090172321.JPG,77375,1350,"현대 아반떼 하이브리드(CN7) HEV 법인전용",AT,2023,"SK 경매장",KMHLL41JGPU060117,A/F
"기아 디 올뉴스포티지 하이브리드 1.6 HEV 프레스티지",0727,192하9128,검정,가솔린하이브리드,https://auction.skcarrental.com/uploadFiles/AU_CAR_IMG_ORG/202609/SR2026090199821.JPG,63510,2260,"기아 디 올뉴스포티지 하이브리드 1.6 HEV 프레스티지",AT,2024,"SK 경매장",KNAPV81GBRK109632,A/C
"기아 디 올뉴니로EV 에어",0728,34호3291,흰색,전기,https://auction.skcarrental.com/uploadFiles/AU_CAR_IMG_ORG/202610/SR2026100000321.JPG,52383,1850,"기아 디 올뉴니로EV 에어 ",AT,2023,"SK 경매장",KNACP811FPA012606,A/C
"기아 더 뉴레이 밴 스탠다드",0729,191호9597,흰색,가솔린,https://auction.skcarrental.com/uploadFiles/AU_CAR_IMG_ORG/202609/SR2026090170821.JPG,51934,540,"기아 더 뉴레이 밴 스탠다드",AT,2022,"SK 경매장",KNACF911BNT317768,B/D
"현대 아반떼(CN7) 1.6 LPI 렌터카 법인전용",0730,190허9999,기타,LPG,https://auction.skcarrental.com/uploadFiles/AU_CAR_IMG_ORG/202609/SR2026090199921.JPG,184800,820,"현대 아반떼(CN7) 1.6 LPI 렌터카 법인전용",AT,2023,"SK 경매장",KMHLL41ABPU448161,B/F
"현대 캐스퍼 가솔린 1.0 터보 디 에센셜",0680,223하1952,기타,가솔린,https://auction.skcarrental.com/uploadFiles/AU_CAR_IMG_ORG/202609/SR2026090188621.JPG,20047,1350,"현대 캐스퍼 가솔린 1.0 터보 디 에센셜",AT,2024,"SK 경매장",KMHB3516BRW128053,A/D
"현대 쏘나타(DN8) L2.0 렌터카 프리미엄",0681,191허7242,흰색,LPG,https://auction.skcarrental.com/uploadFiles/AU_CAR_IMG_ORG/202609/SR2026090184221.JPG,71966,1280,"현대 쏘나타(DN8) L2.0 렌터카 프리미엄",AT,2023,"SK 경매장",KMHL341DBPA264423,A/C
"현대 더 뉴아반떼 하이브리드(CN7) 1.6 HEV 모던",0682,192허7197,기타,가솔린하이브리드,https://auction.skcarrental.com/uploadFiles/AU_CAR_IMG_ORG/202609/SR2026090179721.JPG,18172,1920,"현대 더 뉴아반떼 하이브리드(CN7) 1.6 HEV 모던",AT,2024,"SK 경매장",KMHLN41JGRU086814,A/C
"현대 아이오닉 5 EV AWD 롱레인지 익스클루시브",0683,52허0478,흰색,전기,https://auction.skcarrental.com/uploadFiles/AU_CAR_IMG_ORG/202609/SR2026090184721.JPG,141930,1960,"현대 아이오닉 5 EV AWD 롱레인지 익스클루시브",AT,2022,"SK 경매장",KMHKN81CPNU111714,A/B
"현대 더 올뉴투싼 2.0 디젤 2WD 프리미엄",0684,190허8018,기타,디젤,https://auction.skcarrental.com/uploadFiles/AU_CAR_IMG_ORG/202609/SR2026090191421.JPG,120926,1320,"현대 더 올뉴투싼 2.0 디젤 2WD 프리미엄",AT,2022,"SK 경매장",KMHJC81CBNU121241,A/B
"현대 더 뉴아반떼 하이브리드(CN7) 1.6 HEV 모던",0685,192허7140,기타,가솔린하이브리드,https://auction.skcarrental.com/uploadFiles/AU_CAR_IMG_ORG/202609/SR2026090179321.JPG,25091,1870,"현대 더 뉴아반떼 하이브리드(CN7) 1.6 HEV 모던",AT,2024,"SK 경매장",KMHLN41JGRU086514,A/D
"현대 스타리아 2.2 디젤 카고 3인승 모던",0686,800더1526,기타,디젤,https://auction.skcarrental.com/uploadFiles/AU_CAR_IMG_ORG/202607/SR2026070076621.JPG,98714,2310,"현대 스타리아 2.2 디젤 카고 3인승 모던",AT,2023,"SK 경매장",KMFYDX71BPC133581,A/D
"현대 캐스퍼 가솔린 1.0 법인전용",0687,191허3790,기타,가솔린,https://auction.skcarrental.com/uploadFiles/AU_CAR_IMG_ORG/202609/SR2026090188521.JPG,64920,950,"현대 캐스퍼 가솔린 1.0 법인전용",AT,2023,"SK 경매장",KMHB1518BPW031846,A/C
"현대 아반떼(CN7) 1.6 가솔린 법인전용",0688,190허6970,흰색,가솔린,https://auction.skcarrental.com/uploadFiles/AU_CAR_IMG_ORG/202609/SR2026090173421.JPG,102549,870,"현대 아반떼(CN7) 1.6 가솔린 법인전용",AT,2022,"SK 경매장",KMHLL41EENU322857,A/C
"현대 더 뉴싼타페 디젤 2.2 2WD 익스클루시브",0689,191호5319,기타,디젤,https://auction.skcarrental.com/uploadFiles/AU_CAR_IMG_ORG/202609/SR2026090174221.JPG,62167,1840,"현대 더 뉴싼타페 디젤 2.2 2WD 익스클루시브",AT,2022,"SK 경매장",KMHS281HGNU450484,B/C
"기아 더 뉴레이 밴 스탠다드",0690,191하1249,흰색,가솔린,https://auction.skcarrental.com/uploadFiles/AU_CAR_IMG_ORG/202609/SR2026090185121.JPG,60119,470,"기아 더 뉴레이 밴 스탠다드",AT,2022,"SK 경매장",KNACF911BNT285656,A/B
"현대 더 뉴아반떼 하이브리드(CN7) 1.6 HEV 모던",0691,192허7136,기타,가솔린하이브리드,https://auction.skcarrental.com/uploadFiles/AU_CAR_IMG_ORG/202609/SR2026090178821.JPG,26735,1870,"현대 더 뉴아반떼 하이브리드(CN7) 1.6 HEV 모던",AT,2024,"SK 경매장",KMHLN41JGRU086459,A/C
"기아 모닝 어반 1.0 가솔린 특판용",0692,190허7054,기타,가솔린,https://auction.skcarrental.com/uploadFiles/AU_CAR_IMG_ORG/202609/SR2026090198021.JPG,97003,670,"기아 모닝 어반 1.0 가솔린 특판용",AT,2022,"SK 경매장",KNAB1518BNT929800,A/C
"현대 캐스퍼 가솔린 1.0 모던",0693,190호4701,흰색,가솔린,https://auction.skcarrental.com/uploadFiles/AU_CAR_IMG_ORG/202609/SR2026090188421.JPG,83185,880,"현대 캐스퍼 가솔린 1.0 모던",AT,2023,"SK 경매장",KMHB3518BPW023048,A/C
"현대 더 올뉴투싼 2.0 디젤 2WD 모던",0694,190하5378,흰색,디젤,https://auction.skcarrental.com/uploadFiles/AU_CAR_IMG_ORG/202609/SR2026090200121.JPG,48219,1500,"현대 더 올뉴투싼 2.0 디젤 2WD 모던",AT,2023,"SK 경매장",KMHJB81CBPU209398,A/B
"현대 더 뉴아반떼 하이브리드(CN7) 1.6 HEV 모던",0695,192허7142,기타,가솔린하이브리드,https://auction.skcarrental.com/uploadFiles/AU_CAR_IMG_ORG/202609/SR2026090179421.JPG,22322,1800,"현대 더 뉴아반떼 하이브리드(CN7) 1.6 HEV 모던",AT,2024,"SK 경매장",KMHLN41JGRU086651,A/C
"기아 디 올뉴니로EV 에어",0696,17허7581,흰색,전기,https://auction.skcarrental.com/uploadFiles/AU_CAR_IMG_ORG/202610/SR2026100000721.JPG,56985,1820,"기아 디 올뉴니로EV 에어 ",AT,2023,"SK 경매장",KNACP811FPA012575,A/C
"현대 더 뉴그랜저IG 하이브리드 2.4 HEV 르블랑",0697,191허7902,흰색,가솔린하이브리드,https://auction.skcarrental.com/uploadFiles/AU_CAR_IMG_ORG/202609/SR2026090185621.JPG,78786,2060,"현대 더 뉴그랜저IG 하이브리드 2.4 HEV 르블랑",AT,2023,"SK 경매장",KMHF1413BPA155118,A/C
"기아 더 뉴쏘렌토(MQ4) 2.2 디젤 4WD 프레스티지",0698,192허6488,기타,디젤,https://auction.skcarrental.com/uploadFiles/AU_CAR_IMG_ORG/202609/SR2026090204321.JPG,46263,2610,"기아 더 뉴쏘렌토(MQ4) 2.2 디젤 4WD 프레스티지",AT,2024,"SK 경매장",KNARG81BHRA251281,A/D
"르노(삼성) XM3 1.6 GTe RE",0699,192하6711,기타,가솔린,https://auction.skcarrental.com/uploadFiles/AU_CAR_IMG_ORG/202609/SR2026090178621.JPG,33747,1460,"르노(삼성) XM3 1.6 GTe RE",AT,2023,"SK 경매장",KNMK5C2HMPP040207,A/B
"기아 더 뉴기아 레이 1.0 가솔린 스탠다드",0700,192하7738,기타,가솔린,https://auction.skcarrental.com/uploadFiles/AU_CAR_IMG_ORG/202609/SR2026090208321.JPG,34833,820,"기아 더 뉴기아 레이 1.0 가솔린 스탠다드",AT,2023,"SK 경매장",KNACF811BPT365321,A/C
"제네시스 더 올뉴G80 가솔린 3.5 AWD 기본형",0701,170하9295,검정,가솔린,https://auction.skcarrental.com/uploadFiles/AU_CAR_IMG_ORG/202609/SR2026090187621.JPG,72174,3160,"제네시스 더 올뉴G80 가솔린 3.5 AWD 기본형",AT,2022,"SK 경매장",KMTGC41DDNU102812,A/C
"기아 더 뉴 K3 1.6 가솔린 트렌디",0702,191하3250,흰색,가솔린,https://auction.skcarrental.com/uploadFiles/AU_CAR_IMG_ORG/202609/SR2026090208521.JPG,99555,820,"기아 더 뉴 K3 1.6 가솔린 트렌디",AT,2023,"SK 경매장",KNAF141BEPA952106,B/F
"기아 K8 2.5 GDI 시그니처",0703,191하1724,기타,가솔린,https://auction.skcarrental.com/uploadFiles/AU_CAR_IMG_ORG/202609/SR2026090208621.JPG,60082,2230,"기아 K8 2.5 GDI 시그니처",AT,2022,"SK 경매장",KNAM641BBNA023926,A/D
"현대 더 뉴아반떼 하이브리드(CN7) 1.6 HEV 모던",0704,192허7146,기타,가솔린하이브리드,https://auction.skcarrental.com/uploadFiles/AU_CAR_IMG_ORG/202609/SR2026090179121.JPG,9322,2060,"현대 더 뉴아반떼 하이브리드(CN7) 1.6 HEV 모던",AT,2024,"SK 경매장",KMHLN41JGRU086243,A/C
"현대 더 뉴아반떼 하이브리드(CN7) 1.6 HEV 모던",0656,192허7232,기타,가솔린하이브리드,https://auction.skcarrental.com/uploadFiles/AU_CAR_IMG_ORG/202609/SR2026090178921.JPG,24651,1820,"현대 더 뉴아반떼 하이브리드(CN7) 1.6 HEV 모던",AT,2024,"SK 경매장",KMHLN41JGRU086525,B/C
"폴스타 폴스타 2 롱레인지 싱글모터",0657,36하1724,흰색,전기,https://auction.skcarrental.com/uploadFiles/AU_CAR_IMG_ORG/202609/SR2026090189721.JPG,106096,2360,"폴스타 폴스타 2 롱레인지 싱글모터",AT,2023,"SK 경매장",YSMVSEGA6PL143365,A/B
"기아 신형 K5(DL3) 2.0 가솔린 시그니처",0658,370다9586,흰색,가솔린,https://auction.skcarrental.com/uploadFiles/AU_CAR_IMG_ORG/202610/CO2026100001021.JPG,81974,1770,"기아 신형 K5(DL3) 2.0 가솔린 시그니처",AT,2023,"SK 경매장",KNAG541ABPA215031,A/C
"현대 더 뉴팰리세이드 2.2 디젤 AWD 프레스티지",0659,191허7734,검정,디젤,https://auction.skcarrental.com/uploadFiles/AU_CAR_IMG_ORG/202609/SR2026090168421.JPG,71192,2960,"현대 더 뉴팰리세이드 2.2 디젤 AWD 프레스티지",AT,2023,"SK 경매장",KMHR381ADPU527483,A/D
"현대 아이오닉 5 EV AWD 롱레인지 익스클루시브",0660,10하7091,기타,전기,https://auction.skcarrental.com/uploadFiles/AU_CAR_IMG_ORG/202609/SR2026090187521.JPG,105446,2110,"현대 아이오닉 5 EV AWD 롱레인지 익스클루시브",AT,2023,"SK 경매장",KMHKN81FPPU128846,A/B
"기아 더 뉴기아 레이 1.0 가솔린 프레스티지",0661,190호7190,흰색,가솔린,https://auction.skcarrental.com/uploadFiles/AU_CAR_IMG_ORG/202609/SR2026090182921.JPG,74904,920,"기아 더 뉴기아 레이 1.0 가솔린 프레스티지",AT,2023,"SK 경매장",KNACG811BPT336806,A/C
"현대 더 뉴아반떼 하이브리드(CN7) 1.6 HEV 모던",0662,192허7207,기타,가솔린하이브리드,https://auction.skcarrental.com/uploadFiles/AU_CAR_IMG_ORG/202609/SR2026090180121.JPG,20713,1820,"현대 더 뉴아반떼 하이브리드(CN7) 1.6 HEV 모던",AT,2024,"SK 경매장",KMHLN41JGRU086923,B/C
"쉐보레(대우) 더 뉴스파크 LT",0663,190허2448,기타,가솔린,https://auction.skcarrental.com/uploadFiles/AU_CAR_IMG_ORG/202609/SR2026090182421.JPG,164215,370,"쉐보레(대우) 더 뉴스파크 LT ",AT,2022,"SK 경매장",KLYDC487DNC008904,A/D
"현대 쏘나타(DN8) G2.0 프리미엄 플러스",0664,190호8548,기타,가솔린,https://auction.skcarrental.com/uploadFiles/AU_CAR_IMG_ORG/202609/SR2026090183521.JPG,101095,1220,"현대 쏘나타(DN8) G2.0 프리미엄 플러스",AT,2022,"SK 경매장",KMHL141EBNA243358,A/D
"현대 더 뉴아반떼 하이브리드(CN7) 1.6 HEV 모던",0665,192허7206,기타,가솔린하이브리드,https://auction.skcarrental.com/uploadFiles/AU_CAR_IMG_ORG/202609/SR2026090180021.JPG,21653,1920,"현대 더 뉴아반떼 하이브리드(CN7) 1.6 HEV 모던",AT,2024,"SK 경매장",KMHLN41JGRU086920,A/B
"기아 디 올뉴스포티지 2.0 디젤 2WD 프레스티지",0666,190허9960,기타,디젤,https://auction.skcarrental.com/uploadFiles/AU_CAR_IMG_ORG/202609/SR2026090189221.JPG,85349,1450,"기아 디 올뉴스포티지 2.0 디젤 2WD 프레스티지",AT,2023,"SK 경매장",KNAPV81CBPK119379,A/C
"현대 아반떼(CN7) 1.6 가솔린 모던",0667,167호8091,흰색,가솔린,https://auction.skcarrental.com/uploadFiles/AU_CAR_IMG_ORG/202608/CO2026080004521.JPG,125750,820,"현대 아반떼(CN7) 1.6 가솔린 모던",AT,2021,"SK 경매장",KMHLM41EEMU237924,A/C
"기아 니로 EV 프레스티지",0668,12하7505,흰색,전기,https://auction.skcarrental.com/uploadFiles/AU_CAR_IMG_ORG/202609/SR2026090183421.JPG,145130,1120,"기아 니로 EV 프레스티지 ",AT,2022,"SK 경매장",KNACB81GFNA124979,A/C
"현대 아반떼 하이브리드(CN7) HEV 법인전용",0669,190하2859,흰색,가솔린하이브리드,https://auction.skcarrental.com/uploadFiles/AU_CAR_IMG_ORG/202609/SR2026090172621.JPG,91902,1430,"현대 아반떼 하이브리드(CN7) HEV 법인전용",AT,2023,"SK 경매장",KMHLL41JGPU068403,A/D
"기아 신형 K5(DL3) 2.0 가솔린 프레스티지",0670,191하9989,검정,가솔린,https://auction.skcarrental.com/uploadFiles/AU_CAR_IMG_ORG/202609/SR2026090188721.JPG,39274,1800,"기아 신형 K5(DL3) 2.0 가솔린 프레스티지",AT,2023,"SK 경매장",KNAG241ABPA236034,A/C
"현대 디 올뉴그랜저 하이브리드 1.6 하이브리드 캘리그래피",0671,190하3555,기타,가솔린하이브리드,https://auction.skcarrental.com/uploadFiles/AU_CAR_IMG_ORG/202609/SR2026090183621.JPG,44455,3320,"현대 디 올뉴그랜저 하이브리드 1.6 하이브리드 캘리그래피",AT,2023,"SK 경매장",KMHN3411BPA033325,A/B
"현대 더 뉴아반떼 하이브리드(CN7) 1.6 HEV 모던",0672,192허7162,기타,가솔린하이브리드,https://auction.skcarrental.com/uploadFiles/AU_CAR_IMG_ORG/202609/SR2026090179921.JPG,14640,1960,"현대 더 뉴아반떼 하이브리드(CN7) 1.6 HEV 모던",AT,2024,"SK 경매장",KMHLN41JGRU086627,A/D
"기아 디 올뉴스포티지 2.0 디젤 2WD 트렌디",0673,191하7833,검정,디젤,https://auction.skcarrental.com/uploadFiles/AU_CAR_IMG_ORG/202609/SR2026090189121.JPG,62929,1500,"기아 디 올뉴스포티지 2.0 디젤 2WD 트렌디",AT,2023,"SK 경매장",KNAPU81CBPK130118,B/D
"기아 신형쏘렌토 하이브리드(MQ4) 1.6 HEV 2WD 시그니처",0674,190하7692,검정,가솔린하이브리드,https://auction.skcarrental.com/uploadFiles/AU_CAR_IMG_ORG/202609/SR2026090184121.JPG,68158,2510,"기아 신형쏘렌토 하이브리드(MQ4) 1.6 HEV 2WD 시그니처",AT,2023,"SK 경매장",KNARH81GBPA183258,A/C
"현대 더 뉴아반떼 하이브리드(CN7) 1.6 HEV 모던",0675,192허7194,기타,가솔린하이브리드,https://auction.skcarrental.com/uploadFiles/AU_CAR_IMG_ORG/202609/SR2026090179621.JPG,15459,1960,"현대 더 뉴아반떼 하이브리드(CN7) 1.6 HEV 모던",AT,2024,"SK 경매장",KMHLN41JGRU086800,A/C
"기아 신형 K5(DL3) 2.0 가솔린 프레스티지",0676,191하2517,흰색,가솔린,https://auction.skcarrental.com/uploadFiles/AU_CAR_IMG_ORG/202609/SR2026090184321.JPG,56471,1700,"기아 신형 K5(DL3) 2.0 가솔린 프레스티지",AT,2023,"SK 경매장",KNAG241ABPA203650,A/B
"현대 아반떼(CN7) 1.6 가솔린 모던",0677,191하4517,흰색,가솔린,https://auction.skcarrental.com/uploadFiles/AU_CAR_IMG_ORG/250001/SR2500011462121.JPG,92915,1170,"현대 아반떼(CN7) 1.6 가솔린 모던",AT,2023,"SK 경매장",KMHLM41EEPU442707,A/D
"KG모빌리티(쌍용) 더 뉴렉스턴 스포츠 2.2 4WD 와일드",0678,816서3628,흰색,디젤,https://auction.skcarrental.com/uploadFiles/AU_CAR_IMG_ORG/202607/SR2026070186621.JPG,47549,1530,"KG모빌리티(쌍용) 더 뉴렉스턴 스포츠 2.2 4WD 와일드",AT,2023,"SK 경매장",KPADA4AE1PP211897,A/C
"현대 더 뉴그랜저IG 가솔린 3.3 익스클루시브",0679,191하5332,검정,가솔린,https://auction.skcarrental.com/uploadFiles/AU_CAR_IMG_ORG/202609/SR2026090056621.JPG,91117,1820,"현대 더 뉴그랜저IG 가솔린 3.3 익스클루시브",AT,2022,"SK 경매장",KMHF241GBNA497578,A/C
"현대 더 뉴아반떼 하이브리드(CN7) 1.6 HEV 모던",0631,192허7138,기타,가솔린하이브리드,https://auction.skcarrental.com/uploadFiles/AU_CAR_IMG_ORG/202609/SR2026090190321.JPG,22448,1920,"현대 더 뉴아반떼 하이브리드(CN7) 1.6 HEV 모던",AT,2024,"SK 경매장",KMHLN41JGRU086513,A/C
"기아 신형 카니발(KA4) 9인승 가솔린 프레스티지",0632,125너4557,흰색,가솔린,https://auction.skcarrental.com/uploadFiles/AU_CAR_IMG_ORG/202609/PC2026090009121.JPG,129269,1300,"기아 신형 카니발(KA4) 9인승 가솔린 프레스티지",AT,2023,"SK 경매장",KNANB813BPS293064,A/C
"기아 K8 하이브리드 HEV 노블레스",0633,370다9544,흰색,가솔린하이브리드,https://auction.skcarrental.com/uploadFiles/AU_CAR_IMG_ORG/202610/CO2026100000221.JPG,70477,2070,"기아 K8 하이브리드 HEV 노블레스",AT,2023,"SK 경매장",KNAM2411BPA037142,F/C
"기아 더 뉴셀토스 2.0 가솔린 2WD 트렌디",0634,190하3569,흰색,가솔린,https://auction.skcarrental.com/uploadFiles/AU_CAR_IMG_ORG/202609/SR2026090180621.JPG,44293,1550,"기아 더 뉴셀토스 2.0 가솔린 2WD 트렌디",AT,2024,"SK 경매장",KNAEU81AERK522342,F/F
"아우디 A8(4세대) L 55 TFSI 콰트로",0635,114버7978,검정,가솔린,https://auction.skcarrental.com/uploadFiles/AU_CAR_IMG_ORG/202609/CO2026090016121.JPG,51294,5080,"아우디 A8(4세대) L 55 TFSI 콰트로 ",AT,2021,"SK 경매장",WAUZZZF84MN032731,A/B
"현대 넥쏘 FCEV 프리미엄",0636,61무2693,기타,전기,https://auction.skcarrental.com/uploadFiles/AU_CAR_IMG_ORG/202609/PC2026090042221.JPG,124631,800,"현대 넥쏘 FCEV 프리미엄",AT,2019,"SK 경매장",KMHJ8816FKU001554,A/C
"기아 니로 EV 노블레스",0637,31호4475,흰색,전기,https://auction.skcarrental.com/uploadFiles/AU_CAR_IMG_ORG/202609/SR2026090189321.JPG,40749,1500,"기아 니로 EV 노블레스 ",AT,2022,"SK 경매장",KNACB81GFNA104720,A/B
"기아 뉴 신형K5 2.0 LPI 렌터카 럭셔리",0638,128하6870,흰색,LPG,https://auction.skcarrental.com/uploadFiles/AU_CAR_IMG_ORG/202609/CO2026090010421.JPG,116696,650,"기아 뉴 신형K5 2.0 LPI 렌터카 럭셔리",AT,2020,"SK 경매장",KNAGS416BLA386485,B/B
"기아 더 뉴레이 1.0 가솔린 스탠다드",0639,190호7124,흰색,가솔린,https://auction.skcarrental.com/uploadFiles/AU_CAR_IMG_ORG/202609/SR2026090165321.JPG,135403,650,"기아 더 뉴레이 1.0 가솔린 스탠다드",AT,2022,"SK 경매장",KNACG811BNT299268,A/D
"현대 디 올뉴코나 1.6 가솔린 터보 2WD 모던",0640,245로1417,흰색,가솔린,https://auction.skcarrental.com/uploadFiles/AU_CAR_IMG_ORG/202609/PC2026090010321.JPG,100079,1430,"현대 디 올뉴코나 1.6 가솔린 터보 2WD 모던",AT,2023,"SK 경매장",KMHHB813BPU007829,A/C
"현대 더 뉴아반떼 하이브리드(CN7) 1.6 HEV 모던",0641,192허7143,기타,가솔린하이브리드,https://auction.skcarrental.com/uploadFiles/AU_CAR_IMG_ORG/202609/SR2026090179521.JPG,23765,1920,"현대 더 뉴아반떼 하이브리드(CN7) 1.6 HEV 모던",AT,2024,"SK 경매장",KMHLN41JGRU086230,A/C
"기아 EV6 롱 레인지 2WD 에어",0642,34하8880,기타,전기,https://auction.skcarrental.com/uploadFiles/AU_CAR_IMG_ORG/202609/SR2026090189621.JPG,35422,2630,"기아 EV6 롱 레인지 2WD 에어",AT,2023,"SK 경매장",KNAC281AFPA163901,A/C
"기아 디 올뉴니로 1.6 HEV 시그니처",0643,370다9545,기타,가솔린하이브리드,https://auction.skcarrental.com/uploadFiles/AU_CAR_IMG_ORG/202610/CO2026100000321.JPG,91672,2170,"기아 디 올뉴니로 1.6 HEV 시그니처",AT,2024,"SK 경매장",KNACT81EGRA132810,B/B
"기아 더 뉴레이 1.0 가솔린 프레스티지",0644,153주5440,흰색,가솔린,https://auction.skcarrental.com/uploadFiles/AU_CAR_IMG_ORG/202608/PC2026080007921.JPG,137916,620,"기아 더 뉴레이 1.0 가솔린 프레스티지",AT,2022,"SK 경매장",KNACJ811BNT276888,A/C
"현대 더 뉴아반떼 하이브리드(CN7) 1.6 HEV 모던",0645,192허7198,기타,가솔린하이브리드,https://auction.skcarrental.com/uploadFiles/AU_CAR_IMG_ORG/202609/SR2026090179821.JPG,18898,1920,"현대 더 뉴아반떼 하이브리드(CN7) 1.6 HEV 모던",AT,2024,"SK 경매장",KMHLN41JGRU086818,A/D
"현대 캐스퍼 가솔린 1.0 스마트",0646,191하3164,흰색,가솔린,https://auction.skcarrental.com/uploadFiles/AU_CAR_IMG_ORG/202609/SR2026090188321.JPG,52832,790,"현대 캐스퍼 가솔린 1.0 스마트",AT,2023,"SK 경매장",KMHB1518BPW046424,B/C
"기아 신형쏘렌토(MQ4) 2.2 디젤 2WD 프레스티지",0647,370다9581,기타,디젤,https://auction.skcarrental.com/uploadFiles/AU_CAR_IMG_ORG/202610/CO2026100000521.JPG,32586,2070,"기아 신형쏘렌토(MQ4) 2.2 디젤 2WD 프레스티지",AT,2023,"SK 경매장",KNARL81BGPA239935,A/D
"기아 신형 카니발(KA4) 9인승 가솔린 프레스티지",0648,125너4581,흰색,가솔린,https://auction.skcarrental.com/uploadFiles/AU_CAR_IMG_ORG/202609/PC2026090008021.JPG,164672,990,"기아 신형 카니발(KA4) 9인승 가솔린 프레스티지",AT,2023,"SK 경매장",KNANB813BPS260575,A/D
"현대 아반떼(CN7) 1.6 가솔린 법인전용",0649,191하5469,흰색,가솔린,https://auction.skcarrental.com/uploadFiles/AU_CAR_IMG_ORG/202609/SR2026090169221.JPG,123642,980,"현대 아반떼(CN7) 1.6 가솔린 법인전용",AT,2023,"SK 경매장",KMHLL41EEPU374426,A/C
"기아 더 뉴기아 레이 1.0 가솔린 프레스티지",0650,370다9585,검정,가솔린,https://auction.skcarrental.com/uploadFiles/AU_CAR_IMG_ORG/202610/CO2026100000921.JPG,33785,1170,"기아 더 뉴기아 레이 1.0 가솔린 프레스티지",AT,2023,"SK 경매장",KNACG811BPT375526,A/C
"KG모빌리티(쌍용) 토레스 1.5 GDI-T 2WD T5",0651,191허7377,기타,가솔린,https://auction.skcarrental.com/uploadFiles/AU_CAR_IMG_ORG/202609/SR2026090180921.JPG,36297,1300,"KG모빌리티(쌍용) 토레스 1.5 GDI-T 2WD T5",AT,2023,"SK 경매장",KPBPH3AT1PP006343,A/D
"테슬라 모델 3 EV AWD 롱 레인지",0652,52허0307,검정,전기,https://auction.skcarrental.com/uploadFiles/AU_CAR_IMG_ORG/202609/SR2026090190121.JPG,82406,3260,"테슬라 모델 3 EV AWD 롱 레인지",AT,2022,"SK 경매장",5YJ3E1EB2NF230372,A/C
"현대 더 뉴아반떼 하이브리드(CN7) 1.6 HEV 모던",0653,192허7168,기타,가솔린하이브리드,https://auction.skcarrental.com/uploadFiles/AU_CAR_IMG_ORG/202609/SR2026090180221.JPG,38160,1870,"현대 더 뉴아반떼 하이브리드(CN7) 1.6 HEV 모던",AT,2024,"SK 경매장",KMHLN41JGRU086957,A/C
"르노(삼성) 뉴 QM6 2.0 GDe LE",0654,167허5403,기타,가솔린,https://auction.skcarrental.com/uploadFiles/AU_CAR_IMG_ORG/202605/CO2026050007221.JPG,91935,810,"르노(삼성) 뉴 QM6 2.0 GDe LE",AT,2021,"SK 경매장",KNME5C2B4MP075546,B/C
"테슬라 모델 Y RWD",0655,34하8997,검정,전기,https://auction.skcarrental.com/uploadFiles/AU_CAR_IMG_ORG/202609/SR2026090181021.JPG,41075,3210,"테슬라 모델 Y RWD ",AT,2023,"SK 경매장",LRWYGCFS0PC075408,A/C
"현대 더 뉴아반떼 하이브리드(CN7) 1.6 HEV 모던",0606,192허7135,기타,가솔린하이브리드,https://auction.skcarrental.com/uploadFiles/AU_CAR_IMG_ORG/202609/SR2026090181421.JPG,13150,1870,"현대 더 뉴아반떼 하이브리드(CN7) 1.6 HEV 모던",AT,2024,"SK 경매장",KMHLN41JGRU086408,B/C
"벤츠 GLC클래스 GLC 220d 4매틱 쿠페",0607,207저4656,흰색,디젤,https://auction.skcarrental.com/uploadFiles/AU_CAR_IMG_ORG/202609/CO2026090013821.JPG,66006,4380,"벤츠 GLC클래스 GLC 220d 4매틱 쿠페 ",AT,2021,"SK 경매장",W1N0J1FB9MG008311,A/C
"기아 K8 2.5 GDI 노블레스 라이트",0608,245로1458,검정,가솔린,https://auction.skcarrental.com/uploadFiles/AU_CAR_IMG_ORG/202607/PC2026070008721.JPG,89499,1470,"기아 K8 2.5 GDI 노블레스 라이트",AT,2023,"SK 경매장",KNAM141BBPA054023,B/C
"기아 더 뉴레이 밴 스탠다드",0609,191호9582,흰색,가솔린,https://auction.skcarrental.com/uploadFiles/AU_CAR_IMG_ORG/202609/SR2026090157221.JPG,114422,540,"기아 더 뉴레이 밴 스탠다드",AT,2022,"SK 경매장",KNACF911BNT317850,A/C
"아우디 A6(5세대) 40 TDI 프리미엄",0610,304부9135,흰색,디젤,https://auction.skcarrental.com/uploadFiles/AU_CAR_IMG_ORG/202609/CO2026090015421.JPG,82735,2080,"아우디 A6(5세대) 40 TDI 프리미엄",AT,2021,"SK 경매장",WAUZZZF26MN074281,A/B
"현대 더 뉴아반떼 하이브리드(CN7) 1.6 HEV 모던",0611,192허7184,기타,가솔린하이브리드,https://auction.skcarrental.com/uploadFiles/AU_CAR_IMG_ORG/202609/SR2026090191321.JPG,17695,1820,"현대 더 뉴아반떼 하이브리드(CN7) 1.6 HEV 모던",AT,2024,"SK 경매장",KMHLN41JGRU086766,A/B
"기아 더 뉴셀토스 1.6 가솔린 터보 2WD 트렌디",0612,125너4523,흰색,가솔린,https://auction.skcarrental.com/uploadFiles/AU_CAR_IMG_ORG/202609/PC2026090009721.JPG,84223,1260,"기아 더 뉴셀토스 1.6 가솔린 터보 2WD 트렌디",AT,2023,"SK 경매장",KNAEP817BPK475117,A/D
"현대 디 올뉴그랜저 하이브리드 1.6 하이브리드 프리미엄",0613,191허4304,검정,가솔린하이브리드,https://auction.skcarrental.com/uploadFiles/AU_CAR_IMG_ORG/202609/SR2026090191121.JPG,56811,2560,"현대 디 올뉴그랜저 하이브리드 1.6 하이브리드 프리미엄",AT,2023,"SK 경매장",KMHN1411BPA004071,A/D
"현대 더 뉴아반떼 하이브리드(CN7) 1.6 HEV 모던",0614,192허7133,기타,가솔린하이브리드,https://auction.skcarrental.com/uploadFiles/AU_CAR_IMG_ORG/202609/SR2026090181321.JPG,25044,1870,"현대 더 뉴아반떼 하이브리드(CN7) 1.6 HEV 모던",AT,2024,"SK 경매장",KMHLN41JGRU086382,B/C
"BMW X5(4세대) 40i xDrive M 스포츠팩",0615,115누1911,흰색,가솔린,https://auction.skcarrental.com/uploadFiles/AU_CAR_IMG_ORG/202609/CO2026090015021.JPG,44951,7380,"BMW X5(4세대) 40i xDrive M 스포츠팩",AT,2023,"SK 경매장",WBACR6109P9R09636,A/C
"기아 더 뉴 K3 1.6 가솔린 트렌디",0616,125너4519,흰색,가솔린,https://auction.skcarrental.com/uploadFiles/AU_CAR_IMG_ORG/202609/PC2026090010221.JPG,98500,730,"기아 더 뉴 K3 1.6 가솔린 트렌디",AT,2023,"SK 경매장",KNAF141BEPA960003,B/C
"기아 신형 K5(DL3) 2.0 LPI 렌터카 트렌디",0617,148호4886,흰색,LPG,https://auction.skcarrental.com/uploadFiles/AU_CAR_IMG_ORG/202609/SR2026090190421.JPG,117905,1250,"기아 신형 K5(DL3) 2.0 LPI 렌터카 트렌디",AT,2021,"SK 경매장",KNAG741BBMA145299,A/C
"벤츠 GLE클래스(4세대) GLE 400d 4매틱 쿠페",0618,392구5430,기타,디젤,https://auction.skcarrental.com/uploadFiles/AU_CAR_IMG_ORG/202609/CO2026090013421.JPG,122056,4480,"벤츠 GLE클래스(4세대) GLE 400d 4매틱 쿠페 ",AT,2021,"SK 경매장",W1NFD2DB6MA540094,A/C
"현대 아반떼 하이브리드(CN7) HEV 법인전용",0619,190하4916,흰색,가솔린하이브리드,https://auction.skcarrental.com/uploadFiles/AU_CAR_IMG_ORG/202609/SR2026090168221.JPG,67302,1410,"현대 아반떼 하이브리드(CN7) HEV 법인전용",AT,2023,"SK 경매장",KMHLL41JGPU063334,B/C
"기아 더 뉴 K3 1.6 가솔린 트렌디",0620,245로1487,흰색,가솔린,https://auction.skcarrental.com/uploadFiles/AU_CAR_IMG_ORG/202609/PC2026090009821.JPG,67193,640,"기아 더 뉴 K3 1.6 가솔린 트렌디",AT,2023,"SK 경매장",KNAF141BEPA958447,C/C
"현대 캐스퍼 가솔린 1.0 밴 스마트",0621,190허8456,흰색,가솔린,https://auction.skcarrental.com/uploadFiles/AU_CAR_IMG_ORG/202609/SR2026090190721.JPG,7948,950,"현대 캐스퍼 가솔린 1.0 밴 스마트",AT,2023,"SK 경매장",KMHB3918BPW020261,A/B
"현대 더 뉴아반떼 하이브리드(CN7) 1.6 HEV 모던",0622,192허7191,기타,가솔린하이브리드,https://auction.skcarrental.com/uploadFiles/AU_CAR_IMG_ORG/202609/SR2026090182121.JPG,11033,1820,"현대 더 뉴아반떼 하이브리드(CN7) 1.6 HEV 모던",AT,2024,"SK 경매장",KMHLN41JGRU086782,B/C
"기아 더 뉴셀토스 1.6 가솔린 터보 2WD 프레스티지",0623,370다9542,기타,가솔린,https://auction.skcarrental.com/uploadFiles/AU_CAR_IMG_ORG/202610/CO2026100000121.JPG,29449,1820,"기아 더 뉴셀토스 1.6 가솔린 터보 2WD 프레스티지",AT,2023,"SK 경매장",KNAER817BPK494308,A/C
"기아 신형 카니발(KA4) 9인승 가솔린 프레스티지",0624,125너4565,흰색,가솔린,https://auction.skcarrental.com/uploadFiles/AU_CAR_IMG_ORG/202609/PC2026090010121.JPG,134240,1160,"기아 신형 카니발(KA4) 9인승 가솔린 프레스티지",AT,2023,"SK 경매장",KNANB813BPS310483,A/C
"기아 신형 K5(DL3) 2.0 가솔린 시그니처",0625,190호6826,검정,가솔린,https://auction.skcarrental.com/uploadFiles/AU_CAR_IMG_ORG/202609/SR2026090190521.JPG,74219,1650,"기아 신형 K5(DL3) 2.0 가솔린 시그니처",AT,2022,"SK 경매장",KNAG541ABNA196842,A/C
"기아 신형 카니발(KA4) 9인승 가솔린 노블레스",0626,397로4074,흰색,가솔린,https://auction.skcarrental.com/uploadFiles/AU_CAR_IMG_ORG/202609/CO2026090012521.JPG,80820,1920,"기아 신형 카니발(KA4) 9인승 가솔린 노블레스",AT,2023,"SK 경매장",KNANC813BPS325937,A/B
"현대 더 뉴아반떼 하이브리드(CN7) 1.6 HEV 모던",0627,192허7203,기타,가솔린하이브리드,https://auction.skcarrental.com/uploadFiles/AU_CAR_IMG_ORG/202609/SR2026090176521.JPG,17172,1870,"현대 더 뉴아반떼 하이브리드(CN7) 1.6 HEV 모던",AT,2024,"SK 경매장",KMHLN41JGRU086897,A/B
"기아 더 뉴기아 레이 1.0 가솔린 프레스티지",0628,125너4517,흰색,가솔린,https://auction.skcarrental.com/uploadFiles/AU_CAR_IMG_ORG/202609/PC2026090009321.JPG,80029,930,"기아 더 뉴기아 레이 1.0 가솔린 프레스티지",AT,2023,"SK 경매장",KNACG811BPT344808,A/D
"현대 아반떼 하이브리드(CN7) HEV 법인전용",0629,190하2524,흰색,가솔린하이브리드,https://auction.skcarrental.com/uploadFiles/AU_CAR_IMG_ORG/202609/SR2026090153321.JPG,83147,1420,"현대 아반떼 하이브리드(CN7) HEV 법인전용",AT,2023,"SK 경매장",KMHLL41JGPU067242,A/C
"기아 신형쏘렌토(MQ4) 2.5 가솔린 2WD 프레스티지",0630,190허9283,흰색,가솔린,https://auction.skcarrental.com/uploadFiles/AU_CAR_IMG_ORG/202609/SR2026090180321.JPG,28602,2310,"기아 신형쏘렌토(MQ4) 2.5 가솔린 2WD 프레스티지",AT,2023,"SK 경매장",KNARH81FGPA182623,A/B
"기아 신형 카니발(KA4) 9인승 가솔린 프레스티지",0580,125너4591,흰색,가솔린,https://auction.skcarrental.com/uploadFiles/AU_CAR_IMG_ORG/202609/PC2026090008721.JPG,124501,1240,"기아 신형 카니발(KA4) 9인승 가솔린 프레스티지",AT,2023,"SK 경매장",KNANB813BPS266834,A/C
"기아 신형 K5(DL3) 2.0 가솔린 시그니처",0581,397로4064,검정,가솔린,https://auction.skcarrental.com/uploadFiles/AU_CAR_IMG_ORG/202609/CO2026090012221.JPG,106066,2020,"기아 신형 K5(DL3) 2.0 가솔린 시그니처",AT,2023,"SK 경매장",KNAG541ABPA242118,F/D
"제네시스 GV60 EV AWD 스탠다드",0582,31호7338,기타,전기,https://auction.skcarrental.com/uploadFiles/AU_CAR_IMG_ORG/202609/SR2026090183921.JPG,31565,3860,"제네시스 GV60 EV AWD 스탠다드",AT,2022,"SK 경매장",KMTKC81CPNU008289,A/C
"현대 신형 싼타페 R2.0 2WD 프리미엄",0583,145하2713,기타,디젤,https://auction.skcarrental.com/uploadFiles/AU_CAR_IMG_ORG/202609/CO2026090011721.JPG,116480,1150,"현대 신형 싼타페 R2.0 2WD 프리미엄",AT,2020,"SK 경매장",KMHS281BBLU245167,F/C
"기아 신형 카니발(KA4) 9인승 가솔린 프레스티지",0584,125너4555,흰색,가솔린,https://auction.skcarrental.com/uploadFiles/AU_CAR_IMG_ORG/202609/PC2026090008121.JPG,144842,1160,"기아 신형 카니발(KA4) 9인승 가솔린 프레스티지",AT,2023,"SK 경매장",KNANB813BPS260602,A/D
"기아 신형쏘렌토(MQ4) 2.5 가솔린 4WD 노블레스",0585,397로4079,흰색,가솔린,https://auction.skcarrental.com/uploadFiles/AU_CAR_IMG_ORG/202609/CO2026090012321.JPG,73227,2570,"기아 신형쏘렌토(MQ4) 2.5 가솔린 4WD 노블레스",AT,2023,"SK 경매장",KNARF81FHPA238500,A/C
"현대 더 뉴아반떼(CN7) 가솔린 1.6 스마트",0586,192허6809,흰색,가솔린,https://auction.skcarrental.com/uploadFiles/AU_CAR_IMG_ORG/202609/SR2026090193821.JPG,87848,1300,"현대 더 뉴아반떼(CN7) 가솔린 1.6 스마트",AT,2024,"SK 경매장",KMHLM41EERU673152,A/C
"현대 그랜저HG LPI 렌터카 모던",0587,46하7345,검정,LPG,https://auction.skcarrental.com/uploadFiles/AU_CAR_IMG_ORG/202609/CO2026090010821.JPG,216955,250,"현대 그랜저HG LPI 렌터카 모던",AT,2017,"SK 경매장",KMHFH41NBHA586676,F/F
"기아 신형 카니발(KA4) 9인승 가솔린 프레스티지",0588,125너4587,흰색,가솔린,https://auction.skcarrental.com/uploadFiles/AU_CAR_IMG_ORG/202609/PC2026090009021.JPG,159281,1020,"기아 신형 카니발(KA4) 9인승 가솔린 프레스티지",AT,2023,"SK 경매장",KNANB813BPS293063,A/C
"현대 아반떼(CN7) 1.6 가솔린 모던",0589,106호5218,흰색,가솔린,https://auction.skcarrental.com/uploadFiles/AU_CAR_IMG_ORG/202609/SR2026090168321.JPG,102071,1170,"현대 아반떼(CN7) 1.6 가솔린 모던",AT,2023,"SK 경매장",KMHLM41EEPU419464,A/C
"기아 신형 카니발(KA4) 하이리무진 7인승 가솔린 시그니처",0590,152허2041,흰색,가솔린,https://auction.skcarrental.com/uploadFiles/AU_CAR_IMG_ORG/202609/CO2026090009021.JPG,72067,3200,"기아 신형 카니발(KA4) 하이리무진 7인승 가솔린 시그니처",AT,2023,"SK 경매장",KNANE813BPS310335,A/C
"벤츠 C클래스(5세대) C300 AMG 라인",0591,142다7358,기타,가솔린,https://auction.skcarrental.com/uploadFiles/AU_CAR_IMG_ORG/202609/CO2026090015521.JPG,73613,2180,"벤츠 C클래스(5세대) C300 AMG 라인",AT,2022,"SK 경매장",W1KAF4GB7NF043410,A/C
"기아 신형 카니발(KA4) 9인승 가솔린 프레스티지",0592,125너4531,흰색,가솔린,https://auction.skcarrental.com/uploadFiles/AU_CAR_IMG_ORG/202609/PC2026090008921.JPG,129864,1260,"기아 신형 카니발(KA4) 9인승 가솔린 프레스티지",AT,2023,"SK 경매장",KNANB813BPS267236,A/D
"벤츠 CLS클래스(3세대) CLS 300d 4매틱",0593,197조6985,흰색,디젤,https://auction.skcarrental.com/uploadFiles/AU_CAR_IMG_ORG/202609/CO2026090015621.JPG,102576,2980,"벤츠 CLS클래스(3세대) CLS 300d 4매틱 ",AT,2022,"SK 경매장",W1K2J1KBXNA103427,A/B
"현대 더 뉴아반떼 하이브리드(CN7) 1.6 HEV 모던",0594,192허7097,기타,가솔린하이브리드,https://auction.skcarrental.com/uploadFiles/AU_CAR_IMG_ORG/202609/SR2026090181221.JPG,6866,2060,"현대 더 뉴아반떼 하이브리드(CN7) 1.6 HEV 모던",AT,2024,"SK 경매장",KMHLN41JGRU086233,A/B
"기아 신형 카니발(KA4) 9인승 디젤 프레스티지",0595,397로4075,흰색,디젤,https://auction.skcarrental.com/uploadFiles/AU_CAR_IMG_ORG/202609/CO2026090012421.JPG,136473,1470,"기아 신형 카니발(KA4) 9인승 디젤 프레스티지",AT,2023,"SK 경매장",KNANB81BBPS259175,A/C
"기아 더 뉴기아 레이 1.0 가솔린 프레스티지",0596,125너4539,흰색,가솔린,https://auction.skcarrental.com/uploadFiles/AU_CAR_IMG_ORG/202609/PC2026090009421.JPG,97134,920,"기아 더 뉴기아 레이 1.0 가솔린 프레스티지",AT,2023,"SK 경매장",KNACG811BPT343411,B/D
"현대 더 뉴아반떼 하이브리드(CN7) 1.6 HEV 모던",0597,192허7202,기타,가솔린하이브리드,https://auction.skcarrental.com/uploadFiles/AU_CAR_IMG_ORG/202609/SR2026090176321.JPG,9515,2060,"현대 더 뉴아반떼 하이브리드(CN7) 1.6 HEV 모던",AT,2024,"SK 경매장",KMHLN41JGRU086892,A/C
"기아 신형 카니발(KA4) 9인승 디젤 프레스티지",0598,397로4091,흰색,디젤,https://auction.skcarrental.com/uploadFiles/AU_CAR_IMG_ORG/202609/CO2026090013021.JPG,121798,1570,"기아 신형 카니발(KA4) 9인승 디젤 프레스티지",AT,2023,"SK 경매장",KNANB81BBPS313803,A/C
"현대 아반떼 하이브리드(CN7) HEV 법인전용",0599,190하2715,흰색,가솔린하이브리드,https://auction.skcarrental.com/uploadFiles/AU_CAR_IMG_ORG/202609/SR2026090163021.JPG,69240,1420,"현대 아반떼 하이브리드(CN7) HEV 법인전용",AT,2023,"SK 경매장",KMHLL41JGPU068002,B/C
"기아 더 뉴셀토스 1.6 가솔린 터보 2WD 트렌디",0600,125너4511,흰색,가솔린,https://auction.skcarrental.com/uploadFiles/AU_CAR_IMG_ORG/202609/PC2026090009621.JPG,133065,1070,"기아 더 뉴셀토스 1.6 가솔린 터보 2WD 트렌디",AT,2023,"SK 경매장",KNAEP817BPK474138,A/C
"기아 신형쏘렌토(MQ4) 2.2 디젤 2WD 프레스티지",0601,397로4080,기타,디젤,https://auction.skcarrental.com/uploadFiles/AU_CAR_IMG_ORG/202609/CO2026090012821.JPG,195128,1470,"기아 신형쏘렌토(MQ4) 2.2 디젤 2WD 프레스티지",AT,2023,"SK 경매장",KNARL81BGPA188221,F/F
"현대 더 뉴아반떼 하이브리드(CN7) 1.6 HEV 모던",0602,192허7212,기타,가솔린하이브리드,https://auction.skcarrental.com/uploadFiles/AU_CAR_IMG_ORG/202609/SR2026090181521.JPG,22035,1920,"현대 더 뉴아반떼 하이브리드(CN7) 1.6 HEV 모던",AT,2024,"SK 경매장",KMHLN41JGRU086980,A/C
"벤츠 C클래스(4세대) C200 쿠페",0603,353어8758,흰색,가솔린,https://auction.skcarrental.com/uploadFiles/AU_CAR_IMG_ORG/202609/CO2026090013721.JPG,55243,2480,"벤츠 C클래스(4세대) C200 쿠페 ",AT,2021,"SK 경매장",W1KWJ8AB8MG102607,A/B
"기아 신형 카니발(KA4) 9인승 가솔린 프레스티지",0604,125너4549,흰색,가솔린,https://auction.skcarrental.com/uploadFiles/AU_CAR_IMG_ORG/202609/PC2026090009221.JPG,145683,1190,"기아 신형 카니발(KA4) 9인승 가솔린 프레스티지",AT,2023,"SK 경매장",KNANB813BPS303196,A/D
"아우디 Q5(2세대) 45 TFSI 콰트로 스포트백 프리미엄",0605,175두3926,흰색,가솔린,https://auction.skcarrental.com/uploadFiles/AU_CAR_IMG_ORG/202609/CO2026090014821.JPG,60359,2980,"아우디 Q5(2세대) 45 TFSI 콰트로 스포트백 프리미엄",AT,2022,"SK 경매장",WAUZZZFY0N2140105,A/B
"기아 더 뉴 K3 1.6 가솔린 트렌디",0554,191하2951,흰색,가솔린,https://auction.skcarrental.com/uploadFiles/AU_CAR_IMG_ORG/202609/SR2026090182721.JPG,87706,820,"기아 더 뉴 K3 1.6 가솔린 트렌디",AT,2023,"SK 경매장",KNAF141BEPA951771,A/C
"벤츠 S클래스(7세대) S500L 4매틱",0555,134다6626,기타,가솔린,https://auction.skcarrental.com/uploadFiles/AU_CAR_IMG_ORG/202609/CO2026090005421.JPG,35614,8080,"벤츠 S클래스(7세대) S500L 4매틱 ",AT,2022,"SK 경매장",W1K6G6DB1NA072871,A/C
"기아 신형 카니발(KA4) 9인승 가솔린 프레스티지",0556,125너4561,흰색,가솔린,https://auction.skcarrental.com/uploadFiles/AU_CAR_IMG_ORG/202609/PC2026090008321.JPG,154824,1180,"기아 신형 카니발(KA4) 9인승 가솔린 프레스티지",AT,2023,"SK 경매장",KNANB813BPS260572,A/D
"BMW 그란투리스모(GT) 6시리즈 620d xDrive M 스포츠팩",0557,335우8588,검정,디젤,https://auction.skcarrental.com/uploadFiles/AU_CAR_IMG_ORG/202609/CO2026090009421.JPG,150432,2680,"BMW 그란투리스모(GT) 6시리즈 620d xDrive M 스포츠팩",AT,2022,"SK 경매장",WBAJY0108NCH90391,A/D
"기아 신형쏘렌토(MQ4) 2.2 디젤 4WD 프레스티지",0558,191하9672,기타,디젤,https://auction.skcarrental.com/uploadFiles/AU_CAR_IMG_ORG/202609/SR2026090005221.JPG,27376,2210,"기아 신형쏘렌토(MQ4) 2.2 디젤 4WD 프레스티지",AT,2023,"SK 경매장",KNARL81BHPA222823,F/F
"제네시스 신형 G90 3.5 터보 AWD 기본형",0559,191호5392,검정,가솔린,https://auction.skcarrental.com/uploadFiles/AU_CAR_IMG_ORG/202609/SR2026090143521.JPG,81533,4800,"제네시스 신형 G90 3.5 터보 AWD 기본형",AT,2023,"SK 경매장",KMTFA41DDPU019559,A/C
"기아 신형 카니발(KA4) 9인승 가솔린 프레스티지",0560,125너4575,흰색,가솔린,https://auction.skcarrental.com/uploadFiles/AU_CAR_IMG_ORG/202609/PC2026090008221.JPG,150981,1260,"기아 신형 카니발(KA4) 9인승 가솔린 프레스티지",AT,2023,"SK 경매장",KNANB813BPS260591,A/D
"르노(삼성) XM3 1.6 GTe SE",0561,167허5704,기타,가솔린,https://auction.skcarrental.com/uploadFiles/AU_CAR_IMG_ORG/202609/CO2026090009921.JPG,111885,690,"르노(삼성) XM3 1.6 GTe SE",AT,2022,"SK 경매장",KNMK5C2HMNP014967,A/C
"현대 캐스퍼 가솔린 1.0 인스퍼레이션",0562,190허2708,기타,가솔린,https://auction.skcarrental.com/uploadFiles/AU_CAR_IMG_ORG/202609/SR2026090182221.JPG,53888,1100,"현대 캐스퍼 가솔린 1.0 인스퍼레이션",AT,2022,"SK 경매장",KMHB5518BNW002323,A/C
"기아 뉴 신형K5 2.0 LPI 렌터카 프레스티지",0563,107소1222,기타,LPG,https://auction.skcarrental.com/uploadFiles/AU_CAR_IMG_ORG/202609/CO2026090010121.JPG,175402,520,"기아 뉴 신형K5 2.0 LPI 렌터카 프레스티지",AT,2019,"SK 경매장",KNAGT416BKA297725,A/C
"기아 신형 카니발(KA4) 9인승 가솔린 프레스티지",0564,125너4579,흰색,가솔린,https://auction.skcarrental.com/uploadFiles/AU_CAR_IMG_ORG/202609/PC2026090008521.JPG,169506,1080,"기아 신형 카니발(KA4) 9인승 가솔린 프레스티지",AT,2023,"SK 경매장",KNANB813BPS264926,A/D
"벤츠 GLS클래스(3세대) GLS 580 4매틱",0565,103나4563,흰색,가솔린,https://auction.skcarrental.com/uploadFiles/AU_CAR_IMG_ORG/202609/CO2026090013621.JPG,101782,5280,"벤츠 GLS클래스(3세대) GLS 580 4매틱 ",AT,2021,"SK 경매장",W1NFF8GE8MA576047,A/C
"현대 아이오닉 5 EV 2WD 롱레인지 익스클루시브",0566,13하4440,검정,전기,https://auction.skcarrental.com/uploadFiles/AU_CAR_IMG_ORG/202609/SR2026090181621.JPG,180742,1350,"현대 아이오닉 5 EV 2WD 롱레인지 익스클루시브",AT,2022,"SK 경매장",KMHKN81AFNU020331,A/D
"기아 신형 카니발(KA4) 9인승 디젤 노블레스",0567,167하9926,흰색,디젤,https://auction.skcarrental.com/uploadFiles/AU_CAR_IMG_ORG/202609/CO2026090009721.JPG,159716,1600,"기아 신형 카니발(KA4) 9인승 디젤 노블레스",AT,2022,"SK 경매장",KNANC81BBNS154729,A/D
"현대 아이오닉 6 롱레인지 2WD 익스클루시브 플러스",0568,60무8273,흰색,전기,https://auction.skcarrental.com/uploadFiles/AU_CAR_IMG_ORG/202609/PC2026090008421.JPG,147878,1910,"현대 아이오닉 6 롱레인지 2WD 익스클루시브 플러스",AT,2023,"SK 경매장",KMHM341AFPA007463,A/F
"제네시스 GV80 3.5 가솔린 AWD 기본형",0569,324다2922,기타,가솔린,https://auction.skcarrental.com/uploadFiles/AU_CAR_IMG_ORG/202609/CO2026090012721.JPG,88665,3840,"제네시스 GV80 3.5 가솔린 AWD 기본형",AT,2022,"SK 경매장",KMTHC81CDNU088643,A/B
"현대 아반떼(CN7) 1.6 가솔린 모던",0570,191허3641,기타,가솔린,https://auction.skcarrental.com/uploadFiles/AU_CAR_IMG_ORG/202608/SR2026080150021.JPG,57891,1170,"현대 아반떼(CN7) 1.6 가솔린 모던",AT,2023,"SK 경매장",KMHLM41EEPU383812,A/C
"현대 아이오닉 5 EV AWD 롱레인지 익스클루시브",0571,10하7098,기타,전기,https://auction.skcarrental.com/uploadFiles/AU_CAR_IMG_ORG/202609/SR2026090040321.JPG,88555,2160,"현대 아이오닉 5 EV AWD 롱레인지 익스클루시브",AT,2023,"SK 경매장",KMHKN81FPPU128878,A/C
"기아 신형 카니발(KA4) 9인승 가솔린 프레스티지",0572,245로1469,흰색,가솔린,https://auction.skcarrental.com/uploadFiles/AU_CAR_IMG_ORG/202609/PC2026090008821.JPG,136127,1170,"기아 신형 카니발(KA4) 9인승 가솔린 프레스티지",AT,2023,"SK 경매장",KNANB813BPS266835,A/D
"현대 쏘나타(DN8) L2.0 렌터카 스타일",0573,271서8841,흰색,LPG,https://auction.skcarrental.com/uploadFiles/AU_CAR_IMG_ORG/202608/CO2026080007721.JPG,129959,500,"현대 쏘나타(DN8) L2.0 렌터카 스타일",AT,2020,"SK 경매장",KMHL341DBLA030971,F/F
"현대 더 뉴아반떼 하이브리드(CN7) 1.6 HEV 모던",0574,192허7134,기타,가솔린하이브리드,https://auction.skcarrental.com/uploadFiles/AU_CAR_IMG_ORG/202609/SR2026090182021.JPG,15192,1960,"현대 더 뉴아반떼 하이브리드(CN7) 1.6 HEV 모던",AT,2024,"SK 경매장",KMHLN41JGRU086396,A/C
"아우디 Q7(2세대) 45 TDI 콰트로 프리미엄",0575,251저1130,검정,디젤,https://auction.skcarrental.com/uploadFiles/AU_CAR_IMG_ORG/202609/CO2026090013221.JPG,101154,3880,"아우디 Q7(2세대) 45 TDI 콰트로 프리미엄",AT,2022,"SK 경매장",WAUZZZ4M1ND001038,A/B
"기아 신형 카니발(KA4) 9인승 가솔린 프레스티지",0576,125너4543,흰색,가솔린,https://auction.skcarrental.com/uploadFiles/AU_CAR_IMG_ORG/202609/PC2026090008621.JPG,137266,1200,"기아 신형 카니발(KA4) 9인승 가솔린 프레스티지",AT,2023,"SK 경매장",KNANB813BPS266831,A/C
"기아 신형 K5(DL3) 2.0 가솔린 시그니처",0577,397로4058,검정,가솔린,https://auction.skcarrental.com/uploadFiles/AU_CAR_IMG_ORG/202609/CO2026090012121.JPG,142915,1970,"기아 신형 K5(DL3) 2.0 가솔린 시그니처",AT,2023,"SK 경매장",KNAG541ABPA244389,A/D
"기아 신형 카니발(KA4) 9인승 디젤 프레스티지",0578,191허7085,흰색,디젤,https://auction.skcarrental.com/uploadFiles/AU_CAR_IMG_ORG/202608/SR2026080130521.JPG,62550,1740,"기아 신형 카니발(KA4) 9인승 디젤 프레스티지",AT,2023,"SK 경매장",KNANB81BBPS228723,B/C
"현대 아반떼 하이브리드(CN7) HEV 인스퍼레이션",0579,191하2396,검정,가솔린하이브리드,https://auction.skcarrental.com/uploadFiles/AU_CAR_IMG_ORG/202609/SR2026090029221.JPG,114002,1550,"현대 아반떼 하이브리드(CN7) HEV 인스퍼레이션",AT,2023,"SK 경매장",KMHLR41JGPU041563,A/D
"현대 쏘나타(DN8) G2.0 스마트",0541,371어7456,검정,가솔린,https://auction.skcarrental.com/uploadFiles/AU_CAR_IMG_ORG/202609/CO2026090008021.JPG,75370,850,"현대 쏘나타(DN8) G2.0 스마트",AT,2020,"SK 경매장",KMHL141EBLA055693,A/D
"제네시스 더 올뉴G80 가솔린 3.5 AWD 기본형",0542,155호4496,검정,가솔린,https://auction.skcarrental.com/uploadFiles/AU_CAR_IMG_ORG/202608/SR2026080126621.JPG,110548,2210,"제네시스 더 올뉴G80 가솔린 3.5 AWD 기본형",AT,2022,"SK 경매장",KMTGC41DDNU100457,B/C
"기아 올 뉴모닝(JA) 가솔린 트렌디",0543,371어7426,기타,가솔린,https://auction.skcarrental.com/uploadFiles/AU_CAR_IMG_ORG/202609/CO2026090008821.JPG,140018,350,"기아 올 뉴모닝(JA) 가솔린 트렌디",AT,2020,"SK 경매장",KNAB6511BLT589579,A/C
"기아 신형 카니발(KA4) 9인승 가솔린 프레스티지",0544,245로1425,흰색,가솔린,https://auction.skcarrental.com/uploadFiles/AU_CAR_IMG_ORG/202609/PC2026090007721.JPG,162323,1020,"기아 신형 카니발(KA4) 9인승 가솔린 프레스티지",AT,2023,"SK 경매장",KNANB813BPS260596,A/D
"테슬라 모델 3 EV AWD 롱 레인지",0545,02하9736,흰색,전기,https://auction.skcarrental.com/uploadFiles/AU_CAR_IMG_ORG/202608/SR2026080138221.JPG,30285,3560,"테슬라 모델 3 EV AWD 롱 레인지",AT,2022,"SK 경매장",5YJ3E1EBXNF149474,A/C
"쉐보레(대우) 트레일블레이저 1.35 가솔린 프리미어",0546,191허1923,검정,가솔린,https://auction.skcarrental.com/uploadFiles/AU_CAR_IMG_ORG/202608/SR2026080149121.JPG,25685,1250,"쉐보레(대우) 트레일블레이저 1.35 가솔린 프리미어",AT,2022,"SK 경매장",KLAPC56LDNB112465,A/C
"기아 올 뉴모닝(JA) 가솔린 트렌디",0547,371어7476,기타,가솔린,https://auction.skcarrental.com/uploadFiles/AU_CAR_IMG_ORG/202609/CO2026090007621.JPG,132909,350,"기아 올 뉴모닝(JA) 가솔린 트렌디",AT,2020,"SK 경매장",KNAB6511BLT590539,A/F
"현대 아이오닉 6 롱레인지 2WD 익스클루시브 플러스",0548,37저8320,흰색,전기,https://auction.skcarrental.com/uploadFiles/AU_CAR_IMG_ORG/202609/PC2026090006921.JPG,173724,1730,"현대 아이오닉 6 롱레인지 2WD 익스클루시브 플러스",AT,2023,"SK 경매장",KMHM341AFPA007049,A/C
"현대 쏘나타(DN8) G2.0 모던",0549,170하8431,흰색,가솔린,https://auction.skcarrental.com/uploadFiles/AU_CAR_IMG_ORG/202609/SR2026090098821.JPG,163141,1010,"현대 쏘나타(DN8) G2.0 모던",AT,2022,"SK 경매장",KMHL141EBNA174253,B/C
"기아 신형 카니발(KA4) 9인승 디젤 프레스티지",0550,173러3769,검정,디젤,https://auction.skcarrental.com/uploadFiles/AU_CAR_IMG_ORG/202609/CO2026090009121.JPG,163253,1395,"기아 신형 카니발(KA4) 9인승 디젤 프레스티지",AT,2021,"SK 경매장",KNANB81BBMS120327,A/F
"기아 신형 K5(DL3) 2.0 가솔린 프레스티지",0551,191호5512,검정,가솔린,https://auction.skcarrental.com/uploadFiles/AU_CAR_IMG_ORG/202608/SR2026080032221.JPG,47079,1500,"기아 신형 K5(DL3) 2.0 가솔린 프레스티지",AT,2023,"SK 경매장",KNAG241ABPA207450,B/D
"현대 더 올뉴투싼 2.0 디젤  AWD 모던",0552,148모5750,기타,디젤,https://auction.skcarrental.com/uploadFiles/AU_CAR_IMG_ORG/202608/PC2026080009321.JPG,55833,1360,"현대 더 올뉴투싼 2.0 디젤  AWD 모던",AT,2021,"SK 경매장",KMHJB81CDMU041347,A/C
"제네시스 뉴 G80 가솔린 2.5 AWD 기본형",0553,233호8482,기타,가솔린,https://auction.skcarrental.com/uploadFiles/AU_CAR_IMG_ORG/202609/CO2026090009521.JPG,17926,5010,"제네시스 뉴 G80 가솔린 2.5 AWD 기본형",AT,2025,"SK 경매장",KMTGB41CDSU277544,A/C
"현대 아이오닉 6 롱레인지 2WD 익스클루시브 플러스",0528,60무7741,흰색,전기,https://auction.skcarrental.com/uploadFiles/AU_CAR_IMG_ORG/202609/PC2026090007521.JPG,118082,2060,"현대 아이오닉 6 롱레인지 2WD 익스클루시브 플러스",AT,2023,"SK 경매장",KMHM341AFPA007343,A/C
"현대 쏘나타(DN8) 하이브리드 2.0 HEV 모던",0529,190하2708,검정,가솔린하이브리드,https://auction.skcarrental.com/uploadFiles/AU_CAR_IMG_ORG/202609/SR2026090153021.JPG,83525,1510,"현대 쏘나타(DN8) 하이브리드 2.0 HEV 모던",AT,2023,"SK 경매장",KMHL241JBPA066422,A/D
"현대 더 뉴싼타페 하이브리드 1.6 HEV 2WD 익스클루시브",0530,190하9531,기타,가솔린하이브리드,https://auction.skcarrental.com/uploadFiles/AU_CAR_IMG_ORG/202609/SR2026090194521.JPG,24813,2110,"현대 더 뉴싼타페 하이브리드 1.6 HEV 2WD 익스클루시브",AT,2023,"SK 경매장",KMHS2811BPU087326,F/F
"현대 더 뉴아반떼 하이브리드(CN7) 1.6 HEV 모던",0531,192허7180,기타,가솔린하이브리드,https://auction.skcarrental.com/uploadFiles/AU_CAR_IMG_ORG/202609/SR2026090193921.JPG,19636,1870,"현대 더 뉴아반떼 하이브리드(CN7) 1.6 HEV 모던",AT,2024,"SK 경매장",KMHLN41JGRU086316,A/C
"기아 신형 카니발(KA4) 9인승 가솔린 프레스티지",0532,125너4529,흰색,가솔린,https://auction.skcarrental.com/uploadFiles/AU_CAR_IMG_ORG/202609/PC2026090007821.JPG,154632,1230,"기아 신형 카니발(KA4) 9인승 가솔린 프레스티지",AT,2023,"SK 경매장",KNANB813BPS260566,A/D
"기아 뉴 신형K5 2.0 LPI 렌터카 프레스티지",0533,371어7437,검정,LPG,https://auction.skcarrental.com/uploadFiles/AU_CAR_IMG_ORG/202609/CO2026090006621.JPG,195591,550,"기아 뉴 신형K5 2.0 LPI 렌터카 프레스티지",AT,2020,"SK 경매장",KNAGT416BLA381086,A/D
"기아 니로 EV 프레스티지",0534,12하7501,흰색,전기,https://auction.skcarrental.com/uploadFiles/AU_CAR_IMG_ORG/202609/SR2026090189421.JPG,140430,1170,"기아 니로 EV 프레스티지 ",AT,2022,"SK 경매장",KNACB81GFNA124975,A/D
"현대 쏘나타(DN8) L2.0 렌터카 스타일",0535,371어7484,흰색,LPG,https://auction.skcarrental.com/uploadFiles/AU_CAR_IMG_ORG/202609/CO2026090007921.JPG,172591,650,"현대 쏘나타(DN8) L2.0 렌터카 스타일",AT,2020,"SK 경매장",KMHL341DBLA034018,A/C
"기아 신형 카니발(KA4) 9인승 가솔린 프레스티지",0536,125너4509,흰색,가솔린,https://auction.skcarrental.com/uploadFiles/AU_CAR_IMG_ORG/202609/PC2026090007921.JPG,80490,1410,"기아 신형 카니발(KA4) 9인승 가솔린 프레스티지",AT,2023,"SK 경매장",KNANB813BPS260582,A/C
"제네시스 신형 G90 3.5 터보 AWD 기본형",0537,191호6242,기타,가솔린,https://auction.skcarrental.com/uploadFiles/AU_CAR_IMG_ORG/202608/SR2026080090321.JPG,89834,4210,"제네시스 신형 G90 3.5 터보 AWD 기본형",AT,2023,"SK 경매장",KMTFA41DDPU028157,B/C
"기아 올 뉴모닝(JA) 가솔린 디럭스",0538,371어7468,기타,가솔린,https://auction.skcarrental.com/uploadFiles/AU_CAR_IMG_ORG/202609/CO2026090008221.JPG,91541,400,"기아 올 뉴모닝(JA) 가솔린 디럭스",AT,2020,"SK 경매장",KNAB6511BLT592259,B/C
"현대 스타리아 2.2 디젤 투어러 11인승 2WD 모던",0539,721하5004,기타,디젤,https://auction.skcarrental.com/uploadFiles/AU_CAR_IMG_ORG/202609/SR2026090074721.JPG,73581,2250,"현대 스타리아 2.2 디젤 투어러 11인승 2WD 모던",AT,2022,"SK 경매장",KMJYB371BNU073477,A/C
"현대 아이오닉 6 롱레인지 2WD 익스클루시브 플러스",0540,60무7891,흰색,전기,https://auction.skcarrental.com/uploadFiles/AU_CAR_IMG_ORG/202609/PC2026090007021.JPG,129647,1850,"현대 아이오닉 6 롱레인지 2WD 익스클루시브 플러스",AT,2023,"SK 경매장",KMHM341AFPA006841,B/C
"현대 쏘나타 디 엣지 가솔린 2.0 프리미엄",0502,191호8854,검정,가솔린,https://auction.skcarrental.com/uploadFiles/AU_CAR_IMG_ORG/202609/SR2026090185921.JPG,99910,1800,"현대 쏘나타 디 엣지 가솔린 2.0 프리미엄",AT,2024,"SK 경매장",KMHL141EBRA328857,A/B
"현대 캐스퍼 가솔린 1.0 모던",0503,190호4487,흰색,가솔린,https://auction.skcarrental.com/uploadFiles/AU_CAR_IMG_ORG/202609/SR2026090184821.JPG,90302,870,"현대 캐스퍼 가솔린 1.0 모던",AT,2023,"SK 경매장",KMHB3518BPW022741,A/C
"현대 더 뉴아반떼 하이브리드(CN7) 1.6 HEV 모던",0504,192허7137,기타,가솔린하이브리드,https://auction.skcarrental.com/uploadFiles/AU_CAR_IMG_ORG/202609/SR2026090179221.JPG,25004,1820,"현대 더 뉴아반떼 하이브리드(CN7) 1.6 HEV 모던",AT,2024,"SK 경매장",KMHLN41JGRU086511,A/C
"기아 EV6 롱 레인지 2WD 에어",0505,34하3071,검정,전기,https://auction.skcarrental.com/uploadFiles/AU_CAR_IMG_ORG/202609/SR2026090178421.JPG,122503,1750,"기아 EV6 롱 레인지 2WD 에어",AT,2022,"SK 경매장",KNAC281AFNA001305,F/F
"현대 더 뉴아반떼 하이브리드(CN7) 1.6 HEV 모던",0506,192허7195,기타,가솔린하이브리드,https://auction.skcarrental.com/uploadFiles/AU_CAR_IMG_ORG/202609/SR2026090175921.JPG,43601,1820,"현대 더 뉴아반떼 하이브리드(CN7) 1.6 HEV 모던",AT,2024,"SK 경매장",KMHLN41JGRU086803,F/C
"현대 디 올뉴코나 1.6 가솔린 터보 2WD 모던",0507,223허4044,기타,가솔린,https://auction.skcarrental.com/uploadFiles/AU_CAR_IMG_ORG/202609/SR2026090188021.JPG,25884,1800,"현대 디 올뉴코나 1.6 가솔린 터보 2WD 모던",AT,2025,"SK 경매장",KMHHB813BSU216320,A/B
"현대 더 뉴아반떼 하이브리드(CN7) 1.6 HEV 모던",0508,192허7200,기타,가솔린하이브리드,https://auction.skcarrental.com/uploadFiles/AU_CAR_IMG_ORG/202609/SR2026090176121.JPG,12276,1960,"현대 더 뉴아반떼 하이브리드(CN7) 1.6 HEV 모던",AT,2024,"SK 경매장",KMHLN41JGRU086830,A/C
"현대 더 뉴그랜저IG 가솔린 2.5 익스클루시브",0509,190허9019,기타,가솔린,https://auction.skcarrental.com/uploadFiles/AU_CAR_IMG_ORG/202609/SR2026090207621.JPG,46907,1900,"현대 더 뉴그랜저IG 가솔린 2.5 익스클루시브",AT,2023,"SK 경매장",KMHF241DBPA519415,A/B
"기아 모하비 더 마스터 3.0 디젤 4WD 마스터즈",0510,190허7710,검정,디젤,https://auction.skcarrental.com/uploadFiles/AU_CAR_IMG_ORG/202609/SR2026090190821.JPG,42513,2660,"기아 모하비 더 마스터 3.0 디젤 4WD 마스터즈",AT,2022,"SK 경매장",KNAKN814DNA235924,A/B
"제네시스 더 올뉴G80 가솔린 2.5 AWD 기본형",0511,166허1259,기타,가솔린,https://auction.skcarrental.com/uploadFiles/AU_CAR_IMG_ORG/202609/SR2026090191521.JPG,124148,1960,"제네시스 더 올뉴G80 가솔린 2.5 AWD 기본형",AT,2021,"SK 경매장",KMTGB41CDMU029307,A/C
"현대 캐스퍼 가솔린 1.0 모던",0512,191하7238,흰색,가솔린,https://auction.skcarrental.com/uploadFiles/AU_CAR_IMG_ORG/202609/SR2026090191821.JPG,70252,920,"현대 캐스퍼 가솔린 1.0 모던",AT,2023,"SK 경매장",KMHB3518BPW053401,A/C
"기아 더 뉴셀토스 2.0 가솔린 2WD 프레스티지",0513,191호2230,기타,가솔린,https://auction.skcarrental.com/uploadFiles/AU_CAR_IMG_ORG/202609/SR2026090192021.JPG,32479,1800,"기아 더 뉴셀토스 2.0 가솔린 2WD 프레스티지",AT,2024,"SK 경매장",KNAES81AERK571785,A/D
"기아 더 뉴 K3 1.6 가솔린 프레스티지",0514,190허6525,흰색,가솔린,https://auction.skcarrental.com/uploadFiles/AU_CAR_IMG_ORG/202609/SR2026090191721.JPG,82864,1120,"기아 더 뉴 K3 1.6 가솔린 프레스티지",AT,2022,"SK 경매장",KNAF241BENA940420,A/C
"쉐보레(대우) 더 뉴스파크 LT",0515,191허5581,흰색,가솔린,https://auction.skcarrental.com/uploadFiles/AU_CAR_IMG_ORG/202609/SR2026090192221.JPG,99702,570,"쉐보레(대우) 더 뉴스파크 LT ",AT,2022,"SK 경매장",KLYDC487DNC026848,A/C
"현대 쏘나타(DN8) G2.0 프리미엄 플러스",0516,190호6893,기타,가솔린,https://auction.skcarrental.com/uploadFiles/AU_CAR_IMG_ORG/202609/SR2026090190221.JPG,43344,1600,"현대 쏘나타(DN8) G2.0 프리미엄 플러스",AT,2022,"SK 경매장",KMHL141EBNA249070,A/C
"현대 더 뉴아반떼 하이브리드(CN7) 1.6 HEV 모던",0517,192허7066,기타,가솔린하이브리드,https://auction.skcarrental.com/uploadFiles/AU_CAR_IMG_ORG/202609/SR2026090186921.JPG,28871,1820,"현대 더 뉴아반떼 하이브리드(CN7) 1.6 HEV 모던",AT,2024,"SK 경매장",KMHLN41JGRU086105,A/D
"현대 디 올뉴그랜저 가솔린 2.5 프리미엄",0518,192하8823,검정,가솔린,https://auction.skcarrental.com/uploadFiles/AU_CAR_IMG_ORG/202609/SR2026090192721.JPG,67946,2340,"현대 디 올뉴그랜저 가솔린 2.5 프리미엄",AT,2023,"SK 경매장",KMHN141DBPA047524,A/D
"기아 신형 카니발(KA4) 9인승 디젤 프레스티지",0519,191허4811,흰색,디젤,https://auction.skcarrental.com/uploadFiles/AU_CAR_IMG_ORG/202609/SR2026090040121.JPG,91099,1810,"기아 신형 카니발(KA4) 9인승 디젤 프레스티지",AT,2023,"SK 경매장",KNANB81BBPS215903,A/C
"기아 더 뉴기아 레이 1.0 가솔린 프레스티지",0520,125너4501,흰색,가솔린,https://auction.skcarrental.com/uploadFiles/AU_CAR_IMG_ORG/202609/PC2026090009521.JPG,70851,790,"기아 더 뉴기아 레이 1.0 가솔린 프레스티지",AT,2023,"SK 경매장",KNACG811BPT345008,B/D
"현대 쏘나타(DN8) 하이브리드 2.0 HEV 프리미엄 플러스",0521,191하9639,검정,가솔린하이브리드,https://auction.skcarrental.com/uploadFiles/AU_CAR_IMG_ORG/202609/SR2026090192821.JPG,71027,1670,"현대 쏘나타(DN8) 하이브리드 2.0 HEV 프리미엄 플러스",AT,2023,"SK 경매장",KMHL241JBPA068871,A/C
"KG모빌리티(쌍용) 토레스 1.5 GDI-T 2WD T5",0522,223하9113,검정,가솔린,https://auction.skcarrental.com/uploadFiles/AU_CAR_IMG_ORG/202609/SR2026090192121.JPG,35035,1600,"KG모빌리티(쌍용) 토레스 1.5 GDI-T 2WD T5",AT,2024,"SK 경매장",KPBPH3AT1RP072862,A/C
"현대 스타리아 2.2 디젤 라운지 9인승 2WD 프레스티지",0523,191호9115,검정,디젤,https://auction.skcarrental.com/uploadFiles/AU_CAR_IMG_ORG/202609/SR2026090193121.JPG,63486,2310,"현대 스타리아 2.2 디젤 라운지 9인승 2WD 프레스티지",AT,2022,"SK 경매장",KMHYB811BNU069741,A/C
"현대 아이오닉 6 롱레인지 2WD 익스클루시브 플러스",0524,60무7759,흰색,전기,https://auction.skcarrental.com/uploadFiles/AU_CAR_IMG_ORG/202609/PC2026090007421.JPG,121435,1840,"현대 아이오닉 6 롱레인지 2WD 익스클루시브 플러스",AT,2023,"SK 경매장",KMHM341AFPA007515,B/D
"현대 캐스퍼 가솔린 1.0 인스퍼레이션",0525,194하2118,흰색,가솔린,https://auction.skcarrental.com/uploadFiles/AU_CAR_IMG_ORG/202609/SR2026090193221.JPG,69193,890,"현대 캐스퍼 가솔린 1.0 인스퍼레이션",AT,2023,"SK 경매장",KMHB5518BPW031125,A/C
"르노(삼성) 뉴 QM6 2.0 LPe SE",0526,190허4570,기타,LPG,https://auction.skcarrental.com/uploadFiles/AU_CAR_IMG_ORG/202609/SR2026090194221.JPG,52352,1150,"르노(삼성) 뉴 QM6 2.0 LPe SE",AT,2022,"SK 경매장",KNME5C2C8NP070053,A/C
"기아 니로 플러스 에어",0527,34하8011,흰색,전기,https://auction.skcarrental.com/uploadFiles/AU_CAR_IMG_ORG/202609/SR2026090194421.JPG,82278,1670,"기아 니로 플러스 에어 ",AT,2024,"SK 경매장",KNAA181GFRT015987,A/C
"기아 EV6 롱 레인지 2WD 어스",0328,55허4272,흰색,전기,https://auction.skcarrental.com/uploadFiles/AU_CAR_IMG_ORG/250001/SR2500010544521.JPG,75299,2440,"기아 EV6 롱 레인지 2WD 어스",AT,2022,"SK 경매장",KNAC381AFNA001982,A/D
"현대 더 뉴그랜저IG LPi 3.0 렌터카 모던",0329,190허1928,검정,LPG,https://auction.skcarrental.com/uploadFiles/AU_CAR_IMG_ORG/202609/SR2026090173721.JPG,212755,1190,"현대 더 뉴그랜저IG LPi 3.0 렌터카 모던",AT,2022,"SK 경매장",KMHF241NBNA462680,A/F
"기아 신형 카니발(KA4) 9인승 가솔린 프레스티지",0330,190허9902,흰색,가솔린,https://auction.skcarrental.com/uploadFiles/AU_CAR_IMG_ORG/202609/SR2026090191621.JPG,68738,1820,"기아 신형 카니발(KA4) 9인승 가솔린 프레스티지",AT,2023,"SK 경매장",KNANB813BPS241979,A/D
"현대 더 올뉴투싼 2.0 디젤 2WD 프리미엄",0331,191하3089,흰색,디젤,https://auction.skcarrental.com/uploadFiles/AU_CAR_IMG_ORG/202609/SR2026090198921.JPG,123133,1470,"현대 더 올뉴투싼 2.0 디젤 2WD 프리미엄",AT,2023,"SK 경매장",KMHJC81CBPU186515,A/D
"현대 쏘나타(DN8) G2.0 프리미엄 패밀리",0332,170허6086,검정,가솔린,https://auction.skcarrental.com/uploadFiles/AU_CAR_IMG_ORG/202609/SR2026090156921.JPG,153023,1110,"현대 쏘나타(DN8) G2.0 프리미엄 패밀리",AT,2021,"SK 경매장",KMHL141EBMA141077,A/C
"기아 더 뉴 K3 1.6 가솔린 프레스티지",0333,191하3068,흰색,가솔린,https://auction.skcarrental.com/uploadFiles/AU_CAR_IMG_ORG/202609/SR2026090157721.JPG,112988,1030,"기아 더 뉴 K3 1.6 가솔린 프레스티지",AT,2023,"SK 경매장",KNAF241BEPA951885,B/D
"현대 쏘나타 디 엣지 LPG 2.0 렌터카 비지니스 1",0334,191하8140,기타,LPG,https://auction.skcarrental.com/uploadFiles/AU_CAR_IMG_ORG/202609/SR2026090151021.JPG,176782,1460,"현대 쏘나타 디 엣지 LPG 2.0 렌터카 비지니스 1",AT,2024,"SK 경매장",KMHL341DBRA324626,A/F
"KG모빌리티(쌍용) 토레스 1.5 GDI-T 2WD T5",0335,223하9134,흰색,가솔린,https://auction.skcarrental.com/uploadFiles/AU_CAR_IMG_ORG/202602/SR2026020074321.JPG,31912,1720,"KG모빌리티(쌍용) 토레스 1.5 GDI-T 2WD T5",AT,2024,"SK 경매장",KPBPH3AT1RP072867,F/F
"현대 아이오닉 5 EV AWD 롱레인지 익스클루시브",0336,10하7087,흰색,전기,https://auction.skcarrental.com/uploadFiles/AU_CAR_IMG_ORG/202609/SR2026090205621.JPG,89241,2240,"현대 아이오닉 5 EV AWD 롱레인지 익스클루시브",AT,2023,"SK 경매장",KMHKN81FPPU128659,A/C
"현대 쏘나타(DN8) L2.0 렌터카 스타일",0337,190하6673,기타,LPG,https://auction.skcarrental.com/uploadFiles/AU_CAR_IMG_ORG/202609/SR2026090206421.JPG,123094,1140,"현대 쏘나타(DN8) L2.0 렌터카 스타일",AT,2023,"SK 경매장",KMHL341DBPA302118,A/C
"현대 더 뉴아반떼(CN7) 가솔린 1.6 모던",0338,192허6624,흰색,가솔린,https://auction.skcarrental.com/uploadFiles/AU_CAR_IMG_ORG/202610/SR2026100002921.JPG,62207,1500,"현대 더 뉴아반떼(CN7) 가솔린 1.6 모던",AT,2024,"SK 경매장",KMHLN41EERU676815,A/F
"기아 K8 하이브리드 HEV 시그니처",0339,191하2301,기타,가솔린하이브리드,https://auction.skcarrental.com/uploadFiles/AU_CAR_IMG_ORG/202610/SR2026100004621.JPG,56007,2260,"기아 K8 하이브리드 HEV 시그니처",AT,2023,"SK 경매장",KNAM6411BPA030605,A/D
"현대 아반떼(CN7) 1.6 가솔린 스마트",0340,191허3566,흰색,가솔린,https://auction.skcarrental.com/uploadFiles/AU_CAR_IMG_ORG/202610/SR2026100002821.JPG,61634,1150,"현대 아반떼(CN7) 1.6 가솔린 스마트",AT,2023,"SK 경매장",KMHLL41EEPU529022,A/F
"기아 더 뉴K9(RJ) 3.8 가솔린 AWD 마스터즈 베스트셀렉션Ⅱ",0341,190호3260,검정,가솔린,https://auction.skcarrental.com/uploadFiles/AU_CAR_IMG_ORG/202610/SR2026100003721.JPG,71060,3060,"기아 더 뉴K9(RJ) 3.8 가솔린 AWD 마스터즈 베스트셀렉션Ⅱ",AT,2022,"SK 경매장",KNAS5418DNS040506,A/C
"기아 K8 3.5 LPi 렌터카 트렌디",0342,190허1593,기타,LPG,https://auction.skcarrental.com/uploadFiles/AU_CAR_IMG_ORG/202610/SR2026100001621.JPG,139564,1250,"기아 K8 3.5 LPi 렌터카 트렌디",AT,2022,"SK 경매장",KNAM241FBNA020023,A/C
"BMW 5시리즈(7세대) 530i xDrive M 스포츠팩",0343,191호6173,기타,가솔린,https://auction.skcarrental.com/uploadFiles/AU_CAR_IMG_ORG/202610/SR2026100002121.JPG,45110,3850,"BMW 5시리즈(7세대) 530i xDrive M 스포츠팩",AT,2023,"SK 경매장",WBA31BJ0XPCL67496,A/C
"기아 K8 하이브리드 HEV 노블레스",0344,170하8744,검정,가솔린하이브리드,https://auction.skcarrental.com/uploadFiles/AU_CAR_IMG_ORG/202610/SR2026100004021.JPG,221848,1370,"기아 K8 하이브리드 HEV 노블레스",AT,2022,"SK 경매장",KNAM2411BNA006915,A/C
"테슬라 모델 3 EV AWD 롱 레인지",0345,46허0902,검정,전기,https://auction.skcarrental.com/uploadFiles/AU_CAR_IMG_ORG/202609/SR2026090208021.JPG,97332,3060,"테슬라 모델 3 EV AWD 롱 레인지",AT,2022,"SK 경매장",5YJ3E1EB9NF235892,A/C
"KG모빌리티(쌍용) 베리 뉴 티볼리 1.5 가솔린 2WD V3",0346,191허2452,기타,가솔린,https://auction.skcarrental.com/uploadFiles/AU_CAR_IMG_ORG/202610/SR2026100005421.JPG,66718,920,"KG모빌리티(쌍용) 베리 뉴 티볼리 1.5 가솔린 2WD V3",AT,2022,"SK 경매장",KPBXH3AT1NP388797,A/D
"기아 더 뉴 K3 1.6 가솔린 트렌디",0347,192허8683,흰색,가솔린,https://auction.skcarrental.com/uploadFiles/AU_CAR_IMG_ORG/202610/SR2026100009821.JPG,36516,1220,"기아 더 뉴 K3 1.6 가솔린 트렌디",AT,2024,"SK 경매장",KNAF141BERA969793,A/F
"현대 더 뉴그랜저IG LPi 3.0 렌터카 모던",0348,191허6558,흰색,LPG,https://auction.skcarrental.com/uploadFiles/AU_CAR_IMG_ORG/202610/SR2026100002421.JPG,156028,1430,"현대 더 뉴그랜저IG LPi 3.0 렌터카 모던",AT,2023,"SK 경매장",KMHF241NBPA511399,A/C
"쉐보레(대우) 더 뉴스파크 LT",0349,191허7223,흰색,가솔린,https://auction.skcarrental.com/uploadFiles/AU_CAR_IMG_ORG/202610/SR2026100002221.JPG,22501,670,"쉐보레(대우) 더 뉴스파크 LT ",AT,2022,"SK 경매장",KLYDC487DNC036038,A/C
"현대 아반떼(CN7) 1.6 가솔린 모던",0350,190하6966,흰색,가솔린,https://auction.skcarrental.com/uploadFiles/AU_CAR_IMG_ORG/202609/SR2026090181921.JPG,120348,1220,"현대 아반떼(CN7) 1.6 가솔린 모던",AT,2023,"SK 경매장",KMHLM41EEPU528222,A/C
"현대 더 뉴그랜저IG 하이브리드 2.4 HEV 프리미엄",0351,191허7873,기타,가솔린하이브리드,https://auction.skcarrental.com/uploadFiles/AU_CAR_IMG_ORG/202610/SR2026100004521.JPG,141908,1930,"현대 더 뉴그랜저IG 하이브리드 2.4 HEV 프리미엄",AT,2023,"SK 경매장",KMHF1413BPA154635,A/C
"현대 아반떼(CN7) 1.6 가솔린 모던",0352,191허3683,검정,가솔린,https://auction.skcarrental.com/uploadFiles/AU_CAR_IMG_ORG/202610/SR2026100009121.JPG,66240,1300,"현대 아반떼(CN7) 1.6 가솔린 모던",AT,2023,"SK 경매장",KMHLM41EEPU375649,A/F
"제네시스 더 올뉴G80 가솔린 2.5 AWD 기본형",0353,191호5037,기타,가솔린,https://auction.skcarrental.com/uploadFiles/AU_CAR_IMG_ORG/202610/SR2026100003221.JPG,60559,2760,"제네시스 더 올뉴G80 가솔린 2.5 AWD 기본형",AT,2022,"SK 경매장",KMTGB41CDNU155806,A/B
"기아 더 뉴레이 1.0 가솔린 스탠다드",0354,191하5259,기타,가솔린,https://auction.skcarrental.com/uploadFiles/AU_CAR_IMG_ORG/202609/SR2026090208221.JPG,125223,570,"기아 더 뉴레이 1.0 가솔린 스탠다드",AT,2022,"SK 경매장",KNACG811BNT303484,A/C
"현대 더 뉴아반떼 하이브리드(CN7) 1.6 HEV 모던",0501,192허7149,기타,가솔린하이브리드,https://auction.skcarrental.com/uploadFiles/AU_CAR_IMG_ORG/202609/SR2026090139921.JPG,12767,1960,"현대 더 뉴아반떼 하이브리드(CN7) 1.6 HEV 모던",AT,2024,"SK 경매장",KMHLN41JGRU086341,A/C
"기아 더 뉴 K3 1.6 가솔린 프레스티지",0301,191허3267,흰색,가솔린,https://auction.skcarrental.com/uploadFiles/AU_CAR_IMG_ORG/202609/SR2026090107121.JPG,95690,1050,"기아 더 뉴 K3 1.6 가솔린 프레스티지",AT,2022,"SK 경매장",KNAF241BENA148830,B/D
"기아 디 올뉴스포티지 2.0 디젤 2WD 프레스티지",0302,190허9265,흰색,디젤,https://auction.skcarrental.com/uploadFiles/AU_CAR_IMG_ORG/202609/SR2026090106821.JPG,81719,1650,"기아 디 올뉴스포티지 2.0 디젤 2WD 프레스티지",AT,2023,"SK 경매장",KNAPV81CBPK113216,A/B
"기아 니로 플러스 에어",0303,36호8725,흰색,전기,https://auction.skcarrental.com/uploadFiles/AU_CAR_IMG_ORG/202609/SR2026090097921.JPG,101745,1220,"기아 니로 플러스 에어 ",AT,2023,"SK 경매장",KNAA181GFPT004487,A/B
"기아 EV6 롱 레인지 2WD 에어",0304,49호8809,기타,전기,https://auction.skcarrental.com/uploadFiles/AU_CAR_IMG_ORG/202609/SR2026090100021.JPG,212243,1420,"기아 EV6 롱 레인지 2WD 에어",AT,2022,"SK 경매장",KNAC281AFNA001908,A/F
"현대 아반떼(CN7) 1.6 가솔린 모던",0305,170하9459,기타,가솔린,https://auction.skcarrental.com/uploadFiles/AU_CAR_IMG_ORG/202609/SR2026090073721.JPG,135171,950,"현대 아반떼(CN7) 1.6 가솔린 모던",AT,2021,"SK 경매장",KMHLM41EEMU248916,A/D
"기아 니로 플러스 에어",0306,36호8724,흰색,전기,https://auction.skcarrental.com/uploadFiles/AU_CAR_IMG_ORG/202609/SR2026090098021.JPG,103761,1200,"기아 니로 플러스 에어 ",AT,2023,"SK 경매장",KNAA181GFPT004363,A/C
"제네시스 신형 G90 3.5 터보 AWD 기본형",0307,190호8838,검정,가솔린,https://auction.skcarrental.com/uploadFiles/AU_CAR_IMG_ORG/202609/SR2026090088621.JPG,122285,4010,"제네시스 신형 G90 3.5 터보 AWD 기본형",AT,2022,"SK 경매장",KMTFA41DDNU012708,A/C
"현대 쏘나타 디 엣지 하이브리드 2.0 HEV 프리미엄",0308,190하3931,검정,가솔린하이브리드,https://auction.skcarrental.com/uploadFiles/AU_CAR_IMG_ORG/202609/SR2026090096321.JPG,41584,2010,"현대 쏘나타 디 엣지 하이브리드 2.0 HEV 프리미엄",AT,2024,"SK 경매장",KMHL141JBRA072611,B/B
"기아 더 뉴기아 레이 1.0 가솔린 프레스티지",0309,192허6824,흰색,가솔린,https://auction.skcarrental.com/uploadFiles/AU_CAR_IMG_ORG/202609/SR2026090193421.JPG,80380,1100,"기아 더 뉴기아 레이 1.0 가솔린 프레스티지",AT,2023,"SK 경매장",KNACG811BPT376113,A/B
"제네시스 GV70 2.5T AWD 기본형",0310,155호3188,기타,가솔린,https://auction.skcarrental.com/uploadFiles/AU_CAR_IMG_ORG/202609/SR2026090096921.JPG,104028,2260,"제네시스 GV70 2.5T AWD 기본형",AT,2021,"SK 경매장",KMTMA81BDMU042385,A/C
"제네시스 G80 3.3 GDi AWD 럭셔리",0311,166하9432,기타,가솔린,https://auction.skcarrental.com/uploadFiles/AU_CAR_IMG_ORG/202609/SR2026090093221.JPG,148413,1020,"제네시스 G80 3.3 GDi AWD 럭셔리",AT,2020,"SK 경매장",KMHGL41DDLU339120,A/D
"쉐보레(대우) 트레일블레이저 1.35 가솔린 AWD RS",0312,191하3530,기타,가솔린,https://auction.skcarrental.com/uploadFiles/AU_CAR_IMG_ORG/202609/SR2026090095021.JPG,48059,2060,"쉐보레(대우) 트레일블레이저 1.35 가솔린 AWD RS",AT,2023,"SK 경매장",KLAPD56LDPB046374,A/C
"현대 더 뉴그랜저IG LPi 3.0 렌터카 모던",0313,190허4587,검정,LPG,https://auction.skcarrental.com/uploadFiles/AU_CAR_IMG_ORG/202609/SR2026090090321.JPG,123913,1250,"현대 더 뉴그랜저IG LPi 3.0 렌터카 모던",AT,2022,"SK 경매장",KMHF241NBNA475862,A/D
"현대 아이오닉 5 EV 2WD 롱레인지 프레스티지",0314,49호8837,검정,전기,https://auction.skcarrental.com/uploadFiles/AU_CAR_IMG_ORG/202609/SR2026090088121.JPG,3160,2210,"현대 아이오닉 5 EV 2WD 롱레인지 프레스티지",AT,2022,"SK 경매장",KMHKR81AFNU029018,A/C
"현대 쏠라티 11인승 프리미엄",0315,76하7331,검정,디젤,https://auction.skcarrental.com/uploadFiles/AU_CAR_IMG_ORG/202609/SR2026090081721.JPG,15756,4440,"현대 쏠라티 11인승 프리미엄",AT,2021,"SK 경매장",KMJUK17RPMC004303,A/C
"현대 더 뉴그랜저IG 하이브리드 2.4 HEV 캘리그래피",0316,155호3187,흰색,가솔린하이브리드,https://auction.skcarrental.com/uploadFiles/AU_CAR_IMG_ORG/202609/SR2026090086321.JPG,104198,1870,"현대 더 뉴그랜저IG 하이브리드 2.4 HEV 캘리그래피",AT,2022,"SK 경매장",KMHF3413BNA130436,B/B
"폴스타 폴스타 2 롱레인지 싱글모터",0317,11하1353,흰색,전기,https://auction.skcarrental.com/uploadFiles/AU_CAR_IMG_ORG/202609/SR2026090172421.JPG,60569,2660,"폴스타 폴스타 2 롱레인지 싱글모터",AT,2022,"SK 경매장",YSMVSEGAKNL078924,A/B
"현대 더 뉴그랜저IG LPi 3.0 렌터카 프리미엄",0318,170하9486,기타,LPG,https://auction.skcarrental.com/uploadFiles/AU_CAR_IMG_ORG/202609/SR2026090084321.JPG,161097,1220,"현대 더 뉴그랜저IG LPi 3.0 렌터카 프리미엄",AT,2022,"SK 경매장",KMHF241NBNA465173,A/C
"기아 신형 K5(DL3) 2.0 LPI 렌터카 트렌디",0319,190하9323,흰색,LPG,https://auction.skcarrental.com/uploadFiles/AU_CAR_IMG_ORG/202610/SR2026100001821.JPG,197591,1570,"기아 신형 K5(DL3) 2.0 LPI 렌터카 트렌디",AT,2023,"SK 경매장",KNAG741BBPA233244,A/C
"현대 아이오닉 5 EV 2WD 롱레인지 익스클루시브",0320,31호7125,흰색,전기,https://auction.skcarrental.com/uploadFiles/AU_CAR_IMG_ORG/202609/SR2026090077921.JPG,274954,1170,"현대 아이오닉 5 EV 2WD 롱레인지 익스클루시브",AT,2022,"SK 경매장",KMHKN81AFNU020674,A/D
"제네시스 G70 2.2D 어드밴스드",0321,173허9202,흰색,디젤,https://auction.skcarrental.com/uploadFiles/AU_CAR_IMG_ORG/202609/SR2026090068021.JPG,168893,1020,"제네시스 G70 2.2D 어드밴스드",AT,2020,"SK 경매장",KMTG641BBLU063347,B/F
"현대 아반떼(CN7) 1.6 가솔린 모던",0322,190허3541,흰색,가솔린,https://auction.skcarrental.com/uploadFiles/AU_CAR_IMG_ORG/202610/SR2026100006821.JPG,36812,1050,"현대 아반떼(CN7) 1.6 가솔린 모던",AT,2022,"SK 경매장",KMHLM41EENU313114,B/D
"기아 디 올뉴스포티지 하이브리드 1.6 HEV 노블레스",0323,190하8193,흰색,가솔린하이브리드,https://auction.skcarrental.com/uploadFiles/AU_CAR_IMG_ORG/202609/SR2026090049921.JPG,110854,1870,"기아 디 올뉴스포티지 하이브리드 1.6 HEV 노블레스",AT,2023,"SK 경매장",KNAPW81GBPK076364,A/C
"기아 더 뉴레이 밴 프레스티지 스페셜",0324,190호3422,흰색,가솔린,https://auction.skcarrental.com/uploadFiles/AU_CAR_IMG_ORG/202609/SR2026090038321.JPG,72279,490,"기아 더 뉴레이 밴 프레스티지 스페셜",AT,2022,"SK 경매장",KNACF911BNT299802,B/C
"쉐보레(대우) 신형 트래버스 3.6 가솔린 LT 레더 프리미엄",0325,192하9735,기타,가솔린,https://auction.skcarrental.com/uploadFiles/AU_CAR_IMG_ORG/202609/SR2026090015821.JPG,27087,2460,"쉐보레(대우) 신형 트래버스 3.6 가솔린 LT 레더 프리미엄",AT,2023,"SK 경매장",1GNEV9KW7PJ117258,A/C
"KG모빌리티(쌍용) 토레스 1.5 GDI-T 2WD T5",0326,223하9131,흰색,가솔린,https://auction.skcarrental.com/uploadFiles/AU_CAR_IMG_ORG/202602/SR2026020074221.JPG,40178,1790,"KG모빌리티(쌍용) 토레스 1.5 GDI-T 2WD T5",AT,2024,"SK 경매장",KPBPH3AT1RP072874,A/C
"현대 더 뉴그랜저IG 가솔린 3.3 캘리그래피",0327,191하5557,검정,가솔린,https://auction.skcarrental.com/uploadFiles/AU_CAR_IMG_ORG/202609/SR2026090183821.JPG,89204,2130,"현대 더 뉴그랜저IG 가솔린 3.3 캘리그래피",AT,2023,"SK 경매장",KMHF341GBPA503148,A/B
"현대 더 뉴아반떼 하이브리드(CN7) 1.6 HEV 모던",0274,192허7094,기타,가솔린하이브리드,https://auction.skcarrental.com/uploadFiles/AU_CAR_IMG_ORG/202609/SR2026090125621.JPG,10679,1960,"현대 더 뉴아반떼 하이브리드(CN7) 1.6 HEV 모던",AT,2024,"SK 경매장",KMHLN41JGRU086282,A/C
"기아 EV6 롱 레인지 2WD 에어",0275,26하8550,기타,전기,https://auction.skcarrental.com/uploadFiles/AU_CAR_IMG_ORG/202609/SR2026090178521.JPG,63269,2190,"기아 EV6 롱 레인지 2WD 에어",AT,2022,"SK 경매장",KNAC281AFNA003348,A/D
"현대 디 올뉴그랜저 가솔린 2.5 프리미엄",0276,190하3669,검정,가솔린,https://auction.skcarrental.com/uploadFiles/AU_CAR_IMG_ORG/202609/SR2026090163221.JPG,89803,2110,"현대 디 올뉴그랜저 가솔린 2.5 프리미엄",AT,2023,"SK 경매장",KMHN141DBPA040925,A/C
"기아 EV6 롱 레인지 2WD 에어",0277,41호9510,검정,전기,https://auction.skcarrental.com/uploadFiles/AU_CAR_IMG_ORG/202610/SR2026100001521.JPG,57297,2410,"기아 EV6 롱 레인지 2WD 에어",AT,2023,"SK 경매장",KNAC281AFPA105385,A/D
"현대 아반떼 하이브리드(CN7) HEV 법인전용",0278,190하4605,흰색,가솔린하이브리드,https://auction.skcarrental.com/uploadFiles/AU_CAR_IMG_ORG/202609/SR2026090170321.JPG,65997,1320,"현대 아반떼 하이브리드(CN7) HEV 법인전용",AT,2023,"SK 경매장",KMHLL41JGPU062237,A/C
"현대 스타리아 2.2 디젤 투어러 9인승 2WD 모던",0279,192하7955,기타,디젤,https://auction.skcarrental.com/uploadFiles/AU_CAR_IMG_ORG/202609/SR2026090203221.JPG,27422,2370,"현대 스타리아 2.2 디젤 투어러 9인승 2WD 모던",AT,2023,"SK 경매장",KMHYA811BPU139739,A/C
"현대 디 올뉴그랜저 가솔린 2.5 익스클루시브",0280,190하1052,검정,가솔린,https://auction.skcarrental.com/uploadFiles/AU_CAR_IMG_ORG/202609/SR2026090161221.JPG,35504,2460,"현대 디 올뉴그랜저 가솔린 2.5 익스클루시브",AT,2023,"SK 경매장",KMHN241DBPA030405,A/C
"기아 모닝 어반 1.0 가솔린 스탠다드",0281,191하4557,흰색,가솔린,https://auction.skcarrental.com/uploadFiles/AU_CAR_IMG_ORG/202609/SR2026090177921.JPG,272176,520,"기아 모닝 어반 1.0 가솔린 스탠다드",AT,2023,"SK 경매장",KNAB1518BPT029880,A/C
"현대 더 뉴아반떼 하이브리드(CN7) 1.6 HEV 모던",0282,192허7093,기타,가솔린하이브리드,https://auction.skcarrental.com/uploadFiles/AU_CAR_IMG_ORG/202609/SR2026090125521.JPG,11807,1960,"현대 더 뉴아반떼 하이브리드(CN7) 1.6 HEV 모던",AT,2024,"SK 경매장",KMHLN41JGRU086139,A/C
"쉐보레(대우) 더 뉴스파크 LT",0283,190허2447,기타,가솔린,https://auction.skcarrental.com/uploadFiles/AU_CAR_IMG_ORG/202609/SR2026090173621.JPG,155014,370,"쉐보레(대우) 더 뉴스파크 LT ",AT,2022,"SK 경매장",KLYDC487DNC008804,A/D
"현대 더 올뉴투싼 2.0 디젤 2WD 모던",0284,190호5313,기타,디젤,https://auction.skcarrental.com/uploadFiles/AU_CAR_IMG_ORG/202610/SR2026100009221.JPG,41458,1370,"현대 더 올뉴투싼 2.0 디젤 2WD 모던",AT,2022,"SK 경매장",KMHJB81CBNU145482,A/C
"현대 더 뉴아반떼(CN7) 가솔린 1.6 스마트",0285,192하6492,흰색,가솔린,https://auction.skcarrental.com/uploadFiles/AU_CAR_IMG_ORG/202609/SR2026090173121.JPG,84789,1320,"현대 더 뉴아반떼(CN7) 가솔린 1.6 스마트",AT,2024,"SK 경매장",KMHLM41EERU622414,A/C
"기아 디 올뉴니로EV 에어",0286,17허7552,흰색,전기,https://auction.skcarrental.com/uploadFiles/AU_CAR_IMG_ORG/202610/SR2026100001021.JPG,47849,1870,"기아 디 올뉴니로EV 에어 ",AT,2023,"SK 경매장",KNACP811FPA012378,A/C
"현대 더 뉴아반떼 하이브리드(CN7) 1.6 HEV 모던",0287,192허7041,기타,가솔린하이브리드,https://auction.skcarrental.com/uploadFiles/AU_CAR_IMG_ORG/202609/SR2026090125121.JPG,11124,1860,"현대 더 뉴아반떼 하이브리드(CN7) 1.6 HEV 모던",AT,2024,"SK 경매장",KMHLN41JGRU086002,A/C
"기아 더 뉴레이 1.0 가솔린 시그니처",0288,170허4724,검정,가솔린,https://auction.skcarrental.com/uploadFiles/AU_CAR_IMG_ORG/202605/SR2026050192321.JPG,36960,870,"기아 더 뉴레이 1.0 가솔린 시그니처",AT,2021,"SK 경매장",KNACK811BMT260010,A/C
"현대 스타리아 2.2 디젤 투어러 11인승 2WD 스마트",0289,713호1045,기타,디젤,https://auction.skcarrental.com/uploadFiles/AU_CAR_IMG_ORG/202609/SR2026090209121.JPG,29893,2170,"현대 스타리아 2.2 디젤 투어러 11인승 2WD 스마트",AT,2023,"SK 경매장",KMJYA371BPU139714,B/C
"르노(삼성) 신형 QM6 퀘스트 2.0 LPe 비지니스",0290,835무4401,기타,LPG,https://auction.skcarrental.com/uploadFiles/AU_CAR_IMG_ORG/202608/SR2026080128921.JPG,80083,1640,"르노(삼성) 신형 QM6 퀘스트 2.0 LPe 비지니스",AT,2024,"SK 경매장",KNMN5C2C6RP102259,A/C
"현대 더 뉴아반떼(CN7) 가솔린 1.6 모던",0291,190하8960,흰색,가솔린,https://auction.skcarrental.com/uploadFiles/AU_CAR_IMG_ORG/202609/SR2026090124121.JPG,28159,1430,"현대 더 뉴아반떼(CN7) 가솔린 1.6 모던",AT,2024,"SK 경매장",KMHLN41EERU566771,B/B
"현대 더 뉴아반떼 하이브리드(CN7) 1.6 HEV 모던",0292,192허7040,기타,가솔린하이브리드,https://auction.skcarrental.com/uploadFiles/AU_CAR_IMG_ORG/202609/SR2026090124421.JPG,13412,1820,"현대 더 뉴아반떼 하이브리드(CN7) 1.6 HEV 모던",AT,2024,"SK 경매장",KMHLN41JGRU085892,B/C
"쉐보레(대우) 트레일블레이저 1.35 가솔린 AWD 액티브",0293,166허5465,기타,가솔린,https://auction.skcarrental.com/uploadFiles/AU_CAR_IMG_ORG/202609/SR2026090120921.JPG,201815,600,"쉐보레(대우) 트레일블레이저 1.35 가솔린 AWD 액티브",AT,2021,"SK 경매장",KLAPC56LDMB074213,A/D
"기아 K8 하이브리드 HEV 노블레스",0294,191허9290,기타,가솔린하이브리드,https://auction.skcarrental.com/uploadFiles/AU_CAR_IMG_ORG/202609/SR2026090112321.JPG,92189,2160,"기아 K8 하이브리드 HEV 노블레스",AT,2023,"SK 경매장",KNAM2411BPA042850,A/D
"현대 쏘나타 디 엣지 하이브리드 2.0 HEV 프리미엄",0295,192하7377,검정,가솔린하이브리드,https://auction.skcarrental.com/uploadFiles/AU_CAR_IMG_ORG/202609/SR2026090118121.JPG,77153,1820,"현대 쏘나타 디 엣지 하이브리드 2.0 HEV 프리미엄",AT,2024,"SK 경매장",KMHL141JBRA072812,F/C
"벤츠 GLC클래스 GLC 300 4매틱",0296,191호5132,흰색,가솔린,https://auction.skcarrental.com/uploadFiles/AU_CAR_IMG_ORG/202609/SR2026090100921.JPG,38916,3510,"벤츠 GLC클래스 GLC 300 4매틱 ",AT,2022,"SK 경매장",W1N0G8EB8NG114355,A/B
"현대 더 뉴그랜저IG 가솔린 2.5 르블랑",0297,170하9891,기타,가솔린,https://auction.skcarrental.com/uploadFiles/AU_CAR_IMG_ORG/202609/SR2026090098521.JPG,62156,1800,"현대 더 뉴그랜저IG 가솔린 2.5 르블랑",AT,2022,"SK 경매장",KMHF141DBNA470915,A/D
"제네시스 더 올뉴G80 가솔린 2.5 2WD 기본형",0298,190호1022,흰색,가솔린,https://auction.skcarrental.com/uploadFiles/AU_CAR_IMG_ORG/202609/SR2026090116421.JPG,165162,2210,"제네시스 더 올뉴G80 가솔린 2.5 2WD 기본형",AT,2022,"SK 경매장",KMTGB41CBNU110151,B/B
"현대 아반떼(CN7) 1.6 가솔린 스마트",0299,190호6945,흰색,가솔린,https://auction.skcarrental.com/uploadFiles/AU_CAR_IMG_ORG/202608/SR2026080113521.JPG,119791,970,"현대 아반떼(CN7) 1.6 가솔린 스마트",AT,2023,"SK 경매장",KMHLL41EEPU399127,B/C
"현대 디 올뉴그랜저 가솔린 2.5 익스클루시브",0300,190하1409,검정,가솔린,https://auction.skcarrental.com/uploadFiles/AU_CAR_IMG_ORG/202609/SR2026090115321.JPG,50898,2430,"현대 디 올뉴그랜저 가솔린 2.5 익스클루시브",AT,2023,"SK 경매장",KMHN241DBPA031911,A/C
"기아 디 올뉴스포티지 2.0 디젤 2WD 트렌디",0247,190하3155,검정,디젤,https://auction.skcarrental.com/uploadFiles/AU_CAR_IMG_ORG/202609/SR2026090165621.JPG,20654,1720,"기아 디 올뉴스포티지 2.0 디젤 2WD 트렌디",AT,2023,"SK 경매장",KNAPU81CBPK200833,A/C
"기아 모닝 어반 1.0 가솔린 프레스티지",0248,190호4791,흰색,가솔린,https://auction.skcarrental.com/uploadFiles/AU_CAR_IMG_ORG/202609/SR2026090177821.JPG,83440,820,"기아 모닝 어반 1.0 가솔린 프레스티지",AT,2022,"SK 경매장",KNAB2518BNT958969,A/C
"현대 아반떼 하이브리드(CN7) HEV 법인전용",0249,191하9087,흰색,가솔린하이브리드,https://auction.skcarrental.com/uploadFiles/AU_CAR_IMG_ORG/202609/SR2026090206521.JPG,70306,1440,"현대 아반떼 하이브리드(CN7) HEV 법인전용",AT,2023,"SK 경매장",KMHLL41JGPU068956,A/C
"폴스타 폴스타 2 롱레인지 싱글모터",0250,52허0473,흰색,전기,https://auction.skcarrental.com/uploadFiles/AU_CAR_IMG_ORG/202609/SR2026090166521.JPG,31172,2880,"폴스타 폴스타 2 롱레인지 싱글모터",AT,2022,"SK 경매장",YSMVSEGAKNL085571,A/C
"현대 더 뉴아반떼 하이브리드(CN7) 1.6 HEV 모던",0251,192허7192,기타,가솔린하이브리드,https://auction.skcarrental.com/uploadFiles/AU_CAR_IMG_ORG/202609/SR2026090175721.JPG,13034,1960,"현대 더 뉴아반떼 하이브리드(CN7) 1.6 HEV 모던",AT,2024,"SK 경매장",KMHLN41JGRU086796,A/C
"현대 캐스퍼 가솔린 1.0 모던",0252,191하6624,흰색,가솔린,https://auction.skcarrental.com/uploadFiles/AU_CAR_IMG_ORG/202609/SR2026090164721.JPG,110239,740,"현대 캐스퍼 가솔린 1.0 모던",AT,2022,"SK 경매장",KMHB3518BNW011525,A/C
"테슬라 모델 3 EV AWD 롱 레인지",0253,29하6997,흰색,전기,https://auction.skcarrental.com/uploadFiles/AU_CAR_IMG_ORG/202609/SR2026090128921.JPG,75539,2810,"테슬라 모델 3 EV AWD 롱 레인지",AT,2021,"SK 경매장",5YJ3E1EB2MF081086,B/C
"현대 더 뉴아반떼(CN7) 가솔린 1.6 스마트",0254,191호8522,흰색,가솔린,https://auction.skcarrental.com/uploadFiles/AU_CAR_IMG_ORG/202609/SR2026090164221.JPG,45643,1270,"현대 더 뉴아반떼(CN7) 가솔린 1.6 스마트",AT,2024,"SK 경매장",KMHLM41EERU599730,A/F
"기아 더 뉴셀토스 1.6 가솔린 터보 2WD 트렌디",0255,192하8957,흰색,가솔린,https://auction.skcarrental.com/uploadFiles/AU_CAR_IMG_ORG/202609/SR2026090178221.JPG,57285,1550,"기아 더 뉴셀토스 1.6 가솔린 터보 2WD 트렌디",AT,2024,"SK 경매장",KNAEP817BRK552809,A/C
"현대 더 뉴아반떼 하이브리드(CN7) 1.6 HEV 모던",0256,192허7112,기타,가솔린하이브리드,https://auction.skcarrental.com/uploadFiles/AU_CAR_IMG_ORG/202609/SR2026090174621.JPG,20480,1920,"현대 더 뉴아반떼 하이브리드(CN7) 1.6 HEV 모던",AT,2024,"SK 경매장",KMHLN41JGRU085936,A/D
"현대 쏘나타(DN8) G2.0 인스퍼레이션",0257,191하6963,흰색,가솔린,https://auction.skcarrental.com/uploadFiles/AU_CAR_IMG_ORG/202609/SR2026090174421.JPG,67292,1500,"현대 쏘나타(DN8) G2.0 인스퍼레이션",AT,2022,"SK 경매장",KMHL241EBNA215861,A/C
"현대 아반떼 하이브리드(CN7) HEV 법인전용",0258,190하4693,흰색,가솔린하이브리드,https://auction.skcarrental.com/uploadFiles/AU_CAR_IMG_ORG/202609/SR2026090163921.JPG,42308,1350,"현대 아반떼 하이브리드(CN7) HEV 법인전용",AT,2023,"SK 경매장",KMHLL41JGPU062527,A/C
"기아 셀토스 1.6 가솔린 2WD 시그니처",0259,190허5733,흰색,가솔린,https://auction.skcarrental.com/uploadFiles/AU_CAR_IMG_ORG/202609/SR2026090207321.JPG,78310,1350,"기아 셀토스 1.6 가솔린 2WD 시그니처",AT,2022,"SK 경매장",KNAET812GNK299829,A/C
"기아 모닝 어반 1.0 가솔린 스탠다드",0260,155호4948,흰색,가솔린,https://auction.skcarrental.com/uploadFiles/AU_CAR_IMG_ORG/202609/SR2026090144421.JPG,37685,640,"기아 모닝 어반 1.0 가솔린 스탠다드",AT,2022,"SK 경매장",KNAB1518BNT863098,F/D
"현대 디 올뉴그랜저 가솔린 2.5 프리미엄",0261,191하9250,검정,가솔린,https://auction.skcarrental.com/uploadFiles/AU_CAR_IMG_ORG/202609/SR2026090174121.JPG,66192,2290,"현대 디 올뉴그랜저 가솔린 2.5 프리미엄",AT,2023,"SK 경매장",KMHN141DBPA028803,A/B
"기아 더 뉴 K3 1.6 가솔린 트렌디",0262,190호6912,흰색,가솔린,https://auction.skcarrental.com/uploadFiles/AU_CAR_IMG_ORG/202609/SR2026090178021.JPG,76792,720,"기아 더 뉴 K3 1.6 가솔린 트렌디",AT,2022,"SK 경매장",KNAF141BENA153731,F/C
"현대 스타리아 2.2 디젤 카고 3인승 모던",0263,85버4743,흰색,디젤,https://auction.skcarrental.com/uploadFiles/AU_CAR_IMG_ORG/202609/SR2026090153921.JPG,125223,1700,"현대 스타리아 2.2 디젤 카고 3인승 모던",AT,2022,"SK 경매장",KMFYDX71BNU025682,A/D
"현대 더 뉴아반떼 하이브리드(CN7) 1.6 HEV 모던",0264,192허7016,기타,가솔린하이브리드,https://auction.skcarrental.com/uploadFiles/AU_CAR_IMG_ORG/202609/SR2026090124621.JPG,10987,1870,"현대 더 뉴아반떼 하이브리드(CN7) 1.6 HEV 모던",AT,2024,"SK 경매장",KMHLN41JGRU085953,A/C
"기아 셀토스 1.6 가솔린 2WD 트렌디",0265,170허1344,기타,가솔린,https://auction.skcarrental.com/uploadFiles/AU_CAR_IMG_ORG/202609/SR2026090178121.JPG,117789,1000,"기아 셀토스 1.6 가솔린 2WD 트렌디",AT,2022,"SK 경매장",KNAEP812GNK196094,A/D
"기아 신형 카니발(KA4) 9인승 디젤 노블레스",0266,193호5033,검정,디젤,https://auction.skcarrental.com/uploadFiles/AU_CAR_IMG_ORG/202609/SR2026090165821.JPG,54006,2090,"기아 신형 카니발(KA4) 9인승 디젤 노블레스",AT,2023,"SK 경매장",KNANC81BBPS242598,B/C
"현대 아반떼 하이브리드(CN7) HEV 법인전용",0267,190하4694,흰색,가솔린하이브리드,https://auction.skcarrental.com/uploadFiles/AU_CAR_IMG_ORG/202609/SR2026090163821.JPG,71904,1400,"현대 아반떼 하이브리드(CN7) HEV 법인전용",AT,2023,"SK 경매장",KMHLL41JGPU062532,A/C
"현대 쏘나타(DN8) G2.0 프리미엄 플러스",0268,190호8559,기타,가솔린,https://auction.skcarrental.com/uploadFiles/AU_CAR_IMG_ORG/202609/SR2026090174321.JPG,93824,1220,"현대 쏘나타(DN8) G2.0 프리미엄 플러스",AT,2022,"SK 경매장",KMHL141EBNA243345,A/C
"현대 스타리아 2.2 디젤 투어러 11인승 2WD 모던",0269,721하5084,흰색,디젤,https://auction.skcarrental.com/uploadFiles/AU_CAR_IMG_ORG/202609/SR2026090207221.JPG,76835,2100,"현대 스타리아 2.2 디젤 투어러 11인승 2WD 모던",AT,2022,"SK 경매장",KMJYB371BNU073952,A/C
"현대 더 뉴그랜저IG LPi 3.0 렌터카 모던",0270,191허3889,흰색,LPG,https://auction.skcarrental.com/uploadFiles/AU_CAR_IMG_ORG/202609/SR2026090173921.JPG,97316,1330,"현대 더 뉴그랜저IG LPi 3.0 렌터카 모던",AT,2023,"SK 경매장",KMHF241NBPA502258,B/C
"현대 더 뉴아반떼 하이브리드(CN7) 1.6 HEV 모던",0271,192허7151,기타,가솔린하이브리드,https://auction.skcarrental.com/uploadFiles/AU_CAR_IMG_ORG/202609/SR2026090125721.JPG,18907,1870,"현대 더 뉴아반떼 하이브리드(CN7) 1.6 HEV 모던",AT,2024,"SK 경매장",KMHLN41JGRU086357,A/B
"현대 아이오닉 5 EV AWD 롱레인지 익스클루시브",0272,29하8099,검정,전기,https://auction.skcarrental.com/uploadFiles/AU_CAR_IMG_ORG/202609/SR2026090167021.JPG,77681,2110,"현대 아이오닉 5 EV AWD 롱레인지 익스클루시브",AT,2022,"SK 경매장",KMHKN81CPNU055111,A/D
"현대 더 뉴그랜저IG LPi 3.0 렌터카 모던",0273,190허3032,검정,LPG,https://auction.skcarrental.com/uploadFiles/AU_CAR_IMG_ORG/202609/SR2026090173821.JPG,79501,1500,"현대 더 뉴그랜저IG LPi 3.0 렌터카 모던",AT,2022,"SK 경매장",KMHF241NBNA473483,A/C
"현대 더 올뉴투싼 2.0 디젤  AWD 프리미엄",0221,190하2919,기타,디젤,https://auction.skcarrental.com/uploadFiles/AU_CAR_IMG_ORG/202609/SR2026090168121.JPG,30097,1750,"현대 더 올뉴투싼 2.0 디젤  AWD 프리미엄",AT,2023,"SK 경매장",KMHJC81CDPU242779,F/F
"현대 더 뉴아반떼 하이브리드(CN7) 1.6 HEV 모던",0222,192허7196,기타,가솔린하이브리드,https://auction.skcarrental.com/uploadFiles/AU_CAR_IMG_ORG/202609/SR2026090176021.JPG,20836,1800,"현대 더 뉴아반떼 하이브리드(CN7) 1.6 HEV 모던",AT,2024,"SK 경매장",KMHLN41JGRU086807,A/C
"현대 쏘나타(DN8) 하이브리드 2.0 HEV 프리미엄 플러스",0223,190하2634,검정,가솔린하이브리드,https://auction.skcarrental.com/uploadFiles/AU_CAR_IMG_ORG/202609/SR2026090184621.JPG,47578,1800,"현대 쏘나타(DN8) 하이브리드 2.0 HEV 프리미엄 플러스",AT,2023,"SK 경매장",KMHL241JBPA066372,A/C
"현대 더 뉴아반떼 하이브리드(CN7) 1.6 HEV 모던",0224,192허7170,기타,가솔린하이브리드,https://auction.skcarrental.com/uploadFiles/AU_CAR_IMG_ORG/202609/SR2026090125921.JPG,9708,1960,"현대 더 뉴아반떼 하이브리드(CN7) 1.6 HEV 모던",AT,2024,"SK 경매장",KMHLN41JGRU086973,A/C
"테슬라 모델 3 EV AWD 롱 레인지",0225,52허0322,흰색,전기,https://auction.skcarrental.com/uploadFiles/AU_CAR_IMG_ORG/202609/SR2026090190021.JPG,69880,3360,"테슬라 모델 3 EV AWD 롱 레인지",AT,2022,"SK 경매장",5YJ3E1EB2NF227049,A/C
"현대 캐스퍼 가솔린 1.0 디 에센셜 라이트",0226,192허7579,흰색,가솔린,https://auction.skcarrental.com/uploadFiles/AU_CAR_IMG_ORG/202609/SR2026090167721.JPG,91933,770,"현대 캐스퍼 가솔린 1.0 디 에센셜 라이트",AT,2024,"SK 경매장",KMHB3518BRW087714,A/C
"현대 더 뉴아반떼 하이브리드(CN7) 1.6 HEV 모던",0227,192허7116,기타,가솔린하이브리드,https://auction.skcarrental.com/uploadFiles/AU_CAR_IMG_ORG/202609/SR2026090174921.JPG,8680,2060,"현대 더 뉴아반떼 하이브리드(CN7) 1.6 HEV 모던",AT,2024,"SK 경매장",KMHLN41JGRU086253,A/C
"기아 셀토스 1.6 가솔린 2WD 시그니처",0228,191허5979,흰색,가솔린,https://auction.skcarrental.com/uploadFiles/AU_CAR_IMG_ORG/202609/SR2026090182821.JPG,35540,1650,"기아 셀토스 1.6 가솔린 2WD 시그니처",AT,2023,"SK 경매장",KNAET812GPK364526,A/C
"기아 K8 2.5 GDI 노블레스",0229,191허8001,흰색,가솔린,https://auction.skcarrental.com/uploadFiles/AU_CAR_IMG_ORG/202609/SR2026090200921.JPG,44049,2100,"기아 K8 2.5 GDI 노블레스",AT,2023,"SK 경매장",KNAM241BBPA042090,A/B
"기아 디 올뉴스포티지 2.0 디젤 2WD 프레스티지",0230,190허6418,흰색,디젤,https://auction.skcarrental.com/uploadFiles/AU_CAR_IMG_ORG/202609/SR2026090194021.JPG,117966,1370,"기아 디 올뉴스포티지 2.0 디젤 2WD 프레스티지",AT,2022,"SK 경매장",KNAPV81CBNK043672,A/C
"KG모빌리티(쌍용) 토레스 1.5 GDI-T 2WD T5",0231,223하9115,기타,가솔린,https://auction.skcarrental.com/uploadFiles/AU_CAR_IMG_ORG/202609/SR2026090189921.JPG,36597,1770,"KG모빌리티(쌍용) 토레스 1.5 GDI-T 2WD T5",AT,2024,"SK 경매장",KPBPH3AT1RP072857,A/C
"현대 아반떼(CN7) 1.6 가솔린 모던",0232,124하5612,흰색,가솔린,https://auction.skcarrental.com/uploadFiles/AU_CAR_IMG_ORG/202609/SR2026090166821.JPG,163969,770,"현대 아반떼(CN7) 1.6 가솔린 모던",AT,2021,"SK 경매장",KMHLM41EEMU153373,A/C
"현대 더 뉴그랜드스타렉스 9인승 디젤 프리미엄 스페셜",0233,162허8327,기타,디젤,https://auction.skcarrental.com/uploadFiles/AU_CAR_IMG_ORG/202609/SR2026090196821.JPG,217179,1070,"현대 더 뉴그랜드스타렉스 9인승 디젤 프리미엄 스페셜",AT,2021,"SK 경매장",KMHWH81KBMU155626,F/C
"기아 EV6 롱 레인지 4WD 에어",0234,09하4533,기타,전기,https://auction.skcarrental.com/uploadFiles/AU_CAR_IMG_ORG/202609/SR2026090132021.JPG,97227,2310,"기아 EV6 롱 레인지 4WD 에어",AT,2023,"SK 경매장",KNAC281CPPA100034,A/D
"기아 K8 3.5 LPi 렌터카 프레스티지",0235,173호5957,기타,LPG,https://auction.skcarrental.com/uploadFiles/AU_CAR_IMG_ORG/202609/SR2026090189521.JPG,137273,1370,"기아 K8 3.5 LPi 렌터카 프레스티지",AT,2022,"SK 경매장",KNAM641FBNA018976,A/D
"현대 더 뉴아반떼 하이브리드(CN7) 1.6 HEV 모던",0236,192허7099,기타,가솔린하이브리드,https://auction.skcarrental.com/uploadFiles/AU_CAR_IMG_ORG/202609/SR2026090174821.JPG,21772,1920,"현대 더 뉴아반떼 하이브리드(CN7) 1.6 HEV 모던",AT,2024,"SK 경매장",KMHLN41JGRU086203,A/B
"아우디 e-트론 GT GT 콰트로 프리미엄",0237,34하4076,기타,전기,https://auction.skcarrental.com/uploadFiles/AU_CAR_IMG_ORG/202609/SR2026090167421.JPG,40954,6660,"아우디 e-트론 GT GT 콰트로 프리미엄",AT,2022,"SK 경매장",WAUZZZFW6N7004904,A/B
"현대 더 뉴아반떼 하이브리드(CN7) 1.6 HEV 모던",0238,192허7193,기타,가솔린하이브리드,https://auction.skcarrental.com/uploadFiles/AU_CAR_IMG_ORG/202609/SR2026090175821.JPG,22495,1920,"현대 더 뉴아반떼 하이브리드(CN7) 1.6 HEV 모던",AT,2024,"SK 경매장",KMHLN41JGRU086798,A/C
"기아 더 뉴레이 밴 스탠다드",0239,155호3634,흰색,가솔린,https://auction.skcarrental.com/uploadFiles/AU_CAR_IMG_ORG/202609/SR2026090203721.JPG,71746,500,"기아 더 뉴레이 밴 스탠다드",AT,2022,"SK 경매장",KNACF911BNT282366,A/D
"현대 디 올뉴코나 2.0 가솔린 인스퍼레이션",0240,190허9468,기타,가솔린,https://auction.skcarrental.com/uploadFiles/AU_CAR_IMG_ORG/202609/SR2026090167121.JPG,48619,1680,"현대 디 올뉴코나 2.0 가솔린 인스퍼레이션",AT,2023,"SK 경매장",KMHHE81BEPU000778,A/C
"르노(삼성) 조에 EV 인텐스 에코",0241,14호3178,흰색,전기,https://auction.skcarrental.com/uploadFiles/AU_CAR_IMG_ORG/202609/SR2026090181821.JPG,63607,770,"르노(삼성) 조에 EV 인텐스 에코",AT,2021,"SK 경매장",VF1AG0002MF448094,C/D
"현대 캐스퍼 가솔린 1.0 모던",0242,191하7314,흰색,가솔린,https://auction.skcarrental.com/uploadFiles/AU_CAR_IMG_ORG/202609/SR2026090164821.JPG,105304,720,"현대 캐스퍼 가솔린 1.0 모던",AT,2023,"SK 경매장",KMHB3518BPW053702,A/B
"기아 디 올뉴스포티지 2.0 디젤 2WD 프레스티지",0243,190허2344,흰색,디젤,https://auction.skcarrental.com/uploadFiles/AU_CAR_IMG_ORG/202609/SR2026090181721.JPG,104147,1400,"기아 디 올뉴스포티지 2.0 디젤 2WD 프레스티지",AT,2022,"SK 경매장",KNAPV81CBNK010827,A/D
"현대 더 뉴아반떼 하이브리드(CN7) 1.6 HEV 모던",0244,192허7153,기타,가솔린하이브리드,https://auction.skcarrental.com/uploadFiles/AU_CAR_IMG_ORG/202609/SR2026090125821.JPG,16931,1950,"현대 더 뉴아반떼 하이브리드(CN7) 1.6 HEV 모던",AT,2024,"SK 경매장",KMHLN41JGRU086393,A/B
"기아 모닝 어반 1.0 가솔린 프레스티지",0245,165허4606,흰색,가솔린,https://auction.skcarrental.com/uploadFiles/AU_CAR_IMG_ORG/202609/SR2026090183321.JPG,85123,770,"기아 모닝 어반 1.0 가솔린 프레스티지",AT,2021,"SK 경매장",KNAB6518BMT835059,B/D
"현대 더 뉴아반떼 하이브리드(CN7) 1.6 HEV 모던",0246,192허7086,기타,가솔린하이브리드,https://auction.skcarrental.com/uploadFiles/AU_CAR_IMG_ORG/202609/SR2026090174721.JPG,27520,1870,"현대 더 뉴아반떼 하이브리드(CN7) 1.6 HEV 모던",AT,2024,"SK 경매장",KMHLN41JGRU085943,A/C
"현대 더 뉴아반떼 하이브리드(CN7) 1.6 HEV 모던",0194,192허7114,기타,가솔린하이브리드,https://auction.skcarrental.com/uploadFiles/AU_CAR_IMG_ORG/202609/SR2026090133521.JPG,13143,1960,"현대 더 뉴아반떼 하이브리드(CN7) 1.6 HEV 모던",AT,2024,"SK 경매장",KMHLN41JGRU086217,A/D
"테슬라 모델 3 EV AWD 롱 레인지",0195,52허0305,흰색,전기,https://auction.skcarrental.com/uploadFiles/AU_CAR_IMG_ORG/202609/SR2026090168521.JPG,48311,3360,"테슬라 모델 3 EV AWD 롱 레인지",AT,2022,"SK 경매장",5YJ3E1EB0NF235876,A/B
"현대 디 올뉴그랜저 가솔린 2.5 익스클루시브",0196,190하1045,검정,가솔린,https://auction.skcarrental.com/uploadFiles/AU_CAR_IMG_ORG/202609/SR2026090206921.JPG,55005,2510,"현대 디 올뉴그랜저 가솔린 2.5 익스클루시브",AT,2023,"SK 경매장",KMHN241DBPA030419,A/C
"테슬라 모델 3 EV AWD 롱 레인지",0197,30허0215,흰색,전기,https://auction.skcarrental.com/uploadFiles/AU_CAR_IMG_ORG/202609/SR2026090168821.JPG,94221,2660,"테슬라 모델 3 EV AWD 롱 레인지",AT,2021,"SK 경매장",5YJ3E1EB8MF025458,A/B
"현대 더 뉴아반떼 하이브리드(CN7) 1.6 HEV 모던",0198,192허7188,기타,가솔린하이브리드,https://auction.skcarrental.com/uploadFiles/AU_CAR_IMG_ORG/202609/SR2026090175221.JPG,12707,1870,"현대 더 뉴아반떼 하이브리드(CN7) 1.6 HEV 모던",AT,2024,"SK 경매장",KMHLN41JGRU086680,A/C
"기아 디 올뉴스포티지 2.0 디젤 4WD 프레스티지",0199,191하9448,기타,디젤,https://auction.skcarrental.com/uploadFiles/AU_CAR_IMG_ORG/202609/SR2026090201621.JPG,70035,1830,"기아 디 올뉴스포티지 2.0 디젤 4WD 프레스티지",AT,2023,"SK 경매장",KNAPV81CDPK181811,A/C
"르노(삼성) 뉴 QM6 2.0 GDe RE 시그니처",0200,190하5815,흰색,가솔린,https://auction.skcarrental.com/uploadFiles/AU_CAR_IMG_ORG/202609/SR2026090204921.JPG,36694,1470,"르노(삼성) 뉴 QM6 2.0 GDe RE 시그니처",AT,2023,"SK 경매장",KNME5C2B5PP098757,A/C
"현대 아반떼(CN7) 1.6 가솔린 모던",0201,191허2627,기타,가솔린,https://auction.skcarrental.com/uploadFiles/AU_CAR_IMG_ORG/202609/SR2026090164121.JPG,56271,1220,"현대 아반떼(CN7) 1.6 가솔린 모던",AT,2023,"SK 경매장",KMHLM41EEPU373545,A/C
"기아 모닝 어반 1.0 가솔린 프레스티지 베스트셀렉션",0202,190호4752,기타,가솔린,https://auction.skcarrental.com/uploadFiles/AU_CAR_IMG_ORG/202609/SR2026090206821.JPG,13755,1020,"기아 모닝 어반 1.0 가솔린 프레스티지 베스트셀렉션",AT,2022,"SK 경매장",KNAB2518BNT957536,A/F
"제네시스 더 올뉴G80 가솔린 2.5 AWD 기본형",0203,191호9953,기타,가솔린,https://auction.skcarrental.com/uploadFiles/AU_CAR_IMG_ORG/202609/SR2026090205721.JPG,26609,3510,"제네시스 더 올뉴G80 가솔린 2.5 AWD 기본형",AT,2023,"SK 경매장",KMTGB41CDPU167765,A/B
"현대 더 뉴아반떼 하이브리드(CN7) 1.6 HEV 모던",0204,192허7152,기타,가솔린하이브리드,https://auction.skcarrental.com/uploadFiles/AU_CAR_IMG_ORG/202609/SR2026090131421.JPG,9345,2060,"현대 더 뉴아반떼 하이브리드(CN7) 1.6 HEV 모던",AT,2024,"SK 경매장",KMHLN41JGRU086371,A/C
"기아 셀토스 1.6 가솔린 2WD 시그니처",0205,190허5533,기타,가솔린,https://auction.skcarrental.com/uploadFiles/AU_CAR_IMG_ORG/202609/SR2026090205421.JPG,89271,1300,"기아 셀토스 1.6 가솔린 2WD 시그니처",AT,2023,"SK 경매장",KNAET812GPK326541,A/D
"현대 아이오닉 5 EV 2WD 롱레인지 익스클루시브",0206,52허0585,기타,전기,https://auction.skcarrental.com/uploadFiles/AU_CAR_IMG_ORG/202609/SR2026090205321.JPG,81574,2160,"현대 아이오닉 5 EV 2WD 롱레인지 익스클루시브",AT,2023,"SK 경매장",KMHKN81EFPU136252,A/B
"현대 더 올뉴투싼 2.0 디젤 2WD 모던",0207,191하4112,기타,디젤,https://auction.skcarrental.com/uploadFiles/AU_CAR_IMG_ORG/202609/SR2026090168021.JPG,99413,1350,"현대 더 올뉴투싼 2.0 디젤 2WD 모던",AT,2023,"SK 경매장",KMHJB81CBPU180820,B/C
"현대 캐스퍼 가솔린 1.0 디 에센셜 라이트",0208,192호6578,흰색,가솔린,https://auction.skcarrental.com/uploadFiles/AU_CAR_IMG_ORG/202609/SR2026090203421.JPG,35913,1070,"현대 캐스퍼 가솔린 1.0 디 에센셜 라이트",AT,2024,"SK 경매장",KMHB3518BRW125967,A/B
"현대 아반떼 하이브리드(CN7) HEV 법인전용",0209,191하7710,흰색,가솔린하이브리드,https://auction.skcarrental.com/uploadFiles/AU_CAR_IMG_ORG/202609/SR2026090202421.JPG,77593,1380,"현대 아반떼 하이브리드(CN7) HEV 법인전용",AT,2023,"SK 경매장",KMHLL41JGPU052378,A/C
"기아 더 뉴셀토스 2.0 가솔린 2WD 트렌디",0210,192하9493,기타,가솔린,https://auction.skcarrental.com/uploadFiles/AU_CAR_IMG_ORG/202609/SR2026090204621.JPG,64831,1600,"기아 더 뉴셀토스 2.0 가솔린 2WD 트렌디",AT,2024,"SK 경매장",KNAEU81AERK559474,A/C
"현대 더 뉴아반떼 하이브리드(CN7) 1.6 HEV 모던",0211,192허7131,기타,가솔린하이브리드,https://auction.skcarrental.com/uploadFiles/AU_CAR_IMG_ORG/202609/SR2026090175121.JPG,20319,1950,"현대 더 뉴아반떼 하이브리드(CN7) 1.6 HEV 모던",AT,2024,"SK 경매장",KMHLN41JGRU086390,A/B
"기아 EV6 롱 레인지 2WD 에어",0212,09하4745,검정,전기,https://auction.skcarrental.com/uploadFiles/AU_CAR_IMG_ORG/202609/SR2026090204821.JPG,77681,2310,"기아 EV6 롱 레인지 2WD 에어",AT,2023,"SK 경매장",KNAC281AFPA105163,A/C
"기아 디 올뉴니로 1.6 HEV 트렌디",0213,191하9556,기타,가솔린하이브리드,https://auction.skcarrental.com/uploadFiles/AU_CAR_IMG_ORG/202609/SR2026090204421.JPG,38010,1800,"기아 디 올뉴니로 1.6 HEV 트렌디",AT,2024,"SK 경매장",KNACP81EGRA103310,A/B
"현대 쏘나타(DN8) G2.0 프리미엄 플러스",0214,190호5697,검정,가솔린,https://auction.skcarrental.com/uploadFiles/AU_CAR_IMG_ORG/202609/SR2026090116721.JPG,79212,1250,"현대 쏘나타(DN8) G2.0 프리미엄 플러스",AT,2022,"SK 경매장",KMHL141EBNA229870,A/D
"기아 더 뉴쏘렌토(MQ4) 2.2 디젤 4WD 프레스티지",0215,192허6485,기타,디젤,https://auction.skcarrental.com/uploadFiles/AU_CAR_IMG_ORG/202609/SR2026090204221.JPG,36499,2510,"기아 더 뉴쏘렌토(MQ4) 2.2 디젤 4WD 프레스티지",AT,2024,"SK 경매장",KNARG81BHRA251275,F/F
"기아 신형 K5 하이브리드(DL3) 2.0 HEV 프레스티지",0216,191허7861,흰색,가솔린하이브리드,https://auction.skcarrental.com/uploadFiles/AU_CAR_IMG_ORG/202609/SR2026090203621.JPG,65046,1670,"기아 신형 K5 하이브리드(DL3) 2.0 HEV 프레스티지",AT,2023,"SK 경매장",KNAG241JBPA028206,A/B
"현대 더 뉴그랜저IG 가솔린 2.5 프리미엄",0217,190호6607,검정,가솔린,https://auction.skcarrental.com/uploadFiles/AU_CAR_IMG_ORG/202609/SR2026090185321.JPG,73599,1600,"현대 더 뉴그랜저IG 가솔린 2.5 프리미엄",AT,2023,"SK 경매장",KMHF141DBPA507853,A/C
"현대 더 뉴아반떼 하이브리드(CN7) 1.6 HEV 모던",0218,192허7185,기타,가솔린하이브리드,https://auction.skcarrental.com/uploadFiles/AU_CAR_IMG_ORG/202609/SR2026090175021.JPG,12522,1960,"현대 더 뉴아반떼 하이브리드(CN7) 1.6 HEV 모던",AT,2024,"SK 경매장",KMHLN41JGRU086337,A/C
"제네시스 더 올뉴G80 가솔린 2.5 AWD 기본형",0219,191호7228,기타,가솔린,https://auction.skcarrental.com/uploadFiles/AU_CAR_IMG_ORG/202609/SR2026090200221.JPG,44818,3960,"제네시스 더 올뉴G80 가솔린 2.5 AWD 기본형",AT,2024,"SK 경매장",KMTGB41CDRU199145,A/B
"기아 디 올뉴스포티지 2.0 디젤 2WD 프레스티지",0220,190허2355,기타,디젤,https://auction.skcarrental.com/uploadFiles/AU_CAR_IMG_ORG/202609/SR2026090189021.JPG,199794,1220,"기아 디 올뉴스포티지 2.0 디젤 2WD 프레스티지",AT,2022,"SK 경매장",KNAPV81CBNK010626,A/D
"KG모빌리티(쌍용) 토레스 1.5 GDI-T 2WD T5",0167,191허7398,기타,가솔린,https://auction.skcarrental.com/uploadFiles/AU_CAR_IMG_ORG/202610/SR2026100002021.JPG,50940,1220,"KG모빌리티(쌍용) 토레스 1.5 GDI-T 2WD T5",AT,2023,"SK 경매장",KPBPH3AT1PP006366,A/F
"현대 아반떼(CN7) 1.6 가솔린 모던",0168,191허1855,흰색,가솔린,https://auction.skcarrental.com/uploadFiles/AU_CAR_IMG_ORG/202609/SR2026090208921.JPG,85307,1220,"현대 아반떼(CN7) 1.6 가솔린 모던",AT,2023,"SK 경매장",KMHLM41EEPU357322,A/D
"기아 신형쏘렌토(MQ4) 2.2 디젤 4WD 프레스티지",0169,192하6133,기타,디젤,https://auction.skcarrental.com/uploadFiles/AU_CAR_IMG_ORG/202609/SR2026090197521.JPG,32409,2300,"기아 신형쏘렌토(MQ4) 2.2 디젤 4WD 프레스티지",AT,2023,"SK 경매장",KNARL81BHPA230494,A/D
"현대 아이오닉 5 EV 2WD 롱레인지 익스클루시브",0170,13하4452,흰색,전기,https://auction.skcarrental.com/uploadFiles/AU_CAR_IMG_ORG/202609/SR2026090209021.JPG,48044,2360,"현대 아이오닉 5 EV 2WD 롱레인지 익스클루시브",AT,2022,"SK 경매장",KMHKN81AFNU020625,A/C
"현대 더 뉴아반떼 하이브리드(CN7) 1.6 HEV 모던",0171,192허7018,기타,가솔린하이브리드,https://auction.skcarrental.com/uploadFiles/AU_CAR_IMG_ORG/202609/SR2026090148821.JPG,17472,1820,"현대 더 뉴아반떼 하이브리드(CN7) 1.6 HEV 모던",AT,2024,"SK 경매장",KMHLN41JGRU085988,B/B
"르노(삼성) XM3 1.6 GTe LE",0172,191하2897,흰색,가솔린,https://auction.skcarrental.com/uploadFiles/AU_CAR_IMG_ORG/202609/SR2026090170421.JPG,35900,920,"르노(삼성) XM3 1.6 GTe LE",AT,2023,"SK 경매장",KNMK5C2HMPP028781,A/B
"현대 아반떼(CN7) 1.6 가솔린 모던",0173,191허1636,검정,가솔린,https://auction.skcarrental.com/uploadFiles/AU_CAR_IMG_ORG/202609/SR2026090207821.JPG,82049,1170,"현대 아반떼(CN7) 1.6 가솔린 모던",AT,2023,"SK 경매장",KMHLM41EEPU353384,B/F
"폭스바겐 제타(7세대) 1.4 TSI 프레스티지",0174,190호1105,흰색,가솔린,https://auction.skcarrental.com/uploadFiles/AU_CAR_IMG_ORG/202609/SR2026090129021.JPG,62869,1400,"폭스바겐 제타(7세대) 1.4 TSI 프레스티지",AT,2021,"SK 경매장",WVWZZZBUZMM072494,A/C
"현대 쏘나타(DN8) L2.0 렌트카 법인전용",0175,190허8101,검정,LPG,https://auction.skcarrental.com/uploadFiles/AU_CAR_IMG_ORG/202609/SR2026090207021.JPG,78097,950,"현대 쏘나타(DN8) L2.0 렌트카 법인전용",AT,2022,"SK 경매장",KMHL341DBNA204816,A/D
"현대 아이오닉 5 EV AWD 롱레인지 프레스티지",0176,24호6489,기타,전기,https://auction.skcarrental.com/uploadFiles/AU_CAR_IMG_ORG/202609/SR2026090157921.JPG,81733,2410,"현대 아이오닉 5 EV AWD 롱레인지 프레스티지",AT,2022,"SK 경매장",KMHKR81CPNU081061,A/B
"KG모빌리티(쌍용) 뉴 티볼리 에어 1.5 가솔린 터보 렌터카",0177,190허2063,흰색,가솔린,https://auction.skcarrental.com/uploadFiles/AU_CAR_IMG_ORG/202609/SR2026090168621.JPG,70771,660,"KG모빌리티(쌍용) 뉴 티볼리 에어 1.5 가솔린 터보 렌터카",AT,2022,"SK 경매장",KPBXL3AT1NP371501,A/C
"제네시스 더 올뉴G80 가솔린 2.5 2WD 기본형",0178,191호9865,흰색,가솔린,https://auction.skcarrental.com/uploadFiles/AU_CAR_IMG_ORG/202609/SR2026090208721.JPG,77704,2860,"제네시스 더 올뉴G80 가솔린 2.5 2WD 기본형",AT,2022,"SK 경매장",KMTGB41CBNU163909,A/B
"현대 아반떼 하이브리드(CN7) HEV 법인전용",0179,190하2640,흰색,가솔린하이브리드,https://auction.skcarrental.com/uploadFiles/AU_CAR_IMG_ORG/202609/SR2026090200021.JPG,77534,1420,"현대 아반떼 하이브리드(CN7) HEV 법인전용",AT,2023,"SK 경매장",KMHLL41JGPU067675,A/C
"기아 모닝 어반 1.0 가솔린 프레스티지",0180,191허8882,흰색,가솔린,https://auction.skcarrental.com/uploadFiles/AU_CAR_IMG_ORG/202609/SR2026090208421.JPG,73245,770,"기아 모닝 어반 1.0 가솔린 프레스티지",AT,2023,"SK 경매장",KNAB2518BPT063667,A/F
"현대 아반떼(CN7) 1.6 가솔린 모던",0181,124하5619,흰색,가솔린,https://auction.skcarrental.com/uploadFiles/AU_CAR_IMG_ORG/202609/SR2026090161521.JPG,163714,770,"현대 아반떼(CN7) 1.6 가솔린 모던",AT,2021,"SK 경매장",KMHLM41EEMU152994,A/D
"현대 쏘나타(DN8) L2.0 렌터카 스마트",0182,191하5746,검정,LPG,https://auction.skcarrental.com/uploadFiles/AU_CAR_IMG_ORG/202610/SR2026100001421.JPG,123747,1100,"현대 쏘나타(DN8) L2.0 렌터카 스마트",AT,2022,"SK 경매장",KMHL341DBNA237419,A/D
"기아 모닝 어반 1.0 가솔린 프레스티지 베스트셀렉션",0183,190호5327,기타,가솔린,https://auction.skcarrental.com/uploadFiles/AU_CAR_IMG_ORG/202609/SR2026090208121.JPG,34418,920,"기아 모닝 어반 1.0 가솔린 프레스티지 베스트셀렉션",AT,2022,"SK 경매장",KNAB2518BNT965355,A/C
"현대 더 뉴아반떼 하이브리드(CN7) 1.6 HEV 모던",0184,192허7072,기타,가솔린하이브리드,https://auction.skcarrental.com/uploadFiles/AU_CAR_IMG_ORG/202609/SR2026090133921.JPG,9524,2010,"현대 더 뉴아반떼 하이브리드(CN7) 1.6 HEV 모던",AT,2024,"SK 경매장",KMHLN41JGRU086137,A/C
"제네시스 eGV70 EV  AWD 기본형",0185,09하4655,흰색,전기,https://auction.skcarrental.com/uploadFiles/AU_CAR_IMG_ORG/202609/SR2026090169321.JPG,95025,3860,"제네시스 eGV70 EV  AWD 기본형",AT,2022,"SK 경매장",KMTMA811PNU003747,A/C
"현대 아반떼 하이브리드(CN7) HEV 법인전용",0186,190하2892,흰색,가솔린하이브리드,https://auction.skcarrental.com/uploadFiles/AU_CAR_IMG_ORG/202609/SR2026090169521.JPG,58621,1350,"현대 아반떼 하이브리드(CN7) HEV 법인전용",AT,2023,"SK 경매장",KMHLL41JGPU068004,A/D
"현대 쏘나타(DN8) L2.0 렌터카 프리미엄",0187,191허7586,흰색,LPG,https://auction.skcarrental.com/uploadFiles/AU_CAR_IMG_ORG/202609/SR2026090205521.JPG,136328,1150,"현대 쏘나타(DN8) L2.0 렌터카 프리미엄",AT,2023,"SK 경매장",KMHL341DBPA265741,A/C
"현대 디 올뉴그랜저 가솔린 2.5 익스클루시브",0188,192허9890,기타,가솔린,https://auction.skcarrental.com/uploadFiles/AU_CAR_IMG_ORG/202609/SR2026090207721.JPG,21668,2760,"현대 디 올뉴그랜저 가솔린 2.5 익스클루시브",AT,2023,"SK 경매장",KMHN241DBPA061234,A/C
"현대 쏘나타 디 엣지 LPG 2.0 렌터카 비지니스 1",0189,191하8479,기타,LPG,https://auction.skcarrental.com/uploadFiles/AU_CAR_IMG_ORG/202609/SR2026090194821.JPG,140019,1460,"현대 쏘나타 디 엣지 LPG 2.0 렌터카 비지니스 1",AT,2024,"SK 경매장",KMHL341DBRA324791,B/F
"현대 아반떼(CN7) 1.6 가솔린 모던",0190,124하5627,흰색,가솔린,https://auction.skcarrental.com/uploadFiles/AU_CAR_IMG_ORG/202609/SR2026090161921.JPG,160830,780,"현대 아반떼(CN7) 1.6 가솔린 모던",AT,2021,"SK 경매장",KMHLM41EEMU152926,A/D
"기아 EV6 롱 레인지 2WD 에어",0191,34하3174,검정,전기,https://auction.skcarrental.com/uploadFiles/AU_CAR_IMG_ORG/202609/SR2026090207521.JPG,117363,2010,"기아 EV6 롱 레인지 2WD 에어",AT,2022,"SK 경매장",KNAC281AFNA021324,A/D
"현대 캐스퍼 가솔린 1.0 모던",0192,191허2264,흰색,가솔린,https://auction.skcarrental.com/uploadFiles/AU_CAR_IMG_ORG/202609/SR2026090169121.JPG,51701,1090,"현대 캐스퍼 가솔린 1.0 모던",AT,2023,"SK 경매장",KMHB3518BPW024077,A/C
"기아 셀토스 1.6 가솔린 2WD 시그니처",0193,190허5532,기타,가솔린,https://auction.skcarrental.com/uploadFiles/AU_CAR_IMG_ORG/202609/SR2026090207421.JPG,85088,1320,"기아 셀토스 1.6 가솔린 2WD 시그니처",AT,2023,"SK 경매장",KNAET812GPK326589,F/F
"기아 신형 K5(DL3) 2.0 가솔린 노블레스",0139,191허7554,검정,가솔린,https://auction.skcarrental.com/uploadFiles/AU_CAR_IMG_ORG/202609/SR2026090198521.JPG,97309,1590,"기아 신형 K5(DL3) 2.0 가솔린 노블레스",AT,2023,"SK 경매장",KNAG341ABPA204002,A/D
"기아 셀토스 1.6 가솔린 2WD 트렌디",0140,125너4551,흰색,가솔린,https://auction.skcarrental.com/uploadFiles/AU_CAR_IMG_ORG/202609/PC2026090006721.JPG,105018,850,"기아 셀토스 1.6 가솔린 2WD 트렌디",AT,2022,"SK 경매장",KNAEP812GNK268243,A/C
"기아 더 뉴레이 밴 프레스티지 스페셜",0141,190호4841,기타,가솔린,https://auction.skcarrental.com/uploadFiles/AU_CAR_IMG_ORG/202604/SR2026040142621.JPG,39248,620,"기아 더 뉴레이 밴 프레스티지 스페셜",AT,2022,"SK 경매장",KNACF911BNT303471,A/F
"기아 더 뉴셀토스 1.6 가솔린 터보 4WD 시그니처 그래비티",0142,152허1761,기타,가솔린,https://auction.skcarrental.com/uploadFiles/AU_CAR_IMG_ORG/202609/CO2026090008921.JPG,37515,2535,"기아 더 뉴셀토스 1.6 가솔린 터보 4WD 시그니처 그래비티",AT,2023,"SK 경매장",KNAET817DPK447759,A/B
"현대 아이오닉 5 EV AWD 롱레인지 프레스티지",0143,29하6290,기타,전기,https://auction.skcarrental.com/uploadFiles/AU_CAR_IMG_ORG/202609/SR2026090171821.JPG,98312,2360,"현대 아이오닉 5 EV AWD 롱레인지 프레스티지",AT,2022,"SK 경매장",KMHKR81CPNU028863,A/C
"기아 신형 카니발(KA4) 9인승 디젤 노블레스",0144,256무2309,흰색,디젤,https://auction.skcarrental.com/uploadFiles/AU_CAR_IMG_ORG/202609/PC2026090004521.JPG,62564,2240,"기아 신형 카니발(KA4) 9인승 디젤 노블레스",AT,2023,"SK 경매장",KNANC81BBPS228585,A/C
"현대 아반떼 하이브리드(CN7) HEV 스마트",0145,191호9062,기타,가솔린하이브리드,https://auction.skcarrental.com/uploadFiles/AU_CAR_IMG_ORG/202609/SR2026090131221.JPG,70582,1170,"현대 아반떼 하이브리드(CN7) HEV 스마트",AT,2023,"SK 경매장",KMHLL41JGPU038635,A/C
"기아 뉴 신형K5 2.0 LPI 렌터카 럭셔리",0146,371어7487,흰색,LPG,https://auction.skcarrental.com/uploadFiles/AU_CAR_IMG_ORG/202609/CO2026090006721.JPG,162815,600,"기아 뉴 신형K5 2.0 LPI 렌터카 럭셔리",AT,2020,"SK 경매장",KNAGS416BLA380244,D/C
"현대 아이오닉 5 EV 2WD 롱레인지 익스클루시브",0147,34하4071,흰색,전기,https://auction.skcarrental.com/uploadFiles/AU_CAR_IMG_ORG/202609/SR2026090171521.JPG,95720,2010,"현대 아이오닉 5 EV 2WD 롱레인지 익스클루시브",AT,2022,"SK 경매장",KMHKN81AFNU066819,A/C
"현대 아이오닉 6 롱레인지 2WD 익스클루시브 플러스",0148,60무7627,흰색,전기,https://auction.skcarrental.com/uploadFiles/AU_CAR_IMG_ORG/202609/PC2026090007321.JPG,128760,1980,"현대 아이오닉 6 롱레인지 2WD 익스클루시브 플러스",AT,2023,"SK 경매장",KMHM341AFPA007527,A/C
"KG모빌리티(쌍용) 토레스 1.5 GDI-T 4WD T5",0149,191허6729,흰색,가솔린,https://auction.skcarrental.com/uploadFiles/AU_CAR_IMG_ORG/202609/SR2026090199121.JPG,130492,1230,"KG모빌리티(쌍용) 토레스 1.5 GDI-T 4WD T5",AT,2023,"SK 경매장",KPBPA3AT1PP002913,A/B
"기아 뉴 신형K5 2.0 가솔린 럭셔리",0150,371어7470,검정,가솔린,https://auction.skcarrental.com/uploadFiles/AU_CAR_IMG_ORG/202609/CO2026090006821.JPG,109321,650,"기아 뉴 신형K5 2.0 가솔린 럭셔리",AT,2020,"SK 경매장",KNAGS411BLA376692,A/C
"현대 더 뉴아반떼 하이브리드(CN7) 1.6 HEV 모던",0151,192허7021,기타,가솔린하이브리드,https://auction.skcarrental.com/uploadFiles/AU_CAR_IMG_ORG/202609/SR2026090149221.JPG,14959,1960,"현대 더 뉴아반떼 하이브리드(CN7) 1.6 HEV 모던",AT,2024,"SK 경매장",KMHLN41JGRU086008,A/C
"르노(삼성) 뉴 QM6 2.0 LPe LE",0152,191하4204,기타,LPG,https://auction.skcarrental.com/uploadFiles/AU_CAR_IMG_ORG/202609/SR2026090171421.JPG,33994,1250,"르노(삼성) 뉴 QM6 2.0 LPe LE",AT,2023,"SK 경매장",KNME5C2C0PP085701,B/B
"기아 K8 2.5 GDI 노블레스",0153,370다9578,흰색,가솔린,https://auction.skcarrental.com/uploadFiles/AU_CAR_IMG_ORG/202610/CO2026100000621.JPG,31320,2270,"기아 K8 2.5 GDI 노블레스",AT,2024,"SK 경매장",KNAM241BBRA067675,B/C
"현대 아반떼(CN7) 1.6 가솔린 모던",0154,124하5615,흰색,가솔린,https://auction.skcarrental.com/uploadFiles/AU_CAR_IMG_ORG/202609/SR2026090134521.JPG,161478,770,"현대 아반떼(CN7) 1.6 가솔린 모던",AT,2021,"SK 경매장",KMHLM41EEMU153339,A/D
"기아 뉴 신형K5 2.0 가솔린 프레스티지",0155,371어7498,흰색,가솔린,https://auction.skcarrental.com/uploadFiles/AU_CAR_IMG_ORG/202609/CO2026090006521.JPG,90355,650,"기아 뉴 신형K5 2.0 가솔린 프레스티지",AT,2020,"SK 경매장",KNAGT411BLA376904,D/C
"테슬라 모델 Y AWD 롱 레인지",0156,10호9375,흰색,전기,https://auction.skcarrental.com/uploadFiles/AU_CAR_IMG_ORG/202609/SR2026090156021.JPG,40259,4160,"테슬라 모델 Y AWD 롱 레인지 ",AT,2022,"SK 경매장",7SAYGDEE6NF496072,A/C
"현대 디 올뉴코나 1.6 가솔린 터보 2WD 모던",0157,192허9795,흰색,가솔린,https://auction.skcarrental.com/uploadFiles/AU_CAR_IMG_ORG/202609/SR2026090171321.JPG,18528,1820,"현대 디 올뉴코나 1.6 가솔린 터보 2WD 모던",AT,2024,"SK 경매장",KMHHB813BRU105129,A/C
"제네시스 G80 3.3 GDi 럭셔리",0158,46호9516,기타,가솔린,https://auction.skcarrental.com/uploadFiles/AU_CAR_IMG_ORG/202609/CO2026090006921.JPG,174330,750,"제네시스 G80 3.3 GDi 럭셔리",AT,2017,"SK 경매장",KMHGL41DBHU204994,A/C
"기아 더 뉴K9(RJ) 3.8 가솔린 AWD 플래티넘 베스트셀렉션Ⅰ",0159,191호5205,기타,가솔린,https://auction.skcarrental.com/uploadFiles/AU_CAR_IMG_ORG/202609/SR2026090199321.JPG,87151,2870,"기아 더 뉴K9(RJ) 3.8 가솔린 AWD 플래티넘 베스트셀렉션Ⅰ",AT,2022,"SK 경매장",KNAS2418DNS043741,A/B
"테슬라 모델 3 EV AWD 롱 레인지",0160,46허0949,흰색,전기,https://auction.skcarrental.com/uploadFiles/AU_CAR_IMG_ORG/202609/SR2026090169921.JPG,78768,3260,"테슬라 모델 3 EV AWD 롱 레인지",AT,2022,"SK 경매장",5YJ3E1EB1NF235904,A/B
"제네시스 EQ900 3.8 GDi AWD 프리미엄 럭셔리",0161,40호5975,검정,가솔린,https://auction.skcarrental.com/uploadFiles/AU_CAR_IMG_ORG/202609/CO2026090007021.JPG,231080,700,"제네시스 EQ900 3.8 GDi AWD 프리미엄 럭셔리",AT,2016,"SK 경매장",KMHG241DDGU022273,F/F
"현대 더 뉴그랜저IG LPi 3.0 렌터카 모던",0162,191허1352,검정,LPG,https://auction.skcarrental.com/uploadFiles/AU_CAR_IMG_ORG/202609/SR2026090156121.JPG,91212,1300,"현대 더 뉴그랜저IG LPi 3.0 렌터카 모던",AT,2022,"SK 경매장",KMHF241NBNA494866,A/D
"기아 더 뉴봉고Ⅲ화물 1톤 LPG 4WD 더블캡 장축 GL라이트",0163,805노9476,기타,LPG,https://auction.skcarrental.com/uploadFiles/AU_CAR_IMG_ORG/202609/SR2026090170521.JPG,8857,1620,"기아 더 뉴봉고Ⅲ화물 1톤 LPG 4WD 더블캡 장축 GL라이트",MT,2025,"SK 경매장",KNCSHY78CSK817043,F/F
"현대 아반떼(CN7) 1.6 가솔린 모던",0164,124하5633,흰색,가솔린,https://auction.skcarrental.com/uploadFiles/AU_CAR_IMG_ORG/202609/SR2026090135021.JPG,161561,770,"현대 아반떼(CN7) 1.6 가솔린 모던",AT,2021,"SK 경매장",KMHLM41EEMU152641,A/D
"기아 디 올뉴니로EV 에어",0165,17허7590,흰색,전기,https://auction.skcarrental.com/uploadFiles/AU_CAR_IMG_ORG/202610/SR2026100000421.JPG,75198,1650,"기아 디 올뉴니로EV 에어 ",AT,2023,"SK 경매장",KNACP811FPA012587,A/C
"기아 더 뉴기아 레이 1.0 가솔린 스탠다드",0166,192하7695,흰색,가솔린,https://auction.skcarrental.com/uploadFiles/AU_CAR_IMG_ORG/202609/SR2026090157321.JPG,24748,970,"기아 더 뉴기아 레이 1.0 가솔린 스탠다드",AT,2023,"SK 경매장",KNACF811BPT364413,A/F
"쉐보레(대우) 더 뉴스파크 LT",0111,371어7472,흰색,가솔린,https://auction.skcarrental.com/uploadFiles/AU_CAR_IMG_ORG/202609/CO2026090002621.JPG,42811,450,"쉐보레(대우) 더 뉴스파크 LT ",AT,2019,"SK 경매장",KLYDC487DKC240265,A/C
"기아 더 뉴레이 밴 프레스티지",0112,220거8659,흰색,가솔린,https://auction.skcarrental.com/uploadFiles/AU_CAR_IMG_ORG/202609/PC2026090005421.JPG,97220,570,"기아 더 뉴레이 밴 프레스티지",AT,2022,"SK 경매장",KNACF911BNT314438,A/C
"현대 아이오닉 6 롱레인지 AWD 익스클루시브 플러스",0113,46보2087,검정,전기,https://auction.skcarrental.com/uploadFiles/AU_CAR_IMG_ORG/202608/CO2026080019021.JPG,27441,2700,"현대 아이오닉 6 롱레인지 AWD 익스클루시브 플러스",AT,2023,"SK 경매장",KMHM341CPPA010552,A/C
"현대 더 뉴그랜저IG 가솔린 2.5 르블랑",0114,190호2136,검정,가솔린,https://auction.skcarrental.com/uploadFiles/AU_CAR_IMG_ORG/202609/SR2026090151921.JPG,79917,1370,"현대 더 뉴그랜저IG 가솔린 2.5 르블랑",AT,2022,"SK 경매장",KMHF141DBNA478080,F/C
"현대 스타리아 2.2 디젤 투어러 9인승 4WD 모던",0115,142호7337,검정,디젤,https://auction.skcarrental.com/uploadFiles/AU_CAR_IMG_ORG/202609/CO2026090003521.JPG,97,7500,"현대 스타리아 2.2 디젤 투어러 9인승 4WD 모던",AT,2025,"SK 경매장",KMHYA811DSU256010,A/A
"기아 EV6 롱 레인지 2WD 에어",0116,08서2753,기타,전기,https://auction.skcarrental.com/uploadFiles/AU_CAR_IMG_ORG/202609/PC2026090006121.JPG,67914,2130,"기아 EV6 롱 레인지 2WD 에어",AT,2022,"SK 경매장",KNAC281AFNA081213,A/F
"KG모빌리티(쌍용) 토레스 1.5 GDI-T 2WD T5",0117,191허7353,흰색,가솔린,https://auction.skcarrental.com/uploadFiles/AU_CAR_IMG_ORG/202610/SR2026100004721.JPG,50199,1220,"KG모빌리티(쌍용) 토레스 1.5 GDI-T 2WD T5",AT,2023,"SK 경매장",KPBPH3AT1PP006388,A/F
"기아 모닝 어반 1.0 가솔린 프레스티지",0118,322누8760,기타,가솔린,https://auction.skcarrental.com/uploadFiles/AU_CAR_IMG_ORG/202609/CO2026090004021.JPG,48207,820,"기아 모닝 어반 1.0 가솔린 프레스티지",AT,2023,"SK 경매장",KNAB2518BPT026160,A/B
"현대 디 올뉴그랜저 가솔린 2.5 프리미엄",0119,192하8803,검정,가솔린,https://auction.skcarrental.com/uploadFiles/AU_CAR_IMG_ORG/202609/SR2026090193721.JPG,80956,2450,"현대 디 올뉴그랜저 가솔린 2.5 프리미엄",AT,2023,"SK 경매장",KMHN141DBPA047701,A/D
"기아 더 뉴레이 밴 프레스티지",0120,220거8608,흰색,가솔린,https://auction.skcarrental.com/uploadFiles/AU_CAR_IMG_ORG/202609/PC2026090005121.JPG,106109,550,"기아 더 뉴레이 밴 프레스티지",AT,2022,"SK 경매장",KNACF911BNT314502,A/C
"현대 더 뉴아반떼 하이브리드(CN7) 1.6 HEV 모던",0121,192허7150,기타,가솔린하이브리드,https://auction.skcarrental.com/uploadFiles/AU_CAR_IMG_ORG/202609/SR2026090136621.JPG,12549,1960,"현대 더 뉴아반떼 하이브리드(CN7) 1.6 HEV 모던",AT,2024,"SK 경매장",KMHLN41JGRU086342,A/C
"현대 아이오닉 5 EV 2WD 롱레인지 익스클루시브",0122,29하4515,흰색,전기,https://auction.skcarrental.com/uploadFiles/AU_CAR_IMG_ORG/202609/SR2026090171021.JPG,111656,1870,"현대 아이오닉 5 EV 2WD 롱레인지 익스클루시브",AT,2022,"SK 경매장",KMHKN81AFNU031513,A/D
"현대 더 뉴아반떼AD 1.6 가솔린 스타일",0123,371어7459,기타,가솔린,https://auction.skcarrental.com/uploadFiles/AU_CAR_IMG_ORG/202609/CO2026090002421.JPG,86442,450,"현대 더 뉴아반떼AD 1.6 가솔린 스타일",AT,2020,"SK 경매장",KMHD641EELU996303,A/D
"현대 스타리아 2.2 디젤 투어러 9인승 2WD 모던",0124,317수6780,흰색,디젤,https://auction.skcarrental.com/uploadFiles/AU_CAR_IMG_ORG/202609/PC2026090006021.JPG,184595,1580,"현대 스타리아 2.2 디젤 투어러 9인승 2WD 모던",AT,2022,"SK 경매장",KMHYA811BNU007805,A/C
"기아 디 올뉴스포티지 2.0 디젤 2WD 프레스티지",0125,322누8795,흰색,디젤,https://auction.skcarrental.com/uploadFiles/AU_CAR_IMG_ORG/202609/CO2026090004621.JPG,188355,1270,"기아 디 올뉴스포티지 2.0 디젤 2WD 프레스티지",AT,2024,"SK 경매장",KNAPV81CBRK218886,A/C
"현대 디 올뉴그랜저 가솔린 2.5 익스클루시브",0126,190하9138,기타,가솔린,https://auction.skcarrental.com/uploadFiles/AU_CAR_IMG_ORG/202609/SR2026090152421.JPG,63408,2610,"현대 디 올뉴그랜저 가솔린 2.5 익스클루시브",AT,2023,"SK 경매장",KMHN241DBPA034155,A/C
"기아 디 올뉴스포티지 2.0 디젤 2WD 프레스티지",0127,370다9577,흰색,디젤,https://auction.skcarrental.com/uploadFiles/AU_CAR_IMG_ORG/202610/CO2026100000721.JPG,136669,1490,"기아 디 올뉴스포티지 2.0 디젤 2WD 프레스티지",AT,2023,"SK 경매장",KNAPV81CBPK199527,A/D
"기아 디 올뉴니로EV 에어",0128,68고7125,검정,전기,https://auction.skcarrental.com/uploadFiles/AU_CAR_IMG_ORG/202609/PC2026090006521.JPG,40210,2290,"기아 디 올뉴니로EV 에어 ",AT,2023,"SK 경매장",KNACP811FPA010912,A/C
"현대 스타리아 2.2 디젤 투어러 11인승 2WD 모던",0129,76하7450,기타,디젤,https://auction.skcarrental.com/uploadFiles/AU_CAR_IMG_ORG/202609/SR2026090196521.JPG,83076,2120,"현대 스타리아 2.2 디젤 투어러 11인승 2WD 모던",AT,2022,"SK 경매장",KMJYB371BNU050307,A/F
"현대 더 뉴아반떼 하이브리드(CN7) 1.6 HEV 모던",0130,192허7124,기타,가솔린하이브리드,https://auction.skcarrental.com/uploadFiles/AU_CAR_IMG_ORG/202609/SR2026090138821.JPG,10588,1820,"현대 더 뉴아반떼 하이브리드(CN7) 1.6 HEV 모던",AT,2024,"SK 경매장",KMHLN41JGRU086214,A/C
"기아 뉴 신형K5 2.0 LPI 렌터카 럭셔리",0131,371어7465,기타,LPG,https://auction.skcarrental.com/uploadFiles/AU_CAR_IMG_ORG/202609/CO2026090006421.JPG,266591,450,"기아 뉴 신형K5 2.0 LPI 렌터카 럭셔리",AT,2020,"SK 경매장",KNAGS416BLA378023,B/C
"현대 아이오닉 5 EV 2WD 롱레인지 익스클루시브",0132,52버2646,흰색,전기,https://auction.skcarrental.com/uploadFiles/AU_CAR_IMG_ORG/202609/PC2026090006421.JPG,139185,2050,"현대 아이오닉 5 EV 2WD 롱레인지 익스클루시브",AT,2022,"SK 경매장",KMHKN81AFNU020687,A/C
"현대 더 뉴아반떼 하이브리드(CN7) 1.6 HEV 모던",0133,192허7115,기타,가솔린하이브리드,https://auction.skcarrental.com/uploadFiles/AU_CAR_IMG_ORG/202609/SR2026090137021.JPG,14255,1960,"현대 더 뉴아반떼 하이브리드(CN7) 1.6 HEV 모던",AT,2024,"SK 경매장",KMHLN41JGRU086250,A/C
"푸조 3008(2세대) 1.2 GT",0134,341수3514,흰색,가솔린,https://auction.skcarrental.com/uploadFiles/AU_CAR_IMG_ORG/202608/CO2026080004421.JPG,68697,1395,"푸조 3008(2세대) 1.2 GT",AT,2022,"SK 경매장",VF3MRHNSCNS035231,A/C
"기아 디 올뉴스포티지 1.6 가솔린 2WD 노블레스",0135,223호2059,흰색,가솔린,https://auction.skcarrental.com/uploadFiles/AU_CAR_IMG_ORG/202609/SR2026090136821.JPG,74982,1720,"기아 디 올뉴스포티지 1.6 가솔린 2WD 노블레스",AT,2023,"SK 경매장",KNAPY81BGPK203674,B/D
"기아 더 뉴셀토스 1.6 가솔린 터보 2WD 트렌디",0136,125너4527,흰색,가솔린,https://auction.skcarrental.com/uploadFiles/AU_CAR_IMG_ORG/202609/PC2026090006821.JPG,138335,1230,"기아 더 뉴셀토스 1.6 가솔린 터보 2WD 트렌디",AT,2023,"SK 경매장",KNAEP817BPK416692,A/C
"현대 코나 1.6 가솔린 2WD 스마트",0137,167하8640,기타,가솔린,https://auction.skcarrental.com/uploadFiles/AU_CAR_IMG_ORG/202609/CO2026090006021.JPG,100865,1300,"현대 코나 1.6 가솔린 2WD 스마트",AT,2020,"SK 경매장",KMHK6815GLU647569,A/C
"현대 아반떼(CN7) 1.6 가솔린 스마트",0138,190하7314,흰색,가솔린,https://auction.skcarrental.com/uploadFiles/AU_CAR_IMG_ORG/202609/SR2026090171121.JPG,53903,1070,"현대 아반떼(CN7) 1.6 가솔린 스마트",AT,2023,"SK 경매장",KMHLL41EEPU538305,A/C
"아우디 Q7(2세대) 55 TFSI 콰트로 프리미엄",0083,115호5278,검정,가솔린,https://auction.skcarrental.com/uploadFiles/AU_CAR_IMG_ORG/202609/CO2026090000521.JPG,73398,4830,"아우디 Q7(2세대) 55 TFSI 콰트로 프리미엄",AT,2022,"SK 경매장",WAUZZZ4M5ND022328,A/B
"기아 더 뉴레이 1.0 가솔린 스탠다드",0084,256무2395,흰색,가솔린,https://auction.skcarrental.com/uploadFiles/AU_CAR_IMG_ORG/202609/PC2026090004421.JPG,24375,980,"기아 더 뉴레이 1.0 가솔린 스탠다드",AT,2022,"SK 경매장",KNACG811BNT277082,F/F
"현대 스타리아 2.2 디젤 투어러 11인승 4WD 모던",0085,700하3246,검정,디젤,https://auction.skcarrental.com/uploadFiles/AU_CAR_IMG_ORG/202609/CO2026090003421.JPG,34,7000,"현대 스타리아 2.2 디젤 투어러 11인승 4WD 모던",AT,2025,"SK 경매장",KMJYB371DSU247489,A/A
"현대 더 뉴아반떼 하이브리드(CN7) 1.6 HEV 모던",0086,192하6950,기타,가솔린하이브리드,https://auction.skcarrental.com/uploadFiles/AU_CAR_IMG_ORG/202609/SR2026090148021.JPG,5255,2060,"현대 더 뉴아반떼 하이브리드(CN7) 1.6 HEV 모던",AT,2024,"SK 경매장",KMHLN41JGRU085009,A/C
"포르쉐 카이엔(3세대) 3.0 V6 쿠페",0087,115호6174,흰색,가솔린,https://auction.skcarrental.com/uploadFiles/AU_CAR_IMG_ORG/202609/CO2026090000621.JPG,52240,7530,"포르쉐 카이엔(3세대) 3.0 V6 쿠페 ",AT,2023,"SK 경매장",WP1BA29Y2PDA38325,A/C
"현대 더 올뉴투싼 하이브리드 1.6 HEV 2WD 인스퍼레이션",0088,245로1475,기타,가솔린하이브리드,https://auction.skcarrental.com/uploadFiles/AU_CAR_IMG_ORG/202609/PC2026090004021.JPG,69425,2200,"현대 더 올뉴투싼 하이브리드 1.6 HEV 2WD 인스퍼레이션",AT,2022,"SK 경매장",KMHJE811BNU031449,A/C
"현대 더 뉴그랜저IG 가솔린 2.5 르블랑",0089,191허5819,검정,가솔린,https://auction.skcarrental.com/uploadFiles/AU_CAR_IMG_ORG/202609/SR2026090168921.JPG,103494,1660,"현대 더 뉴그랜저IG 가솔린 2.5 르블랑",AT,2023,"SK 경매장",KMHF141DBPA506634,A/C
"아우디 A8(4세대) L 55 TFSI 콰트로",0090,115호5283,검정,가솔린,https://auction.skcarrental.com/uploadFiles/AU_CAR_IMG_ORG/202609/CO2026090000421.JPG,78240,5530,"아우디 A8(4세대) L 55 TFSI 콰트로 ",AT,2021,"SK 경매장",WAUZZZF83MN037242,A/B
"현대 더 뉴아반떼 하이브리드(CN7) 1.6 HEV 모던",0091,192허7189,기타,가솔린하이브리드,https://auction.skcarrental.com/uploadFiles/AU_CAR_IMG_ORG/202609/SR2026090175521.JPG,10157,1960,"현대 더 뉴아반떼 하이브리드(CN7) 1.6 HEV 모던",AT,2024,"SK 경매장",KMHLN41JGRU086776,A/C
"기아 더 뉴레이 밴 스탠다드",0092,220거8680,흰색,가솔린,https://auction.skcarrental.com/uploadFiles/AU_CAR_IMG_ORG/202609/PC2026090004921.JPG,115573,380,"기아 더 뉴레이 밴 스탠다드",AT,2022,"SK 경매장",KNACF911BNT297231,B/F
"KG모빌리티(쌍용) 베리 뉴 티볼리 1.5 가솔린 2WD V3",0093,371어7494,기타,가솔린,https://auction.skcarrental.com/uploadFiles/AU_CAR_IMG_ORG/202609/CO2026090001221.JPG,106058,550,"KG모빌리티(쌍용) 베리 뉴 티볼리 1.5 가솔린 2WD V3",AT,2020,"SK 경매장",KPBXH3AT1LP314253,A/C
"현대 더 뉴아반떼 하이브리드(CN7) 1.6 HEV 모던",0094,192허7014,기타,가솔린하이브리드,https://auction.skcarrental.com/uploadFiles/AU_CAR_IMG_ORG/202609/SR2026090148721.JPG,17752,1820,"현대 더 뉴아반떼 하이브리드(CN7) 1.6 HEV 모던",AT,2024,"SK 경매장",KMHLN41JGRU085922,A/B
"쉐보레(대우) 더 뉴스파크 LT",0095,371어7422,흰색,가솔린,https://auction.skcarrental.com/uploadFiles/AU_CAR_IMG_ORG/202609/CO2026090001521.JPG,71037,300,"쉐보레(대우) 더 뉴스파크 LT ",AT,2019,"SK 경매장",KLYDC487DKC240291,F/D
"현대 더 뉴그랜드스타렉스 5인승 디젤 밴 스마트",0096,89루0149,흰색,디젤,https://auction.skcarrental.com/uploadFiles/AU_CAR_IMG_ORG/202608/PC2026080012821.JPG,58744,1330,"현대 더 뉴그랜드스타렉스 5인승 디젤 밴 스마트",AT,2021,"SK 경매장",KMFWBX7KBMU159484,A/F
"현대 아이오닉 5 EV AWD 롱레인지 익스클루시브",0097,29하8097,흰색,전기,https://auction.skcarrental.com/uploadFiles/AU_CAR_IMG_ORG/202609/SR2026090148221.JPG,42526,2260,"현대 아이오닉 5 EV AWD 롱레인지 익스클루시브",AT,2022,"SK 경매장",KMHKN81CPNU056520,A/C
"현대 쏘나타(DN8) L2.0 렌터카 스타일",0098,371어7482,흰색,LPG,https://auction.skcarrental.com/uploadFiles/AU_CAR_IMG_ORG/202609/CO2026090001621.JPG,164192,650,"현대 쏘나타(DN8) L2.0 렌터카 스타일",AT,2020,"SK 경매장",KMHL341DBLA043031,A/D
"기아 K8 하이브리드 HEV 노블레스",0099,190하9413,검정,가솔린하이브리드,https://auction.skcarrental.com/uploadFiles/AU_CAR_IMG_ORG/202609/SR2026090193621.JPG,87615,2360,"기아 K8 하이브리드 HEV 노블레스",AT,2023,"SK 경매장",KNAM2411BPA054339,A/C
"기아 더 뉴레이 밴 프레스티지",0100,220거8611,흰색,가솔린,https://auction.skcarrental.com/uploadFiles/AU_CAR_IMG_ORG/202609/PC2026090005021.JPG,127496,520,"기아 더 뉴레이 밴 프레스티지",AT,2022,"SK 경매장",KNACF911BNT314516,A/C
"현대 아반떼 하이브리드(CN7) HEV 법인전용",0101,190하2942,흰색,가솔린하이브리드,https://auction.skcarrental.com/uploadFiles/AU_CAR_IMG_ORG/202609/SR2026090135121.JPG,55718,1370,"현대 아반떼 하이브리드(CN7) HEV 법인전용",AT,2023,"SK 경매장",KMHLL41JGPU068784,A/D
"KG모빌리티(쌍용) 베리 뉴 티볼리 1.6 디젤 2WD V3",0102,192오6958,기타,디젤,https://auction.skcarrental.com/uploadFiles/AU_CAR_IMG_ORG/202609/CO2026090002021.JPG,143576,550,"KG모빌리티(쌍용) 베리 뉴 티볼리 1.6 디젤 2WD V3",AT,2020,"SK 경매장",KPBXH3AP1LP314134,A/C
"현대 더 뉴아반떼 하이브리드(CN7) 1.6 HEV 모던",0103,192허7183,기타,가솔린하이브리드,https://auction.skcarrental.com/uploadFiles/AU_CAR_IMG_ORG/202609/SR2026090175421.JPG,17385,1870,"현대 더 뉴아반떼 하이브리드(CN7) 1.6 HEV 모던",AT,2024,"SK 경매장",KMHLN41JGRU086762,A/C
"기아 더 뉴레이 밴 스탠다드",0104,220거8690,흰색,가솔린,https://auction.skcarrental.com/uploadFiles/AU_CAR_IMG_ORG/202609/PC2026090005221.JPG,112274,460,"기아 더 뉴레이 밴 스탠다드",AT,2022,"SK 경매장",KNACF911BNT286766,A/F
"기아 더 뉴 K3 1.6 가솔린 프레스티지",0105,191하5171,흰색,가솔린,https://auction.skcarrental.com/uploadFiles/AU_CAR_IMG_ORG/202609/SR2026090147321.JPG,50047,1120,"기아 더 뉴 K3 1.6 가솔린 프레스티지",AT,2022,"SK 경매장",KNAF241BENA945842,A/F
"기아 더 뉴기아 레이 1.0 가솔린 프레스티지",0106,370다9582,흰색,가솔린,https://auction.skcarrental.com/uploadFiles/AU_CAR_IMG_ORG/202610/CO2026100000821.JPG,52039,1090,"기아 더 뉴기아 레이 1.0 가솔린 프레스티지",AT,2023,"SK 경매장",KNACG811BPT322312,A/C
"기아 신형 K5 하이브리드(DL3) 2.0 HEV 노블레스",0107,191하7924,검정,가솔린하이브리드,https://auction.skcarrental.com/uploadFiles/AU_CAR_IMG_ORG/202609/SR2026090139521.JPG,71039,1870,"기아 신형 K5 하이브리드(DL3) 2.0 HEV 노블레스",AT,2023,"SK 경매장",KNAG341JBPA029754,A/C
"기아 더 뉴레이 밴 프레스티지",0108,220거8662,흰색,가솔린,https://auction.skcarrental.com/uploadFiles/AU_CAR_IMG_ORG/202609/PC2026090005321.JPG,124422,550,"기아 더 뉴레이 밴 프레스티지",AT,2022,"SK 경매장",KNACF911BNT314934,A/D
"현대 아이오닉 6 롱레인지 2WD 익스클루시브",0109,09하4818,검정,전기,https://auction.skcarrental.com/uploadFiles/AU_CAR_IMG_ORG/202609/SR2026090194321.JPG,65583,2650,"현대 아이오닉 6 롱레인지 2WD 익스클루시브",AT,2023,"SK 경매장",KMHM341CPPA012472,A/D
"현대 더 뉴아반떼 하이브리드(CN7) 1.6 HEV 모던",0110,192허7075,기타,가솔린하이브리드,https://auction.skcarrental.com/uploadFiles/AU_CAR_IMG_ORG/202609/SR2026090131321.JPG,18288,1920,"현대 더 뉴아반떼 하이브리드(CN7) 1.6 HEV 모던",AT,2024,"SK 경매장",KMHLN41JGRU086229,A/C
"현대 쏘나타(DN8) L2.0 렌터카 스타일",0055,192오6991,흰색,LPG,https://auction.skcarrental.com/uploadFiles/AU_CAR_IMG_ORG/202608/CO2026080014021.JPG,223011,500,"현대 쏘나타(DN8) L2.0 렌터카 스타일",AT,2020,"SK 경매장",KMHL341DBLA031820,A/D
"기아 신형 K5(DL3) 2.0 가솔린 프레스티지",0056,245로1471,검정,가솔린,https://auction.skcarrental.com/uploadFiles/AU_CAR_IMG_ORG/202609/PC2026090002321.JPG,82939,1480,"기아 신형 K5(DL3) 2.0 가솔린 프레스티지",AT,2022,"SK 경매장",KNAG241ABNA163645,A/C
"현대 더 뉴아반떼 하이브리드(CN7) 1.6 HEV 모던",0057,192허7182,기타,가솔린하이브리드,https://auction.skcarrental.com/uploadFiles/AU_CAR_IMG_ORG/202609/SR2026090175321.JPG,24260,1920,"현대 더 뉴아반떼 하이브리드(CN7) 1.6 HEV 모던",AT,2024,"SK 경매장",KMHLN41JGRU086750,A/B
"현대 쏘나타(DN8) L2.0 렌터카 스타일",0058,271서8810,검정,LPG,https://auction.skcarrental.com/uploadFiles/AU_CAR_IMG_ORG/202608/CO2026080013921.JPG,152232,600,"현대 쏘나타(DN8) L2.0 렌터카 스타일",AT,2020,"SK 경매장",KMHL341DBLA022936,F/C
"기아 디 올뉴니로 1.6 HEV 프레스티지",0059,191허7095,검정,가솔린하이브리드,https://auction.skcarrental.com/uploadFiles/AU_CAR_IMG_ORG/202609/SR2026090191921.JPG,90952,1810,"기아 디 올뉴니로 1.6 HEV 프레스티지",AT,2022,"SK 경매장",KNACR81EGNA024162,A/C
"현대 신형 싼타페 2.0T GDi 2WD 익스클루시브",0060,127도8928,흰색,가솔린,https://auction.skcarrental.com/uploadFiles/AU_CAR_IMG_ORG/202609/PC2026090003221.JPG,49874,1610,"현대 신형 싼타페 2.0T GDi 2WD 익스클루시브",AT,2020,"SK 경매장",KMHS281ABLU242248,A/B
"벤츠 E클래스(5세대) 쿠페 E450 4매틱",0061,133보2115,흰색,가솔린,https://auction.skcarrental.com/uploadFiles/AU_CAR_IMG_ORG/202608/CO2026080004821.JPG,60779,3980,"벤츠 E클래스(5세대) 쿠페 E450 4매틱 ",AT,2021,"SK 경매장",W1K1J5KB0MF164869,A/C
"폴스타 폴스타 2 롱레인지 싱글모터",0062,11하1378,흰색,전기,https://auction.skcarrental.com/uploadFiles/AU_CAR_IMG_ORG/202609/SR2026090166421.JPG,34462,2810,"폴스타 폴스타 2 롱레인지 싱글모터",AT,2022,"SK 경매장",YSMVSEGAKNL077919,A/B
"기아 뉴 신형K5 2.0 LPI 렌터카 프레스티지",0063,222머2947,기타,LPG,https://auction.skcarrental.com/uploadFiles/AU_CAR_IMG_ORG/202608/CO2026080014321.JPG,222006,500,"기아 뉴 신형K5 2.0 LPI 렌터카 프레스티지",AT,2020,"SK 경매장",KNAGT416BLA361271,F/F
"기아 스포티지 더 볼드 R2.0 디젤 2WD 프레스티지",0064,61누2794,기타,디젤,https://auction.skcarrental.com/uploadFiles/AU_CAR_IMG_ORG/202609/PC2026090003321.JPG,103072,800,"기아 스포티지 더 볼드 R2.0 디젤 2WD 프레스티지",AT,2019,"SK 경매장",KNAPN813BKK687359,A/D
"현대 쏘나타(DN8) L2.0 렌터카 스타일",0065,271서8821,흰색,LPG,https://auction.skcarrental.com/uploadFiles/AU_CAR_IMG_ORG/202608/CO2026080015321.JPG,118462,600,"현대 쏘나타(DN8) L2.0 렌터카 스타일",AT,2020,"SK 경매장",KMHL341DBLA006276,F/F
"기아 K8 하이브리드 HEV 노블레스",0066,191호2640,흰색,가솔린하이브리드,https://auction.skcarrental.com/uploadFiles/AU_CAR_IMG_ORG/202609/SR2026090155221.JPG,48212,2610,"기아 K8 하이브리드 HEV 노블레스",AT,2024,"SK 경매장",KNAM2411BRA066174,A/C
"현대 아이오닉 6 롱레인지 AWD 익스클루시브 플러스",0067,04가2165,기타,전기,https://auction.skcarrental.com/uploadFiles/AU_CAR_IMG_ORG/202608/CO2026080024521.JPG,54071,2290,"현대 아이오닉 6 롱레인지 AWD 익스클루시브 플러스",AT,2023,"SK 경매장",KMHM341CPPA010024,A/B
"현대 더 뉴그랜저IG 가솔린 2.5 프리미엄 초이스",0068,245로1436,검정,가솔린,https://auction.skcarrental.com/uploadFiles/AU_CAR_IMG_ORG/202609/PC2026090003821.JPG,108070,1450,"현대 더 뉴그랜저IG 가솔린 2.5 프리미엄 초이스",AT,2020,"SK 경매장",KMHF141DBLA377542,A/F
"기아 더 뉴기아 레이 1.0 가솔린 스탠다드",0069,191허8812,흰색,가솔린,https://auction.skcarrental.com/uploadFiles/AU_CAR_IMG_ORG/202609/SR2026090193321.JPG,99240,870,"기아 더 뉴기아 레이 1.0 가솔린 스탠다드",AT,2023,"SK 경매장",KNACF811BPT336314,A/F
"현대 더 뉴아반떼 하이브리드(CN7) 1.6 HEV 모던",0070,192허7181,기타,가솔린하이브리드,https://auction.skcarrental.com/uploadFiles/AU_CAR_IMG_ORG/202609/SR2026090184021.JPG,8218,2060,"현대 더 뉴아반떼 하이브리드(CN7) 1.6 HEV 모던",AT,2024,"SK 경매장",KMHLN41JGRU086747,A/B
"현대 아이오닉 6 롱레인지 2WD 익스클루시브 플러스",0071,33수8828,기타,전기,https://auction.skcarrental.com/uploadFiles/AU_CAR_IMG_ORG/202608/CO2026080017021.JPG,67204,2260,"현대 아이오닉 6 롱레인지 2WD 익스클루시브 플러스",AT,2023,"SK 경매장",KMHM341AFPA010888,A/D
"기아 더 뉴 K3 1.6 가솔린 트렌디",0072,125너4521,흰색,가솔린,https://auction.skcarrental.com/uploadFiles/AU_CAR_IMG_ORG/202609/PC2026090009921.JPG,100157,860,"기아 더 뉴 K3 1.6 가솔린 트렌디",AT,2023,"SK 경매장",KNAF141BEPA958268,A/C
"현대 쏘나타(DN8) L2.0 렌터카 스타일",0073,192오6984,검정,LPG,https://auction.skcarrental.com/uploadFiles/AU_CAR_IMG_ORG/202608/CO2026080014521.JPG,186247,550,"현대 쏘나타(DN8) L2.0 렌터카 스타일",AT,2020,"SK 경매장",KMHL341DBLA012112,A/F
"현대 아반떼 하이브리드(CN7) HEV 법인전용",0074,190하6842,흰색,가솔린하이브리드,https://auction.skcarrental.com/uploadFiles/AU_CAR_IMG_ORG/202609/SR2026090146821.JPG,77287,1320,"현대 아반떼 하이브리드(CN7) HEV 법인전용",AT,2023,"SK 경매장",KMHLL41JGPU058806,B/B
"벤츠 S클래스(7세대) S500L 4매틱",0075,161호5366,검정,가솔린,https://auction.skcarrental.com/uploadFiles/AU_CAR_IMG_ORG/202609/CO2026090000121.JPG,109518,6480,"벤츠 S클래스(7세대) S500L 4매틱 ",AT,2022,"SK 경매장",W1K6G6DB1NA165695,A/C
"현대 넥쏘 FCEV 프리미엄",0076,50나7958,흰색,수소/전기차,https://auction.skcarrental.com/uploadFiles/AU_CAR_IMG_ORG/202609/PC2026090000521.JPG,73102,1810,"현대 넥쏘 FCEV 프리미엄",AT,2023,"SK 경매장",KMHJ8816FPU028789,A/C
"기아 신형 카니발(KA4) 9인승 디젤 프레스티지",0077,167허5556,검정,디젤,https://auction.skcarrental.com/uploadFiles/AU_CAR_IMG_ORG/202608/CO2026080025021.JPG,142901,1560,"기아 신형 카니발(KA4) 9인승 디젤 프레스티지",AT,2021,"SK 경매장",KNANB81BBMS117678,A/D
"현대 더 뉴그랜저IG 하이브리드 2.4 HEV 르블랑",0078,191허6566,검정,가솔린하이브리드,https://auction.skcarrental.com/uploadFiles/AU_CAR_IMG_ORG/202609/SR2026090174021.JPG,88894,1870,"현대 더 뉴그랜저IG 하이브리드 2.4 HEV 르블랑",AT,2023,"SK 경매장",KMHF1413BPA152079,A/C
"현대 아반떼(CN7) 1.6 가솔린 모던",0079,191허3235,기타,가솔린,https://auction.skcarrental.com/uploadFiles/AU_CAR_IMG_ORG/202609/SR2026090191221.JPG,119346,1150,"현대 아반떼(CN7) 1.6 가솔린 모던",AT,2023,"SK 경매장",KMHLM41EEPU374754,A/D
"기아 더 뉴기아 레이 1.0 가솔린 프레스티지",0080,322누8796,흰색,가솔린,https://auction.skcarrental.com/uploadFiles/AU_CAR_IMG_ORG/202609/PC2026090004321.JPG,113678,1030,"기아 더 뉴기아 레이 1.0 가솔린 프레스티지",AT,2023,"SK 경매장",KNACG811BPT344538,A/C
"벤츠 S클래스(7세대) S580L 4매틱",0081,115호4577,검정,가솔린,https://auction.skcarrental.com/uploadFiles/AU_CAR_IMG_ORG/202609/CO2026090000221.JPG,88564,6380,"벤츠 S클래스(7세대) S580L 4매틱 ",AT,2021,"SK 경매장",W1K6G7GB0MA064390,A/B
"현대 아반떼(CN7) 1.6 가솔린 모던",0082,124하5610,흰색,가솔린,https://auction.skcarrental.com/uploadFiles/AU_CAR_IMG_ORG/202609/SR2026090161321.JPG,160009,790,"현대 아반떼(CN7) 1.6 가솔린 모던",AT,2021,"SK 경매장",KMHLM41EEMU153636,A/F
"현대 스타리아 2.2 디젤 투어러 11인승 2WD 모던",0027,721하5050,기타,디젤,https://auction.skcarrental.com/uploadFiles/AU_CAR_IMG_ORG/202609/SR2026090201521.JPG,21909,2160,"현대 스타리아 2.2 디젤 투어러 11인승 2WD 모던",AT,2023,"SK 경매장",KMJYB371BPU077060,A/C
"기아 신형 K5(DL3) 1.6 가솔린 터보 시그니처",0028,245로1492,기타,가솔린,https://auction.skcarrental.com/uploadFiles/AU_CAR_IMG_ORG/202608/PC2026080008921.JPG,141871,1330,"기아 신형 K5(DL3) 1.6 가솔린 터보 시그니처",AT,2023,"SK 경매장",KNAG3412BPA205067,B/B
"KG모빌리티(쌍용) 토레스 1.5 GDI-T 2WD T7",0029,190허9098,검정,가솔린,https://auction.skcarrental.com/uploadFiles/AU_CAR_IMG_ORG/202609/SR2026090189821.JPG,98288,1200,"KG모빌리티(쌍용) 토레스 1.5 GDI-T 2WD T7",AT,2023,"SK 경매장",KPBPH3AT1PP000870,A/C
"현대 캐스퍼 가솔린 1.0 인스퍼레이션",0030,191허6972,흰색,가솔린,https://auction.skcarrental.com/uploadFiles/AU_CAR_IMG_ORG/202609/SR2026090201121.JPG,18187,1250,"현대 캐스퍼 가솔린 1.0 인스퍼레이션",AT,2023,"SK 경매장",KMHB5518BPW039916,A/C
"현대 아반떼(CN7) 1.6 가솔린 스마트",0031,170하3382,기타,가솔린,https://auction.skcarrental.com/uploadFiles/AU_CAR_IMG_ORG/202609/SR2026090202221.JPG,24887,1020,"현대 아반떼(CN7) 1.6 가솔린 스마트",AT,2021,"SK 경매장",KMHLL41EEMU121517,A/C
"기아 신형 K5(DL3) 2.0 가솔린 프레스티지",0032,153주5426,흰색,가솔린,https://auction.skcarrental.com/uploadFiles/AU_CAR_IMG_ORG/202608/PC2026080009721.JPG,62884,1490,"기아 신형 K5(DL3) 2.0 가솔린 프레스티지",AT,2021,"SK 경매장",KNAG241ABMA137210,A/C
"기아 셀토스 1.6 가솔린 2WD 프레스티지",0033,191하5781,기타,가솔린,https://auction.skcarrental.com/uploadFiles/AU_CAR_IMG_ORG/202609/SR2026090204521.JPG,61470,1400,"기아 셀토스 1.6 가솔린 2WD 프레스티지",AT,2023,"SK 경매장",KNAER812GPK364240,A/D
"현대 더 뉴아반떼 하이브리드(CN7) 1.6 HEV 모던",0034,192허7167,기타,가솔린하이브리드,https://auction.skcarrental.com/uploadFiles/AU_CAR_IMG_ORG/202609/SR2026090140121.JPG,10751,1960,"현대 더 뉴아반떼 하이브리드(CN7) 1.6 HEV 모던",AT,2024,"SK 경매장",KMHLN41JGRU086950,A/B
"기아 디 올뉴스포티지 1.6 가솔린 2WD 프레스티지",0035,370다9547,검정,가솔린,https://auction.skcarrental.com/uploadFiles/AU_CAR_IMG_ORG/202610/CO2026100000421.JPG,121520,1620,"기아 디 올뉴스포티지 1.6 가솔린 2WD 프레스티지",AT,2023,"SK 경매장",KNAPU81BGPK105951,A/D
"기아 디 올뉴니로 1.6 HEV 트렌디",0036,245로1449,기타,가솔린하이브리드,https://auction.skcarrental.com/uploadFiles/AU_CAR_IMG_ORG/202608/PC2026080008121.JPG,54084,1420,"기아 디 올뉴니로 1.6 HEV 트렌디",AT,2022,"SK 경매장",KNACP81EGNA024381,F/C
"기아 뉴 신형K5 2.0 LPI 렌터카 럭셔리",0037,192오6987,흰색,LPG,https://auction.skcarrental.com/uploadFiles/AU_CAR_IMG_ORG/202608/CO2026080006821.JPG,127816,450,"기아 뉴 신형K5 2.0 LPI 렌터카 럭셔리",AT,2020,"SK 경매장",KNAGS416BLA376221,F/C
"기아 니로 EV 노블레스",0038,29하6217,기타,전기,https://auction.skcarrental.com/uploadFiles/AU_CAR_IMG_ORG/250001/SR2500010623721.JPG,45882,1550,"기아 니로 EV 노블레스 ",AT,2022,"SK 경매장",KNACB81GFNA126626,A/C
"기아 더 뉴기아 레이 2인승 밴 프레스티지",0039,191허8802,흰색,가솔린,https://auction.skcarrental.com/uploadFiles/AU_CAR_IMG_ORG/202609/SR2026090188821.JPG,102377,670,"기아 더 뉴기아 레이 2인승 밴 프레스티지",AT,2023,"SK 경매장",KNACG911BPT335798,A/C
"제네시스 더 올뉴G80 가솔린 2.5 AWD 기본형",0040,270머5508,검정,가솔린,https://auction.skcarrental.com/uploadFiles/AU_CAR_IMG_ORG/202608/PC2026080010821.JPG,60893,3510,"제네시스 더 올뉴G80 가솔린 2.5 AWD 기본형",AT,2022,"SK 경매장",,A/B
"기아 신형 카니발(KA4) 9인승 디젤 프레스티지",0041,348노5657,흰색,디젤,https://auction.skcarrental.com/uploadFiles/AU_CAR_IMG_ORG/202608/CO2026080006221.JPG,102717,1570,"기아 신형 카니발(KA4) 9인승 디젤 프레스티지",AT,2023,"SK 경매장",KNANB81BBPS270572,A/C
"현대 쏘나타 디 엣지 LPG 2.0 렌터카 비지니스 1",0042,191하8118,기타,LPG,https://auction.skcarrental.com/uploadFiles/AU_CAR_IMG_ORG/202609/SR2026090139321.JPG,91286,1370,"현대 쏘나타 디 엣지 LPG 2.0 렌터카 비지니스 1",AT,2024,"SK 경매장",KMHL341DBRA324630,B/F
"기아 더 뉴카니발 9인승 디젤 노블레스 스페셜",0043,167호3929,기타,디젤,https://auction.skcarrental.com/uploadFiles/AU_CAR_IMG_ORG/202608/CO2026080009821.JPG,136846,980,"기아 더 뉴카니발 9인승 디젤 노블레스 스페셜",AT,2020,"SK 경매장",KNAME81ABLS672971,B/D
"제네시스 더 올뉴G80 가솔린 2.5 AWD 기본형",0044,361나2391,기타,가솔린,https://auction.skcarrental.com/uploadFiles/AU_CAR_IMG_ORG/202608/PC2026080010721.JPG,92325,2980,"제네시스 더 올뉴G80 가솔린 2.5 AWD 기본형",AT,2022,"SK 경매장",,A/C
"현대 더 뉴아반떼 하이브리드(CN7) 1.6 HEV 모던",0045,174호6145,흰색,가솔린하이브리드,https://auction.skcarrental.com/uploadFiles/AU_CAR_IMG_ORG/202608/CO2026080008021.JPG,170548,1360,"현대 더 뉴아반떼 하이브리드(CN7) 1.6 HEV 모던",AT,2024,"SK 경매장",KMHLN41JGRU079214,A/D
"테슬라 모델 3 EV AWD 롱 레인지",0046,02하9763,검정,전기,https://auction.skcarrental.com/uploadFiles/AU_CAR_IMG_ORG/202609/SR2026090173321.JPG,88865,3110,"테슬라 모델 3 EV AWD 롱 레인지",AT,2022,"SK 경매장",5YJ3E1EB5NF148975,A/B
"기아 올 뉴모닝(JA) 가솔린 디럭스",0047,371어7492,기타,가솔린,https://auction.skcarrental.com/uploadFiles/AU_CAR_IMG_ORG/202608/CO2026080012721.JPG,149818,350,"기아 올 뉴모닝(JA) 가솔린 디럭스",AT,2020,"SK 경매장",KNAB6511BLT553593,A/D
"현대 쏘나타(DN8) G2.0 프리미엄 플러스",0048,153주5476,검정,가솔린,https://auction.skcarrental.com/uploadFiles/AU_CAR_IMG_ORG/202608/PC2026080002321.JPG,118673,1100,"현대 쏘나타(DN8) G2.0 프리미엄 플러스",AT,2022,"SK 경매장",KMHL141EBNA191250,A/C
"기아 K8 2.5 GDI 노블레스",0049,190허7620,기타,가솔린,https://auction.skcarrental.com/uploadFiles/AU_CAR_IMG_ORG/202609/SR2026090192421.JPG,72358,1900,"기아 K8 2.5 GDI 노블레스",AT,2022,"SK 경매장",KNAM241BBNA027431,A/C
"벤츠 AMG GT 43 4매틱+",0050,296노1094,기타,가솔린,https://auction.skcarrental.com/uploadFiles/AU_CAR_IMG_ORG/202608/CO2026080009921.JPG,66684,5080,"벤츠 AMG GT 43 4매틱+ ",AT,2021,"SK 경매장",W1K7X5KB9MA040959,A/B
"기아 디 올뉴니로EV 에어",0051,17허7586,흰색,전기,https://auction.skcarrental.com/uploadFiles/AU_CAR_IMG_ORG/202610/SR2026100000521.JPG,22868,2060,"기아 디 올뉴니로EV 에어 ",AT,2023,"SK 경매장",KNACP811FPA012579,A/B
"기아 신형쏘렌토(MQ4) 2.5 가솔린 4WD 시그니처",0052,245로1470,검정,가솔린,https://auction.skcarrental.com/uploadFiles/AU_CAR_IMG_ORG/202609/PC2026090001421.JPG,115832,2190,"기아 신형쏘렌토(MQ4) 2.5 가솔린 4WD 시그니처",AT,2023,"SK 경매장",KNARM81FHPA173181,A/C
"현대 쏘나타(DN8) L2.0 렌터카 스마트",0053,379두6807,기타,LPG,https://auction.skcarrental.com/uploadFiles/AU_CAR_IMG_ORG/202608/CO2026080011921.JPG,251381,550,"현대 쏘나타(DN8) L2.0 렌터카 스마트",AT,2020,"SK 경매장",KMHL341DBLA023289,F/F
"현대 더 뉴그랜저IG 가솔린 2.5 프리미엄",0054,191하4398,검정,가솔린,https://auction.skcarrental.com/uploadFiles/AU_CAR_IMG_ORG/202609/SR2026090163121.JPG,38068,1820,"현대 더 뉴그랜저IG 가솔린 2.5 프리미엄",AT,2023,"SK 경매장",KMHF141DBPA520114,A/C
"현대 더 뉴아반떼 하이브리드(CN7) 1.6 HEV 모던",0001,192허7092,기타,가솔린하이브리드,https://auction.skcarrental.com/uploadFiles/AU_CAR_IMG_ORG/202609/SR2026090138421.JPG,11676,1960,"현대 더 뉴아반떼 하이브리드(CN7) 1.6 HEV 모던",AT,2024,"SK 경매장",KMHLN41JGRU086112,A/C
"KG모빌리티(쌍용) 베리 뉴 티볼리 1.5 가솔린 2WD V3",0002,162허5308,기타,가솔린,https://auction.skcarrental.com/uploadFiles/AU_CAR_IMG_ORG/202609/SR2026090141321.JPG,112037,670,"KG모빌리티(쌍용) 베리 뉴 티볼리 1.5 가솔린 2WD V3",AT,2021,"SK 경매장",KPBXH3AT1MP338315,A/C
"현대 아이오닉 5 EV 2WD 롱레인지 프레스티지",0003,49호8258,기타,전기,https://auction.skcarrental.com/uploadFiles/AU_CAR_IMG_ORG/202609/SR2026090153621.JPG,62105,2310,"현대 아이오닉 5 EV 2WD 롱레인지 프레스티지",AT,2022,"SK 경매장",KMHKR81AFNU029284,A/B
"현대 아반떼(CN7) 1.6 가솔린 모던",0004,191하4183,흰색,가솔린,https://auction.skcarrental.com/uploadFiles/AU_CAR_IMG_ORG/202609/SR2026090142621.JPG,60797,1250,"현대 아반떼(CN7) 1.6 가솔린 모던",AT,2023,"SK 경매장",KMHLM41EEPU427145,A/C
"현대 디 올뉴그랜저 가솔린 2.5 익스클루시브",0005,192허8297,검정,가솔린,https://auction.skcarrental.com/uploadFiles/AU_CAR_IMG_ORG/202609/SR2026090163321.JPG,12915,2770,"현대 디 올뉴그랜저 가솔린 2.5 익스클루시브",AT,2023,"SK 경매장",KMHN241DBPA058692,A/D
"현대 스타리아 2.2 디젤 카고 3인승 모던",0006,85버4602,흰색,디젤,https://auction.skcarrental.com/uploadFiles/AU_CAR_IMG_ORG/202609/SR2026090154021.JPG,206885,1570,"현대 스타리아 2.2 디젤 카고 3인승 모던",AT,2022,"SK 경매장",KMFYDX71BNU025895,A/F
"테슬라 모델 Y RWD",0007,34하9148,흰색,전기,https://auction.skcarrental.com/uploadFiles/AU_CAR_IMG_ORG/202609/SR2026090166621.JPG,46057,3210,"테슬라 모델 Y RWD ",AT,2023,"SK 경매장",LRWYGCFS7PC075227,A/C
"현대 아반떼 하이브리드(CN7) HEV 법인전용",0008,190하4847,흰색,가솔린하이브리드,https://auction.skcarrental.com/uploadFiles/AU_CAR_IMG_ORG/202609/SR2026090153421.JPG,27712,1420,"현대 아반떼 하이브리드(CN7) HEV 법인전용",AT,2023,"SK 경매장",KMHLL41JGPU063040,A/C
"현대 쏘나타 디 엣지 LPG 2.0 렌터카 비지니스 1",0009,191하8122,기타,LPG,https://auction.skcarrental.com/uploadFiles/AU_CAR_IMG_ORG/202609/SR2026090139421.JPG,107783,1370,"현대 쏘나타 디 엣지 LPG 2.0 렌터카 비지니스 1",AT,2024,"SK 경매장",KMHL341DBRA324703,B/F
"르노(삼성) 뉴 QM6 2.0 LPe LE",0010,191하4184,기타,LPG,https://auction.skcarrental.com/uploadFiles/AU_CAR_IMG_ORG/202609/SR2026090145121.JPG,75453,1170,"르노(삼성) 뉴 QM6 2.0 LPe LE",AT,2023,"SK 경매장",KNME5C2C1PP085528,A/F
"현대 아반떼(CN7) 1.6 가솔린 모던",0011,124하5631,흰색,가솔린,https://auction.skcarrental.com/uploadFiles/AU_CAR_IMG_ORG/202609/SR2026090150021.JPG,146657,780,"현대 아반떼(CN7) 1.6 가솔린 모던",AT,2021,"SK 경매장",KMHLM41EEMU152687,A/D
"기아 더 뉴 K3 1.6 가솔린 프레스티지",0012,191하3061,흰색,가솔린,https://auction.skcarrental.com/uploadFiles/AU_CAR_IMG_ORG/202609/SR2026090158021.JPG,102371,970,"기아 더 뉴 K3 1.6 가솔린 프레스티지",AT,2023,"SK 경매장",KNAF241BEPA951892,A/D
"기아 신형 K5(DL3) 2.0 가솔린 노블레스",0013,190하5193,검정,가솔린,https://auction.skcarrental.com/uploadFiles/AU_CAR_IMG_ORG/202609/SR2026090151321.JPG,48037,1470,"기아 신형 K5(DL3) 2.0 가솔린 노블레스",AT,2023,"SK 경매장",KNAG341ABPA203977,F/C
"기아 디 올뉴니로EV 에어",0014,17허7573,흰색,전기,https://auction.skcarrental.com/uploadFiles/AU_CAR_IMG_ORG/202610/SR2026100000921.JPG,107504,1500,"기아 디 올뉴니로EV 에어 ",AT,2023,"SK 경매장",KNACP811FPA012558,A/C
"현대 아반떼(CN7) 1.6 가솔린 법인전용",0015,231하3925,흰색,가솔린,https://auction.skcarrental.com/uploadFiles/AU_CAR_IMG_ORG/202609/SR2026090169421.JPG,113075,850,"현대 아반떼(CN7) 1.6 가솔린 법인전용",AT,2022,"SK 경매장",KMHLL41EENU322824,B/D
"현대 디 올뉴그랜저 하이브리드 1.6 하이브리드 익스클루시브",0016,191호7403,기타,가솔린하이브리드,https://auction.skcarrental.com/uploadFiles/AU_CAR_IMG_ORG/202609/SR2026090161021.JPG,47488,2860,"현대 디 올뉴그랜저 하이브리드 1.6 하이브리드 익스클루시브",AT,2023,"SK 경매장",KMHN2411BPA028819,A/C
"현대 아반떼 하이브리드(CN7) HEV 법인전용",0017,190하4253,흰색,가솔린하이브리드,https://auction.skcarrental.com/uploadFiles/AU_CAR_IMG_ORG/202609/SR2026090160921.JPG,88295,1320,"현대 아반떼 하이브리드(CN7) HEV 법인전용",AT,2023,"SK 경매장",KMHLL41JGPU059674,A/C
"기아 디 올뉴니로EV 에어",0018,17허7544,흰색,전기,https://auction.skcarrental.com/uploadFiles/AU_CAR_IMG_ORG/202610/SR2026100001121.JPG,20321,1870,"기아 디 올뉴니로EV 에어 ",AT,2023,"SK 경매장",KNACP811FPA012353,B/C
"제네시스 더 올뉴G80 가솔린 2.5 AWD 기본형",0019,191호5272,검정,가솔린,https://auction.skcarrental.com/uploadFiles/AU_CAR_IMG_ORG/202609/SR2026090190621.JPG,85707,2800,"제네시스 더 올뉴G80 가솔린 2.5 AWD 기본형",AT,2022,"SK 경매장",KMTGB41CDNU160045,A/B
"기아 더 뉴 K3 1.6 가솔린 트렌디",0020,125너4547,흰색,가솔린,https://auction.skcarrental.com/uploadFiles/AU_CAR_IMG_ORG/202609/PC2026090010021.JPG,85482,870,"기아 더 뉴 K3 1.6 가솔린 트렌디",AT,2023,"SK 경매장",KNAF141BEPA958271,B/F
"현대 아이오닉 5 EV AWD 롱레인지 익스클루시브",0021,10하7096,기타,전기,https://auction.skcarrental.com/uploadFiles/AU_CAR_IMG_ORG/202609/SR2026090201421.JPG,101440,1960,"현대 아이오닉 5 EV AWD 롱레인지 익스클루시브",AT,2023,"SK 경매장",KMHKN81FPPU128766,A/B
"기아 더 뉴기아 레이 1.0 가솔린 스탠다드",0022,191하4466,기타,가솔린,https://auction.skcarrental.com/uploadFiles/AU_CAR_IMG_ORG/202609/SR2026090144321.JPG,93988,770,"기아 더 뉴기아 레이 1.0 가솔린 스탠다드",AT,2023,"SK 경매장",KNACF811BPT324713,F/C
"기아 EV6 롱 레인지 2WD 에어",0023,11하3536,기타,전기,https://auction.skcarrental.com/uploadFiles/AU_CAR_IMG_ORG/202609/SR2026090201821.JPG,66221,2330,"기아 EV6 롱 레인지 2WD 에어",AT,2023,"SK 경매장",KNAC281AFPA107522,A/C
"기아 스포티지 더 볼드 1.6 디젤 2WD 프레스티지",0024,245로1419,기타,디젤,https://auction.skcarrental.com/uploadFiles/AU_CAR_IMG_ORG/202608/PC2026080008721.JPG,170382,830,"기아 스포티지 더 볼드 1.6 디젤 2WD 프레스티지",AT,2022,"SK 경매장",KNAP6812GNK984028,A/D
"쉐보레(대우) 더 뉴스파크 LT",0025,191허5585,흰색,가솔린,https://auction.skcarrental.com/uploadFiles/AU_CAR_IMG_ORG/202609/SR2026090201921.JPG,106829,370,"쉐보레(대우) 더 뉴스파크 LT ",AT,2022,"SK 경매장",KLYDC487DNC030844,A/F
"현대 더 뉴아반떼(CN7) 가솔린 1.6 모던",0026,192하7267,기타,가솔린,https://auction.skcarrental.com/uploadFiles/AU_CAR_IMG_ORG/202609/SR2026090142921.JPG,83226,1370,"현대 더 뉴아반떼(CN7) 가솔린 1.6 모던",AT,2024,"SK 경매장",KMHLN41EERU622899,B/D
